type,key,spanish,english,license,attribution,modified
quiz-gustar,1,A la niña pequeña no le gusta usar zapatos.,The little girl doesn't like to wear shoes.,CC BY 2.0 France,CC-BY 2.0 (France) Attribution: tatoeba.org #682392 (Source_VOA) & #684559 (Shishir),false
quiz-gustar,2,Me gustan los conciertos de rock.,I like rock concerts.,CC BY 4.0,Spanish Editorial Learning; original project content; https://creativecommons.org/licenses/by/4.0/,true
quiz-gustar,3,¿Te gusta viajar en tren?,Do you like travelling by train?,CC BY 4.0,Spanish Editorial Learning; original project content; https://creativecommons.org/licenses/by/4.0/,true
quiz-gustar,4,Nos gusta esta canción española.,We like this Spanish song.,CC BY 4.0,Spanish Editorial Learning; original project content; https://creativecommons.org/licenses/by/4.0/,true
quiz-gustar,5,A mis padres les gustan las ciudades pequeñas.,My parents like small towns.,CC BY 4.0,Spanish Editorial Learning; original project content; https://creativecommons.org/licenses/by/4.0/,true
quiz-gustar,6,No le gusta levantarse temprano.,He or she does not like getting up early.,CC BY 4.0,Spanish Editorial Learning; original project content; https://creativecommons.org/licenses/by/4.0/,true
quiz-gustar,7,A Juan le gusta la comida picante.,Juan likes spicy food.,CC BY 4.0,Spanish Editorial Learning; original project content; https://creativecommons.org/licenses/by/4.0/,true
quiz-gustar,8,¿A ustedes les gustan estos ejercicios?,Do you all like these exercises?,CC BY 4.0,Spanish Editorial Learning; original project content; https://creativecommons.org/licenses/by/4.0/,true
quiz-gustar,9,Les gusta caminar por la montaña.,They like walking in the mountains.,CC BY 4.0,Spanish Editorial Learning; original project content; https://creativecommons.org/licenses/by/4.0/,true
quiz-gustar,10,A mí me gustan las películas antiguas.,I like old films.,CC BY 4.0,Spanish Editorial Learning; original project content; https://creativecommons.org/licenses/by/4.0/,true
quiz-gustar,11,A Laura le gusta bailar salsa.,Laura likes dancing salsa.,CC BY 4.0,Spanish Editorial Learning; original project content; https://creativecommons.org/licenses/by/4.0/,true
quiz-gustar,12,No nos gustan los hoteles grandes.,We do not like large hotels.,CC BY 4.0,Spanish Editorial Learning; original project content; https://creativecommons.org/licenses/by/4.0/,true
quiz-gustar,13,¿Le gusta esta chaqueta azul?,Does he or she like this blue jacket?,CC BY 4.0,Spanish Editorial Learning; original project content; https://creativecommons.org/licenses/by/4.0/,true
quiz-gustar,14,A los niños les gustan los cuentos cortos.,The children like short stories.,CC BY 4.0,Spanish Editorial Learning; original project content; https://creativecommons.org/licenses/by/4.0/,true
quiz-gustar,15,Te gusta cocinar para tus amigos.,You like cooking for your friends.,CC BY 4.0,Spanish Editorial Learning; original project content; https://creativecommons.org/licenses/by/4.0/,true
quiz-gustar,16,Me gusta la música en directo.,I like live music.,CC BY 4.0,Spanish Editorial Learning; original project content; https://creativecommons.org/licenses/by/4.0/,true
quiz-gustar,17,A Pedro y Ana les gustan las rutas en bicicleta.,Pedro and Ana like cycling routes.,CC BY 4.0,Spanish Editorial Learning; original project content; https://creativecommons.org/licenses/by/4.0/,true
quiz-gustar,18,Nos gusta aprender idiomas.,We like learning languages.,CC BY 4.0,Spanish Editorial Learning; original project content; https://creativecommons.org/licenses/by/4.0/,true
quiz-gustar,19,¿Les gusta el nuevo restaurante?,Do they like the new restaurant?,CC BY 4.0,Spanish Editorial Learning; original project content; https://creativecommons.org/licenses/by/4.0/,true
quiz-gustar,20,No te gustan estas botas negras.,You do not like these black boots.,CC BY 4.0,Spanish Editorial Learning; original project content; https://creativecommons.org/licenses/by/4.0/,true
quiz-gustar,21,A usted le gusta leer antes de dormir.,You like reading before going to sleep.,CC BY 4.0,Spanish Editorial Learning; original project content; https://creativecommons.org/licenses/by/4.0/,true
quiz-gustar,22,Me gustan los domingos tranquilos.,I like quiet Sundays.,CC BY 4.0,Spanish Editorial Learning; original project content; https://creativecommons.org/licenses/by/4.0/,true
quiz-gustar,23,A Carlos le gusta la cerveza checa.,Carlos likes Czech beer.,CC BY 4.0,Spanish Editorial Learning; original project content; https://creativecommons.org/licenses/by/4.0/,true
quiz-gustar,24,Nos gustan las excursiones largas.,We like long excursions.,CC BY 4.0,Spanish Editorial Learning; original project content; https://creativecommons.org/licenses/by/4.0/,true
quiz-gustar,25,¿Te gusta trabajar desde casa?,Do you like working from home?,CC BY 4.0,Spanish Editorial Learning; original project content; https://creativecommons.org/licenses/by/4.0/,true
quiz-gustar,26,A ellas les gusta este barrio.,They like this neighbourhood.,CC BY 4.0,Spanish Editorial Learning; original project content; https://creativecommons.org/licenses/by/4.0/,true
quiz-gustar,27,No me gustan los vuelos nocturnos.,I do not like night flights.,CC BY 4.0,Spanish Editorial Learning; original project content; https://creativecommons.org/licenses/by/4.0/,true
quiz-gustar,28,A Pablo le gusta nadar en el mar.,Pablo likes swimming in the sea.,CC BY 4.0,Spanish Editorial Learning; original project content; https://creativecommons.org/licenses/by/4.0/,true
quiz-gustar,29,¿A ustedes les gusta la paella?,Do you all like paella?,CC BY 4.0,Spanish Editorial Learning; original project content; https://creativecommons.org/licenses/by/4.0/,true
quiz-gustar,30,Les gustan estas fotografías.,They like these photographs.,CC BY 4.0,Spanish Editorial Learning; original project content; https://creativecommons.org/licenses/by/4.0/,true
quiz-gustar,31,A nosotros nos gusta salir los viernes.,We like going out on Fridays.,CC BY 4.0,Spanish Editorial Learning; original project content; https://creativecommons.org/licenses/by/4.0/,true
quiz-gustar,32,Te gusta el clima de España.,You like Spain's climate.,CC BY 4.0,Spanish Editorial Learning; original project content; https://creativecommons.org/licenses/by/4.0/,true
quiz-gustar,33,A Sofía le gustan los libros de historia.,Sofía likes history books.,CC BY 4.0,Spanish Editorial Learning; original project content; https://creativecommons.org/licenses/by/4.0/,true
quiz-gustar,34,Me gusta conducir por carreteras tranquilas.,I like driving on quiet roads.,CC BY 4.0,Spanish Editorial Learning; original project content; https://creativecommons.org/licenses/by/4.0/,true
quiz-gustar,35,¿Le gustan las clases de español?,Does he or she like Spanish classes?,CC BY 4.0,Spanish Editorial Learning; original project content; https://creativecommons.org/licenses/by/4.0/,true
quiz-gustar,36,Me encanta esta banda.,I love this band.,CC BY 4.0,Spanish Editorial Learning; original project content; https://creativecommons.org/licenses/by/4.0/,true
quiz-gustar,37,A Elena le encantan los mercados locales.,Elena loves local markets.,CC BY 4.0,Spanish Editorial Learning; original project content; https://creativecommons.org/licenses/by/4.0/,true
quiz-gustar,38,Nos encanta viajar sin prisa.,We love travelling without rushing.,CC BY 4.0,Spanish Editorial Learning; original project content; https://creativecommons.org/licenses/by/4.0/,true
quiz-gustar,39,¿Te encantan estas tapas?,Do you love these tapas?,CC BY 4.0,Spanish Editorial Learning; original project content; https://creativecommons.org/licenses/by/4.0/,true
quiz-gustar,40,A los niños les encanta el chocolate.,The children love chocolate.,CC BY 4.0,Spanish Editorial Learning; original project content; https://creativecommons.org/licenses/by/4.0/,true
quiz-gustar,41,Le encanta bailar flamenco.,He or she loves dancing flamenco.,CC BY 4.0,Spanish Editorial Learning; original project content; https://creativecommons.org/licenses/by/4.0/,true
quiz-gustar,42,A ustedes les encantan las playas del norte.,You all love the northern beaches.,CC BY 4.0,Spanish Editorial Learning; original project content; https://creativecommons.org/licenses/by/4.0/,true
quiz-gustar,43,A mí me encanta la guitarra eléctrica.,I love the electric guitar.,CC BY 4.0,Spanish Editorial Learning; original project content; https://creativecommons.org/licenses/by/4.0/,true
quiz-gustar,44,Les encanta hacer senderismo.,They love hiking.,CC BY 4.0,Spanish Editorial Learning; original project content; https://creativecommons.org/licenses/by/4.0/,true
quiz-gustar,45,¿Nos encantan los pueblos blancos?,Do we love the white villages?,CC BY 4.0,Spanish Editorial Learning; original project content; https://creativecommons.org/licenses/by/4.0/,true
quiz-gustar,46,A Julia le encanta esta novela.,Julia loves this novel.,CC BY 4.0,Spanish Editorial Learning; original project content; https://creativecommons.org/licenses/by/4.0/,true
quiz-gustar,47,Te encantan los desayunos largos.,You love long breakfasts.,CC BY 4.0,Spanish Editorial Learning; original project content; https://creativecommons.org/licenses/by/4.0/,true
quiz-gustar,48,A mis amigos les encanta cocinar juntos.,My friends love cooking together.,CC BY 4.0,Spanish Editorial Learning; original project content; https://creativecommons.org/licenses/by/4.0/,true
quiz-gustar,49,Me encantan las montañas.,I love the mountains.,CC BY 4.0,Spanish Editorial Learning; original project content; https://creativecommons.org/licenses/by/4.0/,true
quiz-gustar,50,A usted le encanta el arte moderno.,You love modern art.,CC BY 4.0,Spanish Editorial Learning; original project content; https://creativecommons.org/licenses/by/4.0/,true
quiz-gustar,51,Nos encanta escuchar música en vivo.,We love listening to live music.,CC BY 4.0,Spanish Editorial Learning; original project content; https://creativecommons.org/licenses/by/4.0/,true
quiz-gustar,52,¿Les encantan estas vistas?,Do they love these views?,CC BY 4.0,Spanish Editorial Learning; original project content; https://creativecommons.org/licenses/by/4.0/,true
quiz-gustar,53,A Roberto le encanta la arquitectura antigua.,Roberto loves old architecture.,CC BY 4.0,Spanish Editorial Learning; original project content; https://creativecommons.org/licenses/by/4.0/,true
quiz-gustar,54,A ustedes les encantan los viajes en bicicleta.,You all love cycling trips.,CC BY 4.0,Spanish Editorial Learning; original project content; https://creativecommons.org/licenses/by/4.0/,true
quiz-gustar,55,Te encanta aprender palabras nuevas.,You love learning new words.,CC BY 4.0,Spanish Editorial Learning; original project content; https://creativecommons.org/licenses/by/4.0/,true
quiz-gustar,56,Me interesa la historia de España.,I am interested in Spanish history.,CC BY 4.0,Spanish Editorial Learning; original project content; https://creativecommons.org/licenses/by/4.0/,true
quiz-gustar,57,A Daniel le interesan los idiomas.,Daniel is interested in languages.,CC BY 4.0,Spanish Editorial Learning; original project content; https://creativecommons.org/licenses/by/4.0/,true
quiz-gustar,58,Nos interesa aprender sobre otras culturas.,We are interested in learning about other cultures.,CC BY 4.0,Spanish Editorial Learning; original project content; https://creativecommons.org/licenses/by/4.0/,true
quiz-gustar,59,¿Te interesan estas noticias?,Are you interested in this news?,CC BY 4.0,Spanish Editorial Learning; original project content; https://creativecommons.org/licenses/by/4.0/,true
quiz-gustar,60,A ellos les interesa el ciclismo.,They are interested in cycling.,CC BY 4.0,Spanish Editorial Learning; original project content; https://creativecommons.org/licenses/by/4.0/,true
quiz-gustar,61,No le interesa hablar de política.,He or she is not interested in talking about politics.,CC BY 4.0,Spanish Editorial Learning; original project content; https://creativecommons.org/licenses/by/4.0/,true
quiz-gustar,62,A ustedes les interesan los museos pequeños.,You all are interested in small museums.,CC BY 4.0,Spanish Editorial Learning; original project content; https://creativecommons.org/licenses/by/4.0/,true
quiz-gustar,63,A mí me interesa la tecnología.,I am interested in technology.,CC BY 4.0,Spanish Editorial Learning; original project content; https://creativecommons.org/licenses/by/4.0/,true
quiz-gustar,64,Les interesa conocer gente nueva.,They are interested in meeting new people.,CC BY 4.0,Spanish Editorial Learning; original project content; https://creativecommons.org/licenses/by/4.0/,true
quiz-gustar,65,¿Nos interesan estos cursos?,Are we interested in these courses?,CC BY 4.0,Spanish Editorial Learning; original project content; https://creativecommons.org/licenses/by/4.0/,true
quiz-gustar,66,A Paula le interesa la fotografía.,Paula is interested in photography.,CC BY 4.0,Spanish Editorial Learning; original project content; https://creativecommons.org/licenses/by/4.0/,true
quiz-gustar,67,Te interesan los documentales.,You are interested in documentaries.,CC BY 4.0,Spanish Editorial Learning; original project content; https://creativecommons.org/licenses/by/4.0/,true
quiz-gustar,68,A mis compañeros les interesa mejorar su español.,My colleagues are interested in improving their Spanish.,CC BY 4.0,Spanish Editorial Learning; original project content; https://creativecommons.org/licenses/by/4.0/,true
quiz-gustar,69,Me interesan las rutas históricas.,I am interested in historical routes.,CC BY 4.0,Spanish Editorial Learning; original project content; https://creativecommons.org/licenses/by/4.0/,true
quiz-gustar,70,A usted le interesa el proyecto nuevo.,You are interested in the new project.,CC BY 4.0,Spanish Editorial Learning; original project content; https://creativecommons.org/licenses/by/4.0/,true
quiz-gustar,71,Nos interesa entender la gramática.,We are interested in understanding grammar.,CC BY 4.0,Spanish Editorial Learning; original project content; https://creativecommons.org/licenses/by/4.0/,true
quiz-gustar,72,¿Les interesan estas propuestas?,Are they interested in these proposals?,CC BY 4.0,Spanish Editorial Learning; original project content; https://creativecommons.org/licenses/by/4.0/,true
quiz-gustar,73,A Tomás le interesa la economía.,Tomás is interested in economics.,CC BY 4.0,Spanish Editorial Learning; original project content; https://creativecommons.org/licenses/by/4.0/,true
quiz-gustar,74,A ustedes les interesan los deportes de montaña.,You all are interested in mountain sports.,CC BY 4.0,Spanish Editorial Learning; original project content; https://creativecommons.org/licenses/by/4.0/,true
quiz-gustar,75,Te interesa leer en español.,You are interested in reading in Spanish.,CC BY 4.0,Spanish Editorial Learning; original project content; https://creativecommons.org/licenses/by/4.0/,true
quiz-gustar,76,Me molesta el ruido de la calle.,The street noise bothers me.,CC BY 4.0,Spanish Editorial Learning; original project content; https://creativecommons.org/licenses/by/4.0/,true
quiz-gustar,77,A Sara le molestan las luces fuertes.,Bright lights bother Sara.,CC BY 4.0,Spanish Editorial Learning; original project content; https://creativecommons.org/licenses/by/4.0/,true
quiz-gustar,78,Nos molesta esperar mucho tiempo.,Waiting a long time bothers us.,CC BY 4.0,Spanish Editorial Learning; original project content; https://creativecommons.org/licenses/by/4.0/,true
quiz-gustar,79,¿Te molestan estos comentarios?,Do these comments bother you?,CC BY 4.0,Spanish Editorial Learning; original project content; https://creativecommons.org/licenses/by/4.0/,true
quiz-gustar,80,A ellos les molesta el humo.,Smoke bothers them.,CC BY 4.0,Spanish Editorial Learning; original project content; https://creativecommons.org/licenses/by/4.0/,true
quiz-gustar,81,No le molesta trabajar los sábados.,Working on Saturdays does not bother him or her.,CC BY 4.0,Spanish Editorial Learning; original project content; https://creativecommons.org/licenses/by/4.0/,true
quiz-gustar,82,A ustedes les molestan los precios altos.,High prices bother you all.,CC BY 4.0,Spanish Editorial Learning; original project content; https://creativecommons.org/licenses/by/4.0/,true
quiz-gustar,83,A mí me molesta la música demasiado alta.,Music that is too loud bothers me.,CC BY 4.0,Spanish Editorial Learning; original project content; https://creativecommons.org/licenses/by/4.0/,true
quiz-gustar,84,Les molesta levantarse tan temprano.,Getting up so early bothers them.,CC BY 4.0,Spanish Editorial Learning; original project content; https://creativecommons.org/licenses/by/4.0/,true
quiz-gustar,85,¿Nos molestan estas interrupciones?,Do these interruptions bother us?,CC BY 4.0,Spanish Editorial Learning; original project content; https://creativecommons.org/licenses/by/4.0/,true
quiz-gustar,86,A David le molesta el frío.,The cold bothers David.,CC BY 4.0,Spanish Editorial Learning; original project content; https://creativecommons.org/licenses/by/4.0/,true
quiz-gustar,87,Te molestan los vuelos con escalas.,Flights with connections bother you.,CC BY 4.0,Spanish Editorial Learning; original project content; https://creativecommons.org/licenses/by/4.0/,true
quiz-gustar,88,A mis vecinos les molesta oír al perro por la noche.,Hearing the dog at night bothers my neighbours.,CC BY 4.0,Spanish Editorial Learning; original project content; https://creativecommons.org/licenses/by/4.0/,true
quiz-gustar,89,Me molestan las habitaciones oscuras.,Dark rooms bother me.,CC BY 4.0,Spanish Editorial Learning; original project content; https://creativecommons.org/licenses/by/4.0/,true
quiz-gustar,90,A usted le molesta este olor.,Does this smell bother you?,CC BY 4.0,Spanish Editorial Learning; original project content; https://creativecommons.org/licenses/by/4.0/,true
quiz-gustar,91,Me importa la calidad del servicio.,The quality of the service matters to me.,CC BY 4.0,Spanish Editorial Learning; original project content; https://creativecommons.org/licenses/by/4.0/,true
quiz-gustar,92,A Luis le importan los pequeños detalles.,Small details matter to Luis.,CC BY 4.0,Spanish Editorial Learning; original project content; https://creativecommons.org/licenses/by/4.0/,true
quiz-gustar,93,Nos importa llegar a tiempo.,Arriving on time matters to us.,CC BY 4.0,Spanish Editorial Learning; original project content; https://creativecommons.org/licenses/by/4.0/,true
quiz-gustar,94,¿Te importan estas diferencias?,Do these differences matter to you?,CC BY 4.0,Spanish Editorial Learning; original project content; https://creativecommons.org/licenses/by/4.0/,true
quiz-gustar,95,A ellos les importa el resultado final.,The final result matters to them.,CC BY 4.0,Spanish Editorial Learning; original project content; https://creativecommons.org/licenses/by/4.0/,true
quiz-gustar,96,No le importa trabajar solo.,Working alone does not matter to him or her.,CC BY 4.0,Spanish Editorial Learning; original project content; https://creativecommons.org/licenses/by/4.0/,true
quiz-gustar,97,A ustedes les importan los horarios flexibles.,Flexible schedules matter to you all.,CC BY 4.0,Spanish Editorial Learning; original project content; https://creativecommons.org/licenses/by/4.0/,true
quiz-gustar,98,A mí me importa la opinión de mi familia.,My family's opinion matters to me.,CC BY 4.0,Spanish Editorial Learning; original project content; https://creativecommons.org/licenses/by/4.0/,true
quiz-gustar,99,Les importa mantenerse activos.,Staying active matters to them.,CC BY 4.0,Spanish Editorial Learning; original project content; https://creativecommons.org/licenses/by/4.0/,true
quiz-gustar,100,¿Nos importan estos cambios?,Do these changes matter to us?,CC BY 4.0,Spanish Editorial Learning; original project content; https://creativecommons.org/licenses/by/4.0/,true
quiz-gustar,101,A Eva le importa el medio ambiente.,The environment matters to Eva.,CC BY 4.0,Spanish Editorial Learning; original project content; https://creativecommons.org/licenses/by/4.0/,true
quiz-gustar,102,Te importan las condiciones del viaje.,The travel conditions matter to you.,CC BY 4.0,Spanish Editorial Learning; original project content; https://creativecommons.org/licenses/by/4.0/,true
quiz-gustar,103,A mis colegas les importa terminar bien el proyecto.,Finishing the project well matters to my colleagues.,CC BY 4.0,Spanish Editorial Learning; original project content; https://creativecommons.org/licenses/by/4.0/,true
quiz-gustar,104,Me importan las respuestas claras.,Clear answers matter to me.,CC BY 4.0,Spanish Editorial Learning; original project content; https://creativecommons.org/licenses/by/4.0/,true
quiz-gustar,105,A usted le importa esta decisión.,Does this decision matter to you?,CC BY 4.0,Spanish Editorial Learning; original project content; https://creativecommons.org/licenses/by/4.0/,true
quiz-gustar,106,Me falta un billete para Madrid.,I am missing a ticket to Madrid.,CC BY 4.0,Spanish Editorial Learning; original project content; https://creativecommons.org/licenses/by/4.0/,true
quiz-gustar,107,A Clara le faltan dos documentos.,Clara is missing two documents.,CC BY 4.0,Spanish Editorial Learning; original project content; https://creativecommons.org/licenses/by/4.0/,true
quiz-gustar,108,Nos falta terminar el último ejercicio.,We still need to finish the last exercise.,CC BY 4.0,Spanish Editorial Learning; original project content; https://creativecommons.org/licenses/by/4.0/,true
quiz-gustar,109,¿Te faltan estas páginas?,Are you missing these pages?,CC BY 4.0,Spanish Editorial Learning; original project content; https://creativecommons.org/licenses/by/4.0/,true
quiz-gustar,110,A ellos les falta un poco de tiempo.,They are short of time.,CC BY 4.0,Spanish Editorial Learning; original project content; https://creativecommons.org/licenses/by/4.0/,true
quiz-gustar,111,Le falta practicar más.,He or she needs to practise more.,CC BY 4.0,Spanish Editorial Learning; original project content; https://creativecommons.org/licenses/by/4.0/,true
quiz-gustar,112,A ustedes les faltan las entradas para el concierto.,You all are missing the concert tickets.,CC BY 4.0,Spanish Editorial Learning; original project content; https://creativecommons.org/licenses/by/4.0/,true
quiz-gustar,113,A mí me falta una buena mochila.,I need a good backpack.,CC BY 4.0,Spanish Editorial Learning; original project content; https://creativecommons.org/licenses/by/4.0/,true
quiz-gustar,114,Les falta visitar dos ciudades.,They still need to visit two cities.,CC BY 4.0,Spanish Editorial Learning; original project content; https://creativecommons.org/licenses/by/4.0/,true
quiz-gustar,115,¿Nos faltan algunas sillas?,Are we missing some chairs?,CC BY 4.0,Spanish Editorial Learning; original project content; https://creativecommons.org/licenses/by/4.0/,true
quiz-gustar,116,Me queda una semana de vacaciones.,I have one week of holiday left.,CC BY 4.0,Spanish Editorial Learning; original project content; https://creativecommons.org/licenses/by/4.0/,true
quiz-gustar,117,A Raúl le quedan tres preguntas.,Raúl has three questions left.,CC BY 4.0,Spanish Editorial Learning; original project content; https://creativecommons.org/licenses/by/4.0/,true
quiz-gustar,118,Nos queda reservar el hotel.,We still need to book the hotel.,CC BY 4.0,Spanish Editorial Learning; original project content; https://creativecommons.org/licenses/by/4.0/,true
quiz-gustar,119,¿Te quedan bien estos pantalones?,Do these trousers fit you well?,CC BY 4.0,Spanish Editorial Learning; original project content; https://creativecommons.org/licenses/by/4.0/,true
quiz-gustar,120,A ellos les queda poco dinero.,They have little money left.,CC BY 4.0,Spanish Editorial Learning; original project content; https://creativecommons.org/licenses/by/4.0/,true
quiz-gustar,121,Le queda preparar la cena.,He or she still needs to prepare dinner.,CC BY 4.0,Spanish Editorial Learning; original project content; https://creativecommons.org/licenses/by/4.0/,true
quiz-gustar,122,A ustedes les quedan dos días libres.,You all have two free days left.,CC BY 4.0,Spanish Editorial Learning; original project content; https://creativecommons.org/licenses/by/4.0/,true
quiz-gustar,123,A mí me queda bien esta camisa.,This shirt fits me well.,CC BY 4.0,Spanish Editorial Learning; original project content; https://creativecommons.org/licenses/by/4.0/,true
quiz-gustar,124,Les queda recorrer diez kilómetros.,They still have ten kilometres to cover.,CC BY 4.0,Spanish Editorial Learning; original project content; https://creativecommons.org/licenses/by/4.0/,true
quiz-gustar,125,¿Nos quedan suficientes botellas de agua?,Do we have enough bottles of water left?,CC BY 4.0,Spanish Editorial Learning; original project content; https://creativecommons.org/licenses/by/4.0/,true
quiz-gustar,126,Me duele la espalda.,My back hurts.,CC BY 4.0,Spanish Editorial Learning; original project content; https://creativecommons.org/licenses/by/4.0/,true
quiz-gustar,127,A Carmen le duelen las rodillas.,Carmen's knees hurt.,CC BY 4.0,Spanish Editorial Learning; original project content; https://creativecommons.org/licenses/by/4.0/,true
quiz-gustar,128,Nos duele caminar con estas botas.,Walking in these boots hurts us.,CC BY 4.0,Spanish Editorial Learning; original project content; https://creativecommons.org/licenses/by/4.0/,true
quiz-gustar,129,¿Te duelen los hombros?,Do your shoulders hurt?,CC BY 4.0,Spanish Editorial Learning; original project content; https://creativecommons.org/licenses/by/4.0/,true
quiz-gustar,130,A ellos les duele la cabeza.,Their heads hurt.,CC BY 4.0,Spanish Editorial Learning; original project content; https://creativecommons.org/licenses/by/4.0/,true
quiz-gustar,131,Le duele subir escaleras.,Climbing stairs hurts him or her.,CC BY 4.0,Spanish Editorial Learning; original project content; https://creativecommons.org/licenses/by/4.0/,true
quiz-gustar,132,A ustedes les duelen los pies.,Your feet hurt.,CC BY 4.0,Spanish Editorial Learning; original project content; https://creativecommons.org/licenses/by/4.0/,true
quiz-gustar,133,A mí me duele el brazo derecho.,My right arm hurts.,CC BY 4.0,Spanish Editorial Learning; original project content; https://creativecommons.org/licenses/by/4.0/,true
quiz-gustar,134,Les duele hacer este movimiento.,Making this movement hurts them.,CC BY 4.0,Spanish Editorial Learning; original project content; https://creativecommons.org/licenses/by/4.0/,true
quiz-gustar,135,¿Nos duelen las piernas después de correr?,Do our legs hurt after running?,CC BY 4.0,Spanish Editorial Learning; original project content; https://creativecommons.org/licenses/by/4.0/,true
quiz-gustar,136,A Andrés le duele la garganta.,Andrés's throat hurts.,CC BY 4.0,Spanish Editorial Learning; original project content; https://creativecommons.org/licenses/by/4.0/,true
quiz-gustar,137,Te duelen los dedos.,Your fingers hurt.,CC BY 4.0,Spanish Editorial Learning; original project content; https://creativecommons.org/licenses/by/4.0/,true
quiz-gustar,138,A mis amigos les duele dormir en el suelo.,Sleeping on the floor hurts my friends.,CC BY 4.0,Spanish Editorial Learning; original project content; https://creativecommons.org/licenses/by/4.0/,true
quiz-gustar,139,Me duelen las muñecas.,My wrists hurt.,CC BY 4.0,Spanish Editorial Learning; original project content; https://creativecommons.org/licenses/by/4.0/,true
quiz-gustar,140,A usted le duele el cuello.,Does your neck hurt?,CC BY 4.0,Spanish Editorial Learning; original project content; https://creativecommons.org/licenses/by/4.0/,true
quiz-gustar,141,Me parece interesante esta idea.,This idea seems interesting to me.,CC BY 4.0,Spanish Editorial Learning; original project content; https://creativecommons.org/licenses/by/4.0/,true
quiz-gustar,142,A Laura le parecen caros estos hoteles.,These hotels seem expensive to Laura.,CC BY 4.0,Spanish Editorial Learning; original project content; https://creativecommons.org/licenses/by/4.0/,true
quiz-gustar,143,Nos parece útil practicar cada día.,Practising every day seems useful to us.,CC BY 4.0,Spanish Editorial Learning; original project content; https://creativecommons.org/licenses/by/4.0/,true
quiz-gustar,144,¿Te parecen claras estas instrucciones?,Do these instructions seem clear to you?,CC BY 4.0,Spanish Editorial Learning; original project content; https://creativecommons.org/licenses/by/4.0/,true
quiz-gustar,145,A ellos les parece buena la propuesta.,The proposal seems good to them.,CC BY 4.0,Spanish Editorial Learning; original project content; https://creativecommons.org/licenses/by/4.0/,true
quiz-gustar,146,Le parece difícil conducir de noche.,Driving at night seems difficult to him or her.,CC BY 4.0,Spanish Editorial Learning; original project content; https://creativecommons.org/licenses/by/4.0/,true
quiz-gustar,147,A ustedes les parecen largos los ejercicios.,The exercises seem long to you all.,CC BY 4.0,Spanish Editorial Learning; original project content; https://creativecommons.org/licenses/by/4.0/,true
quiz-gustar,148,A mí me parece perfecta esta solución.,This solution seems perfect to me.,CC BY 4.0,Spanish Editorial Learning; original project content; https://creativecommons.org/licenses/by/4.0/,true
quiz-gustar,149,Les parece mejor salir temprano.,Leaving early seems better to them.,CC BY 4.0,Spanish Editorial Learning; original project content; https://creativecommons.org/licenses/by/4.0/,true
quiz-gustar,150,¿Nos parecen correctas estas respuestas?,Do these answers seem correct to us?,CC BY 4.0,Spanish Editorial Learning; original project content; https://creativecommons.org/licenses/by/4.0/,true
quiz-ser-estar,2001,Yo soy de México.,I am from Mexico.,CC BY 4.0,Spanish Editorial Learning; original project content; https://creativecommons.org/licenses/by/4.0/,true
quiz-ser-estar,2002,Marta es médica.,Marta is a doctor.,CC BY 4.0,Spanish Editorial Learning; original project content; https://creativecommons.org/licenses/by/4.0/,true
quiz-ser-estar,2003,Nosotros somos estudiantes de español.,We are Spanish students.,CC BY 4.0,Spanish Editorial Learning; original project content; https://creativecommons.org/licenses/by/4.0/,true
quiz-ser-estar,2004,¿Crees que la falda de María es muy corta?,Do you think María's skirt is too short?,CC BY 2.0 France,Adapted from CC-BY 2.0 (France) Attribution: tatoeba.org #4013314 (CK) & #5157378 (don_ramon),true
quiz-ser-estar,2005,Hoy es lunes.,Today is Monday.,CC BY 4.0,Spanish Editorial Learning; original project content; https://creativecommons.org/licenses/by/4.0/,true
quiz-ser-estar,2006,Las llaves son de Ana.,The keys belong to Ana.,CC BY 4.0,Spanish Editorial Learning; original project content; https://creativecommons.org/licenses/by/4.0/,true
quiz-ser-estar,2007,El concierto es en el teatro.,The concert is at the theatre.,CC BY 4.0,Spanish Editorial Learning; original project content; https://creativecommons.org/licenses/by/4.0/,true
quiz-ser-estar,2008,La ventana es grande y luminosa.,The window is large and bright.,CC BY 4.0,Spanish Editorial Learning; original project content; https://creativecommons.org/licenses/by/4.0/,true
quiz-ser-estar,2009,Yo estoy en casa ahora.,I am at home now.,CC BY 4.0,Spanish Editorial Learning; original project content; https://creativecommons.org/licenses/by/4.0/,true
quiz-ser-estar,2010,Las mochilas están debajo de la mesa.,The backpacks are under the table.,CC BY 4.0,Spanish Editorial Learning; original project content; https://creativecommons.org/licenses/by/4.0/,true
quiz-ser-estar,2011,¿Cómo estás tú esta mañana?,How are you this morning?,CC BY 4.0,Spanish Editorial Learning; original project content; https://creativecommons.org/licenses/by/4.0/,true
quiz-ser-estar,2012,El café está caliente.,The coffee is hot.,CC BY 4.0,Spanish Editorial Learning; original project content; https://creativecommons.org/licenses/by/4.0/,true
quiz-ser-estar,2013,Mis amigos están cansados después del viaje.,My friends are tired after the trip.,CC BY 4.0,Spanish Editorial Learning; original project content; https://creativecommons.org/licenses/by/4.0/,true
quiz-ser-estar,2014,La puerta está cerrada.,The door is closed.,CC BY 4.0,Spanish Editorial Learning; original project content; https://creativecommons.org/licenses/by/4.0/,true
quiz-ser-estar,2015,El museo está cerca de la estación.,The museum is near the station.,CC BY 4.0,Spanish Editorial Learning; original project content; https://creativecommons.org/licenses/by/4.0/,true
quiz-ser-estar,2016,La sopa está muy buena hoy.,The soup tastes very good today.,CC BY 4.0,Spanish Editorial Learning; original project content; https://creativecommons.org/licenses/by/4.0/,true
quiz-ser-estar,2017,Mi hermano está listo para salir.,My brother is ready to leave.,CC BY 4.0,Spanish Editorial Learning; original project content; https://creativecommons.org/licenses/by/4.0/,true
quiz-ser-estar,2018,Clara es lista y curiosa.,Clara is clever and curious.,CC BY 4.0,Spanish Editorial Learning; original project content; https://creativecommons.org/licenses/by/4.0/,true
quiz-ser-estar,2019,El barrio es tranquilo por la noche.,The neighbourhood is quiet at night.,CC BY 4.0,Spanish Editorial Learning; original project content; https://creativecommons.org/licenses/by/4.0/,true
quiz-ser-estar,2020,El barrio está vacío esta noche.,The neighbourhood is empty tonight.,CC BY 4.0,Spanish Editorial Learning; original project content; https://creativecommons.org/licenses/by/4.0/,true
quiz-ser-estar,2021,La camisa es azul.,The shirt is blue.,CC BY 4.0,Spanish Editorial Learning; original project content; https://creativecommons.org/licenses/by/4.0/,true
quiz-ser-estar,2022,La camisa está mojada.,The shirt is wet.,CC BY 4.0,Spanish Editorial Learning; original project content; https://creativecommons.org/licenses/by/4.0/,true
quiz-ser-estar,2023,La reunión es a las tres.,The meeting is at three.,CC BY 4.0,Spanish Editorial Learning; original project content; https://creativecommons.org/licenses/by/4.0/,true
quiz-ser-estar,2024,Los niños están en el jardín.,The children are in the garden.,CC BY 4.0,Spanish Editorial Learning; original project content; https://creativecommons.org/licenses/by/4.0/,true
quiz-ser-estar,2025,La película es aburrida para mí.,The film is boring to me.,CC BY 4.0,Spanish Editorial Learning; original project content; https://creativecommons.org/licenses/by/4.0/,true
quiz-ser-estar,2026,Yo estoy aburrido durante la película.,I am bored during the film.,CC BY 4.0,Spanish Editorial Learning; original project content; https://creativecommons.org/licenses/by/4.0/,true
quiz-ser-estar,2027,El profesor está enfermo esta semana.,The teacher is ill this week.,CC BY 4.0,Spanish Editorial Learning; original project content; https://creativecommons.org/licenses/by/4.0/,true
quiz-ser-estar,2028,El profesor es muy paciente.,The teacher is very patient.,CC BY 4.0,Spanish Editorial Learning; original project content; https://creativecommons.org/licenses/by/4.0/,true
quiz-ser-estar,2029,La puerta está abierta porque hace calor.,The door is open because it is hot.,CC BY 4.0,Spanish Editorial Learning; original project content; https://creativecommons.org/licenses/by/4.0/,true
quiz-ser-estar,2030,La conferencia es en el auditorio principal.,The conference is in the main auditorium.,CC BY 4.0,Spanish Editorial Learning; original project content; https://creativecommons.org/licenses/by/4.0/,true
quiz-ser-estar,2031,Yo soy ingeniera.,I am an engineer.,CC BY 4.0,Spanish Editorial Learning; original project content; https://creativecommons.org/licenses/by/4.0/,true
quiz-ser-estar,2032,Tú eres mi mejor amigo.,You are my best friend.,CC BY 4.0,Spanish Editorial Learning; original project content; https://creativecommons.org/licenses/by/4.0/,true
quiz-ser-estar,2033,Ella es periodista.,She is a journalist.,CC BY 4.0,Spanish Editorial Learning; original project content; https://creativecommons.org/licenses/by/4.0/,true
quiz-ser-estar,2034,Nosotros somos vecinos desde hace años.,We have been neighbours for years.,CC BY 4.0,Spanish Editorial Learning; original project content; https://creativecommons.org/licenses/by/4.0/,true
quiz-ser-estar,2035,Ellos son los dueños de la tienda.,They are the owners of the shop.,CC BY 4.0,Spanish Editorial Learning; original project content; https://creativecommons.org/licenses/by/4.0/,true
quiz-ser-estar,2036,Mi tío es abogado en Madrid.,My uncle is a lawyer in Madrid.,CC BY 4.0,Spanish Editorial Learning; original project content; https://creativecommons.org/licenses/by/4.0/,true
quiz-ser-estar,2037,Yo soy la capitana del equipo.,I am the team captain.,CC BY 4.0,Spanish Editorial Learning; original project content; https://creativecommons.org/licenses/by/4.0/,true
quiz-ser-estar,2038,Mis padres son dentistas.,My parents are dentists.,CC BY 4.0,Spanish Editorial Learning; original project content; https://creativecommons.org/licenses/by/4.0/,true
quiz-ser-estar,2039,Tú eres un buen compañero de trabajo.,You are a good coworker.,CC BY 4.0,Spanish Editorial Learning; original project content; https://creativecommons.org/licenses/by/4.0/,true
quiz-ser-estar,2040,El señor García es el director del colegio.,Mr. García is the school principal.,CC BY 4.0,Spanish Editorial Learning; original project content; https://creativecommons.org/licenses/by/4.0/,true
quiz-ser-estar,2041,"Nosotros somos hermanos, no primos.","We are brothers, not cousins.",CC BY 4.0,Spanish Editorial Learning; original project content; https://creativecommons.org/licenses/by/4.0/,true
quiz-ser-estar,2042,Ana y Luis son los organizadores del evento.,Ana and Luis are the organisers of the event.,CC BY 4.0,Spanish Editorial Learning; original project content; https://creativecommons.org/licenses/by/4.0/,true
quiz-ser-estar,2043,Yo soy cliente habitual de esta cafetería.,I am a regular customer at this café.,CC BY 4.0,Spanish Editorial Learning; original project content; https://creativecommons.org/licenses/by/4.0/,true
quiz-ser-estar,2044,Ustedes son los nuevos socios de la empresa.,You all are the new partners in the company.,CC BY 4.0,Spanish Editorial Learning; original project content; https://creativecommons.org/licenses/by/4.0/,true
quiz-ser-estar,2045,Ella es la autora de esta novela.,She is the author of this novel.,CC BY 4.0,Spanish Editorial Learning; original project content; https://creativecommons.org/licenses/by/4.0/,true
quiz-ser-estar,2046,Yo soy de Polonia.,I am from Poland.,CC BY 4.0,Spanish Editorial Learning; original project content; https://creativecommons.org/licenses/by/4.0/,true
quiz-ser-estar,2047,Tú eres de una familia italiana.,You are from an Italian family.,CC BY 4.0,Spanish Editorial Learning; original project content; https://creativecommons.org/licenses/by/4.0/,true
quiz-ser-estar,2048,Estos quesos son de Francia.,These cheeses are from France.,CC BY 4.0,Spanish Editorial Learning; original project content; https://creativecommons.org/licenses/by/4.0/,true
quiz-ser-estar,2049,El vino es de la región de Rioja.,The wine is from the Rioja region.,CC BY 4.0,Spanish Editorial Learning; original project content; https://creativecommons.org/licenses/by/4.0/,true
quiz-ser-estar,2050,Nosotros somos de la misma ciudad.,We are from the same city.,CC BY 4.0,Spanish Editorial Learning; original project content; https://creativecommons.org/licenses/by/4.0/,true
quiz-ser-estar,2051,Mi abuela es de un pueblo pequeño.,My grandmother is from a small village.,CC BY 4.0,Spanish Editorial Learning; original project content; https://creativecommons.org/licenses/by/4.0/,true
quiz-ser-estar,2052,Esas naranjas son de Valencia.,Those oranges are from Valencia.,CC BY 4.0,Spanish Editorial Learning; original project content; https://creativecommons.org/licenses/by/4.0/,true
quiz-ser-estar,2053,Tú eres de padres extranjeros.,You are the child of foreign parents.,CC BY 4.0,Spanish Editorial Learning; original project content; https://creativecommons.org/licenses/by/4.0/,true
quiz-ser-estar,2054,El profesor es de Argentina.,The teacher is from Argentina.,CC BY 4.0,Spanish Editorial Learning; original project content; https://creativecommons.org/licenses/by/4.0/,true
quiz-ser-estar,2055,Estas telas son de la India.,These fabrics are from India.,CC BY 4.0,Spanish Editorial Learning; original project content; https://creativecommons.org/licenses/by/4.0/,true
quiz-ser-estar,2056,Yo soy originaria de un pueblo costero.,I originally come from a coastal town.,CC BY 4.0,Spanish Editorial Learning; original project content; https://creativecommons.org/licenses/by/4.0/,true
quiz-ser-estar,2057,Mis compañeros son de distintas partes del país.,My colleagues are from different parts of the country.,CC BY 4.0,Spanish Editorial Learning; original project content; https://creativecommons.org/licenses/by/4.0/,true
quiz-ser-estar,2058,Este café es de Colombia.,This coffee is from Colombia.,CC BY 4.0,Spanish Editorial Learning; original project content; https://creativecommons.org/licenses/by/4.0/,true
quiz-ser-estar,2059,Nosotros somos de una tradición familiar muy antigua.,We come from a very old family tradition.,CC BY 4.0,Spanish Editorial Learning; original project content; https://creativecommons.org/licenses/by/4.0/,true
quiz-ser-estar,2060,Ella es de ascendencia mexicana.,She is of Mexican descent.,CC BY 4.0,Spanish Editorial Learning; original project content; https://creativecommons.org/licenses/by/4.0/,true
quiz-ser-estar,2061,"""Una piedra rodante no junta musgo"" es un refrán.","""A rolling stone gathers no moss"" is a proverb.",CC BY 2.0 France,CC-BY 2.0 (France) Attribution: tatoeba.org #1503 (CK) & #180517 (cueyayotl),false
quiz-ser-estar,2062,Tú eres alto y delgado.,You are tall and thin.,CC BY 4.0,Spanish Editorial Learning; original project content; https://creativecommons.org/licenses/by/4.0/,true
quiz-ser-estar,2063,Este edificio es muy antiguo.,This building is very old.,CC BY 4.0,Spanish Editorial Learning; original project content; https://creativecommons.org/licenses/by/4.0/,true
quiz-ser-estar,2064,Los niños son curiosos por naturaleza.,Children are curious by nature.,CC BY 4.0,Spanish Editorial Learning; original project content; https://creativecommons.org/licenses/by/4.0/,true
quiz-ser-estar,2065,Yo soy bastante paciente.,I am quite patient.,CC BY 4.0,Spanish Editorial Learning; original project content; https://creativecommons.org/licenses/by/4.0/,true
quiz-ser-estar,2066,Esta ciudad es muy ruidosa.,This city is very noisy.,CC BY 4.0,Spanish Editorial Learning; original project content; https://creativecommons.org/licenses/by/4.0/,true
quiz-ser-estar,2067,Nosotros somos muy trabajadores.,We are very hardworking.,CC BY 4.0,Spanish Editorial Learning; original project content; https://creativecommons.org/licenses/by/4.0/,true
quiz-ser-estar,2068,El examen es bastante difícil.,The exam is quite difficult.,CC BY 4.0,Spanish Editorial Learning; original project content; https://creativecommons.org/licenses/by/4.0/,true
quiz-ser-estar,2069,Sus ojos son verdes.,Her eyes are green.,CC BY 4.0,Spanish Editorial Learning; original project content; https://creativecommons.org/licenses/by/4.0/,true
quiz-ser-estar,2070,Este barrio es conocido por sus restaurantes.,This neighbourhood is known for its restaurants.,CC BY 4.0,Spanish Editorial Learning; original project content; https://creativecommons.org/licenses/by/4.0/,true
quiz-ser-estar,2071,Tú eres muy creativa.,You are very creative.,CC BY 4.0,Spanish Editorial Learning; original project content; https://creativecommons.org/licenses/by/4.0/,true
quiz-ser-estar,2072,El profesor es muy exigente.,The teacher is very demanding.,CC BY 4.0,Spanish Editorial Learning; original project content; https://creativecommons.org/licenses/by/4.0/,true
quiz-ser-estar,2073,Mis padres son bastante estrictos.,My parents are quite strict.,CC BY 4.0,Spanish Editorial Learning; original project content; https://creativecommons.org/licenses/by/4.0/,true
quiz-ser-estar,2074,Esta película es larga y lenta.,This film is long and slow.,CC BY 4.0,Spanish Editorial Learning; original project content; https://creativecommons.org/licenses/by/4.0/,true
quiz-ser-estar,2075,El río es ancho y profundo en esta parte.,The river is wide and deep in this part.,CC BY 4.0,Spanish Editorial Learning; original project content; https://creativecommons.org/licenses/by/4.0/,true
quiz-ser-estar,2076,La silla es de plástico.,The chair is made of plastic.,CC BY 4.0,Spanish Editorial Learning; original project content; https://creativecommons.org/licenses/by/4.0/,true
quiz-ser-estar,2077,Hoy es miércoles.,Today is Wednesday.,CC BY 4.0,Spanish Editorial Learning; original project content; https://creativecommons.org/licenses/by/4.0/,true
quiz-ser-estar,2078,Son las ocho de la mañana.,It is eight in the morning.,CC BY 4.0,Spanish Editorial Learning; original project content; https://creativecommons.org/licenses/by/4.0/,true
quiz-ser-estar,2079,El concierto es el próximo sábado.,The concert is next Saturday.,CC BY 4.0,Spanish Editorial Learning; original project content; https://creativecommons.org/licenses/by/4.0/,true
quiz-ser-estar,2080,Esta mesa es de metal.,This table is made of metal.,CC BY 4.0,Spanish Editorial Learning; original project content; https://creativecommons.org/licenses/by/4.0/,true
quiz-ser-estar,2081,Mañana es el cumpleaños de Sara.,Tomorrow is Sara's birthday.,CC BY 4.0,Spanish Editorial Learning; original project content; https://creativecommons.org/licenses/by/4.0/,true
quiz-ser-estar,2082,El anillo es de oro.,The ring is made of gold.,CC BY 4.0,Spanish Editorial Learning; original project content; https://creativecommons.org/licenses/by/4.0/,true
quiz-ser-estar,2083,Hoy es tres de mayo.,Today is the third of May.,CC BY 4.0,Spanish Editorial Learning; original project content; https://creativecommons.org/licenses/by/4.0/,true
quiz-ser-estar,2084,La entrevista es a las cinco.,The interview is at five o'clock.,CC BY 4.0,Spanish Editorial Learning; original project content; https://creativecommons.org/licenses/by/4.0/,true
quiz-ser-estar,2085,Estas copas son de cristal.,These glasses are made of crystal.,CC BY 4.0,Spanish Editorial Learning; original project content; https://creativecommons.org/licenses/by/4.0/,true
quiz-ser-estar,2086,Es la una y media.,It is half past one.,CC BY 4.0,Spanish Editorial Learning; original project content; https://creativecommons.org/licenses/by/4.0/,true
quiz-ser-estar,2087,El examen final es el viernes.,The final exam is on Friday.,CC BY 4.0,Spanish Editorial Learning; original project content; https://creativecommons.org/licenses/by/4.0/,true
quiz-ser-estar,2088,La estatua es de bronce.,The statue is made of bronze.,CC BY 4.0,Spanish Editorial Learning; original project content; https://creativecommons.org/licenses/by/4.0/,true
quiz-ser-estar,2089,La boda es en agosto.,The wedding is in August.,CC BY 4.0,Spanish Editorial Learning; original project content; https://creativecommons.org/licenses/by/4.0/,true
quiz-ser-estar,2090,Esta manta es de lana.,This blanket is made of wool.,CC BY 4.0,Spanish Editorial Learning; original project content; https://creativecommons.org/licenses/by/4.0/,true
quiz-ser-estar,2091,El supermercado está a dos calles de aquí.,The supermarket is two streets from here.,CC BY 4.0,Spanish Editorial Learning; original project content; https://creativecommons.org/licenses/by/4.0/,true
quiz-ser-estar,2092,Mis gafas están encima de la mesa.,My glasses are on the table.,CC BY 4.0,Spanish Editorial Learning; original project content; https://creativecommons.org/licenses/by/4.0/,true
quiz-ser-estar,2093,La boda es en un jardín.,The wedding is in a garden.,CC BY 4.0,Spanish Editorial Learning; original project content; https://creativecommons.org/licenses/by/4.0/,true
quiz-ser-estar,2094,El hospital está al lado de la farmacia.,The hospital is next to the pharmacy.,CC BY 4.0,Spanish Editorial Learning; original project content; https://creativecommons.org/licenses/by/4.0/,true
quiz-ser-estar,2095,La exposición es en el centro cultural.,The exhibition is at the cultural centre.,CC BY 4.0,Spanish Editorial Learning; original project content; https://creativecommons.org/licenses/by/4.0/,true
quiz-ser-estar,2096,Los libros están en la estantería.,The books are on the shelf.,CC BY 4.0,Spanish Editorial Learning; original project content; https://creativecommons.org/licenses/by/4.0/,true
quiz-ser-estar,2097,Yo estoy en la sala de espera.,I am in the waiting room.,CC BY 4.0,Spanish Editorial Learning; original project content; https://creativecommons.org/licenses/by/4.0/,true
quiz-ser-estar,2098,La ceremonia es en la plaza principal.,The ceremony is in the main square.,CC BY 4.0,Spanish Editorial Learning; original project content; https://creativecommons.org/licenses/by/4.0/,true
quiz-ser-estar,2099,El parque está detrás del colegio.,The park is behind the school.,CC BY 4.0,Spanish Editorial Learning; original project content; https://creativecommons.org/licenses/by/4.0/,true
quiz-ser-estar,2100,Nosotros estamos en la última fila.,We are in the last row.,CC BY 4.0,Spanish Editorial Learning; original project content; https://creativecommons.org/licenses/by/4.0/,true
quiz-ser-estar,2101,La feria es fuera de la ciudad este año.,The fair is outside the city this year.,CC BY 4.0,Spanish Editorial Learning; original project content; https://creativecommons.org/licenses/by/4.0/,true
quiz-ser-estar,2102,Tus llaves están dentro del cajón.,Your keys are inside the drawer.,CC BY 4.0,Spanish Editorial Learning; original project content; https://creativecommons.org/licenses/by/4.0/,true
quiz-ser-estar,2103,El aeropuerto está lejos del centro.,The airport is far from the city centre.,CC BY 4.0,Spanish Editorial Learning; original project content; https://creativecommons.org/licenses/by/4.0/,true
quiz-ser-estar,2104,La reunión anual es en otra ciudad este año.,The annual meeting is in another city this year.,CC BY 4.0,Spanish Editorial Learning; original project content; https://creativecommons.org/licenses/by/4.0/,true
quiz-ser-estar,2105,Los niños están en el patio.,The children are in the playground.,CC BY 4.0,Spanish Editorial Learning; original project content; https://creativecommons.org/licenses/by/4.0/,true
quiz-ser-estar,2106,Yo estoy muy cansada hoy.,I am very tired today.,CC BY 4.0,Spanish Editorial Learning; original project content; https://creativecommons.org/licenses/by/4.0/,true
quiz-ser-estar,2107,La ventana está abierta.,The window is open.,CC BY 4.0,Spanish Editorial Learning; original project content; https://creativecommons.org/licenses/by/4.0/,true
quiz-ser-estar,2108,Mi hermano está enfadado conmigo.,My brother is angry with me.,CC BY 4.0,Spanish Editorial Learning; original project content; https://creativecommons.org/licenses/by/4.0/,true
quiz-ser-estar,2109,El agua está helada.,The water is freezing cold.,CC BY 4.0,Spanish Editorial Learning; original project content; https://creativecommons.org/licenses/by/4.0/,true
quiz-ser-estar,2110,Nosotros estamos preocupados por el examen.,We are worried about the exam.,CC BY 4.0,Spanish Editorial Learning; original project content; https://creativecommons.org/licenses/by/4.0/,true
quiz-ser-estar,2111,Las tiendas están cerradas los domingos.,The shops are closed on Sundays.,CC BY 4.0,Spanish Editorial Learning; original project content; https://creativecommons.org/licenses/by/4.0/,true
quiz-ser-estar,2112,Yo estoy emocionada por el viaje.,I am excited about the trip.,CC BY 4.0,Spanish Editorial Learning; original project content; https://creativecommons.org/licenses/by/4.0/,true
quiz-ser-estar,2113,El pastel está todavía caliente.,The cake is still warm.,CC BY 4.0,Spanish Editorial Learning; original project content; https://creativecommons.org/licenses/by/4.0/,true
quiz-ser-estar,2114,Mis padres están de vacaciones esta semana.,My parents are on vacation this week.,CC BY 4.0,Spanish Editorial Learning; original project content; https://creativecommons.org/licenses/by/4.0/,true
quiz-ser-estar,2115,"Tú estás resfriado, ¿verdad?","You have a cold, right?",CC BY 4.0,Spanish Editorial Learning; original project content; https://creativecommons.org/licenses/by/4.0/,true
quiz-ser-estar,2116,La leche está a punto de caducar.,The milk is about to expire.,CC BY 4.0,Spanish Editorial Learning; original project content; https://creativecommons.org/licenses/by/4.0/,true
quiz-ser-estar,2117,El equipo está nervioso antes del partido.,The team is nervous before the match.,CC BY 4.0,Spanish Editorial Learning; original project content; https://creativecommons.org/licenses/by/4.0/,true
quiz-ser-estar,2118,Las calles están mojadas después de la lluvia.,The streets are wet after the rain.,CC BY 4.0,Spanish Editorial Learning; original project content; https://creativecommons.org/licenses/by/4.0/,true
quiz-ser-estar,2119,Yo estoy un poco confundida con esta pregunta.,I am a bit confused by this question.,CC BY 4.0,Spanish Editorial Learning; original project content; https://creativecommons.org/licenses/by/4.0/,true
quiz-ser-estar,2120,El ambiente está tenso en la oficina hoy.,The atmosphere is tense in the office today.,CC BY 4.0,Spanish Editorial Learning; original project content; https://creativecommons.org/licenses/by/4.0/,true
quiz-ser-estar,2121,El trabajo está ya terminado.,The work is already finished.,CC BY 4.0,Spanish Editorial Learning; original project content; https://creativecommons.org/licenses/by/4.0/,true
quiz-ser-estar,2122,La puerta está rota desde ayer.,The door has been broken since yesterday.,CC BY 4.0,Spanish Editorial Learning; original project content; https://creativecommons.org/licenses/by/4.0/,true
quiz-ser-estar,2123,"Después de la operación, mi abuelo está mucho mejor.","After the surgery, my grandfather is much better.",CC BY 4.0,Spanish Editorial Learning; original project content; https://creativecommons.org/licenses/by/4.0/,true
quiz-ser-estar,2124,El pan está duro; llevaba días fuera.,The bread is hard; it had been out for days.,CC BY 4.0,Spanish Editorial Learning; original project content; https://creativecommons.org/licenses/by/4.0/,true
quiz-ser-estar,2125,"Desde que empezó a estudiar más, ella está mucho más segura en los exámenes.","Since she started studying more, she is much more confident in exams.",CC BY 4.0,Spanish Editorial Learning; original project content; https://creativecommons.org/licenses/by/4.0/,true
quiz-ser-estar,2126,El jarrón está roto en pedazos.,The vase is broken into pieces.,CC BY 4.0,Spanish Editorial Learning; original project content; https://creativecommons.org/licenses/by/4.0/,true
quiz-ser-estar,2127,"Después de tantos cambios, la empresa está irreconocible.","After so many changes, the company is unrecognisable.",CC BY 4.0,Spanish Editorial Learning; original project content; https://creativecommons.org/licenses/by/4.0/,true
quiz-ser-estar,2128,La fruta está madura ya.,The fruit is ripe now.,CC BY 4.0,Spanish Editorial Learning; original project content; https://creativecommons.org/licenses/by/4.0/,true
quiz-ser-estar,2129,El niño está más alto que el año pasado.,The boy has gotten taller than last year.,CC BY 4.0,Spanish Editorial Learning; original project content; https://creativecommons.org/licenses/by/4.0/,true
quiz-ser-estar,2130,La habitación está ordenada por fin.,The room is tidy at last.,CC BY 4.0,Spanish Editorial Learning; original project content; https://creativecommons.org/licenses/by/4.0/,true
quiz-ser-estar,2131,"Después del susto, todos están más tranquilos.","After the scare, everyone is calmer now.",CC BY 4.0,Spanish Editorial Learning; original project content; https://creativecommons.org/licenses/by/4.0/,true
quiz-ser-estar,2132,El proyecto está casi acabado.,The project is almost finished.,CC BY 4.0,Spanish Editorial Learning; original project content; https://creativecommons.org/licenses/by/4.0/,true
quiz-ser-estar,2133,Tu español está mucho mejor que antes.,Your Spanish is much better than before.,CC BY 4.0,Spanish Editorial Learning; original project content; https://creativecommons.org/licenses/by/4.0/,true
quiz-ser-estar,2134,Las plantas están secas después de tantos días de calor.,The plants are dry after so many hot days.,CC BY 4.0,Spanish Editorial Learning; original project content; https://creativecommons.org/licenses/by/4.0/,true
quiz-ser-estar,2135,El coche está reparado desde el lunes.,The car has been repaired since Monday.,CC BY 4.0,Spanish Editorial Learning; original project content; https://creativecommons.org/licenses/by/4.0/,true
quiz-ser-estar,2136,Ese documental es bastante aburrido.,That documentary is quite boring.,CC BY 4.0,Spanish Editorial Learning; original project content; https://creativecommons.org/licenses/by/4.0/,true
quiz-ser-estar,2137,Yo estoy aburrido en la clase de historia.,I am bored in history class.,CC BY 4.0,Spanish Editorial Learning; original project content; https://creativecommons.org/licenses/by/4.0/,true
quiz-ser-estar,2138,Mi tío es muy rico.,My uncle is very wealthy.,CC BY 4.0,Spanish Editorial Learning; original project content; https://creativecommons.org/licenses/by/4.0/,true
quiz-ser-estar,2139,Esta sopa está riquísima.,This soup tastes delicious.,CC BY 4.0,Spanish Editorial Learning; original project content; https://creativecommons.org/licenses/by/4.0/,true
quiz-ser-estar,2140,Este puente es seguro para cruzar.,This bridge is safe to cross.,CC BY 4.0,Spanish Editorial Learning; original project content; https://creativecommons.org/licenses/by/4.0/,true
quiz-ser-estar,2141,Yo estoy segura de mi respuesta.,I am sure of my answer.,CC BY 4.0,Spanish Editorial Learning; original project content; https://creativecommons.org/licenses/by/4.0/,true
quiz-ser-estar,2142,Este plato es malo; no lo pruebes.,This dish is bad quality; don't try it.,CC BY 4.0,Spanish Editorial Learning; original project content; https://creativecommons.org/licenses/by/4.0/,true
quiz-ser-estar,2143,Mi hijo está malo desde ayer.,My son has been sick since yesterday.,CC BY 4.0,Spanish Editorial Learning; original project content; https://creativecommons.org/licenses/by/4.0/,true
quiz-ser-estar,2144,Este plátano está verde todavía.,This banana is still unripe.,CC BY 4.0,Spanish Editorial Learning; original project content; https://creativecommons.org/licenses/by/4.0/,true
quiz-ser-estar,2145,Su color favorito es verde.,Her favourite colour is green.,CC BY 4.0,Spanish Editorial Learning; original project content; https://creativecommons.org/licenses/by/4.0/,true
quiz-ser-estar,2146,Mi abuelo está muy vivo para su edad.,My grandfather is very lively for his age.,CC BY 4.0,Spanish Editorial Learning; original project content; https://creativecommons.org/licenses/by/4.0/,true
quiz-ser-estar,2147,Esta ciudad es muy viva por las noches.,This city is very lively at night.,CC BY 4.0,Spanish Editorial Learning; original project content; https://creativecommons.org/licenses/by/4.0/,true
quiz-ser-estar,2148,Tú estás muy despierto para ser tan temprano.,You are very alert for it being so early.,CC BY 4.0,Spanish Editorial Learning; original project content; https://creativecommons.org/licenses/by/4.0/,true
quiz-ser-estar,2149,Mi sobrina es muy despierta; aprende rápido.,My niece is very sharp; she learns quickly.,CC BY 4.0,Spanish Editorial Learning; original project content; https://creativecommons.org/licenses/by/4.0/,true
quiz-ser-estar,2150,Ellos están atentos a cada detalle del proyecto.,They are attentive to every detail of the project right now.,CC BY 4.0,Spanish Editorial Learning; original project content; https://creativecommons.org/licenses/by/4.0/,true
quiz-preterite-imperfect,3001,Ayer yo fui al mercado.,Yesterday I went to the market.,CC BY 4.0,Spanish Editorial Learning; original project content; https://creativecommons.org/licenses/by/4.0/,true
quiz-preterite-imperfect,3002,"De niño, yo iba al parque cada tarde.","As a child, I used to go to the park every afternoon.",CC BY 4.0,Spanish Editorial Learning; original project content; https://creativecommons.org/licenses/by/4.0/,true
quiz-preterite-imperfect,3003,Anoche Marta preparó la cena a las ocho.,Last night Marta prepared dinner at eight.,CC BY 4.0,Spanish Editorial Learning; original project content; https://creativecommons.org/licenses/by/4.0/,true
quiz-preterite-imperfect,3004,"Cuando llegaban los primeros clientes, Nuria preparaba café en la barra.","As the first customers arrived, Nuria was making coffee at the counter.",CC BY 4.0,Spanish Editorial Learning; original project content; https://creativecommons.org/licenses/by/4.0/,true
quiz-preterite-imperfect,3005,El sábado nosotros salimos temprano.,On Saturday we left early.,CC BY 4.0,Spanish Editorial Learning; original project content; https://creativecommons.org/licenses/by/4.0/,true
quiz-preterite-imperfect,3006,Normalmente nosotros salíamos temprano para la escuela.,Normally we used to leave early for school.,CC BY 4.0,Spanish Editorial Learning; original project content; https://creativecommons.org/licenses/by/4.0/,true
quiz-preterite-imperfect,3007,"De repente, el tren llegó en la estación.","Suddenly, the train arrived at the station.",CC BY 4.0,Spanish Editorial Learning; original project content; https://creativecommons.org/licenses/by/4.0/,true
quiz-preterite-imperfect,3008,El tren llegaba cuando empezó la lluvia.,The train was arriving when the rain started.,CC BY 4.0,Spanish Editorial Learning; original project content; https://creativecommons.org/licenses/by/4.0/,true
quiz-preterite-imperfect,3009,En 2020 Ana vivió en Sevilla.,In 2020 Ana lived in Seville.,CC BY 4.0,Spanish Editorial Learning; original project content; https://creativecommons.org/licenses/by/4.0/,true
quiz-preterite-imperfect,3010,"Cuando la conocí, Ana vivía en Sevilla.","When I met her, Ana was living in Seville.",CC BY 4.0,Spanish Editorial Learning; original project content; https://creativecommons.org/licenses/by/4.0/,true
quiz-preterite-imperfect,3011,El profesor explicó la regla y luego dio ejemplos.,The teacher explained the rule and then gave examples.,CC BY 4.0,Spanish Editorial Learning; original project content; https://creativecommons.org/licenses/by/4.0/,true
quiz-preterite-imperfect,3012,El profesor explicaba la regla cuando entró el director.,The teacher was explaining the rule when the principal came in.,CC BY 4.0,Spanish Editorial Learning; original project content; https://creativecommons.org/licenses/by/4.0/,true
quiz-preterite-imperfect,3013,"Al ver las noticias, Luis se puso nervioso.","When he saw the news, Luis became nervous.",CC BY 4.0,Spanish Editorial Learning; original project content; https://creativecommons.org/licenses/by/4.0/,true
quiz-preterite-imperfect,3014,"Cada vez que hablaba en público, Luis se ponía nervioso.","Every time he spoke in public, Luis would get nervous.",CC BY 4.0,Spanish Editorial Learning; original project content; https://creativecommons.org/licenses/by/4.0/,true
quiz-preterite-imperfect,3015,La reunión empezó a las diez.,The meeting started at ten.,CC BY 4.0,Spanish Editorial Learning; original project content; https://creativecommons.org/licenses/by/4.0/,true
quiz-preterite-imperfect,3016,La reunión ya empezaba cuando llegué.,The meeting was already starting when I arrived.,CC BY 4.0,Spanish Editorial Learning; original project content; https://creativecommons.org/licenses/by/4.0/,true
quiz-preterite-imperfect,3017,"Ayer, Marta escribió una carta a su amiga.","Yesterday, Marta wrote a letter to her friend.",CC BY 4.0,Spanish Editorial Learning; original project content; https://creativecommons.org/licenses/by/4.0/,true
quiz-preterite-imperfect,3018,Anoche nosotros comimos en aquel restaurante nuevo.,Last night we ate at that new restaurant.,CC BY 4.0,Spanish Editorial Learning; original project content; https://creativecommons.org/licenses/by/4.0/,true
quiz-preterite-imperfect,3019,"El lunes pasado, yo compré un coche nuevo.","Last Monday, I bought a new car.",CC BY 4.0,Spanish Editorial Learning; original project content; https://creativecommons.org/licenses/by/4.0/,true
quiz-preterite-imperfect,3020,Diego hizo toda la tarea anoche.,Diego did all the homework last night.,CC BY 4.0,Spanish Editorial Learning; original project content; https://creativecommons.org/licenses/by/4.0/,true
quiz-preterite-imperfect,3021,"El sábado, mis padres pusieron la mesa para la cena especial.","On Saturday, my parents set the table for the special dinner.",CC BY 4.0,Spanish Editorial Learning; original project content; https://creativecommons.org/licenses/by/4.0/,true
quiz-preterite-imperfect,3022,Ella dijo la verdad por fin.,She finally told the truth.,CC BY 4.0,Spanish Editorial Learning; original project content; https://creativecommons.org/licenses/by/4.0/,true
quiz-preterite-imperfect,3023,Nosotros pudimos terminar el proyecto a tiempo.,We managed to finish the project on time.,CC BY 4.0,Spanish Editorial Learning; original project content; https://creativecommons.org/licenses/by/4.0/,true
quiz-preterite-imperfect,3024,Yo le dije la noticia esta mañana.,I told him the news this morning.,CC BY 4.0,Spanish Editorial Learning; original project content; https://creativecommons.org/licenses/by/4.0/,true
quiz-preterite-imperfect,3025,El tren llegó con dos horas de retraso.,The train arrived two hours late.,CC BY 4.0,Spanish Editorial Learning; original project content; https://creativecommons.org/licenses/by/4.0/,true
quiz-preterite-imperfect,3026,Yo les escribí un mensaje a mis abuelos el domingo.,I wrote a message to my grandparents on Sunday.,CC BY 4.0,Spanish Editorial Learning; original project content; https://creativecommons.org/licenses/by/4.0/,true
quiz-preterite-imperfect,3027,Los estudiantes hicieron el examen sin problemas.,The students did the exam without any problems.,CC BY 4.0,Spanish Editorial Learning; original project content; https://creativecommons.org/licenses/by/4.0/,true
quiz-preterite-imperfect,3028,Carla dijo que sí sin dudarlo.,Carla said yes without hesitation.,CC BY 4.0,Spanish Editorial Learning; original project content; https://creativecommons.org/licenses/by/4.0/,true
quiz-preterite-imperfect,3029,Tú hablaste muy bien en la entrevista.,You spoke very well in the interview.,CC BY 4.0,Spanish Editorial Learning; original project content; https://creativecommons.org/licenses/by/4.0/,true
quiz-preterite-imperfect,3030,Mi jefe decidió el proyecto la semana pasada.,My boss decided on the project last week.,CC BY 4.0,Spanish Editorial Learning; original project content; https://creativecommons.org/licenses/by/4.0/,true
quiz-preterite-imperfect,3031,Yo leí toda la novela en un fin de semana.,I read the whole novel in one weekend.,CC BY 4.0,Spanish Editorial Learning; original project content; https://creativecommons.org/licenses/by/4.0/,true
quiz-preterite-imperfect,3032,Nosotros supimos la respuesta correcta enseguida.,We found out the correct answer right away.,CC BY 4.0,Spanish Editorial Learning; original project content; https://creativecommons.org/licenses/by/4.0/,true
quiz-preterite-imperfect,3033,Ana vivió tres años en Londres antes de mudarse.,Ana lived in London for three years before moving.,CC BY 4.0,Spanish Editorial Learning; original project content; https://creativecommons.org/licenses/by/4.0/,true
quiz-preterite-imperfect,3034,El médico explicó el diagnóstico al paciente.,The doctor explained the diagnosis to the patient.,CC BY 4.0,Spanish Editorial Learning; original project content; https://creativecommons.org/licenses/by/4.0/,true
quiz-preterite-imperfect,3035,Yo di mi opinión en la reunión.,I gave my opinion at the meeting.,CC BY 4.0,Spanish Editorial Learning; original project content; https://creativecommons.org/licenses/by/4.0/,true
quiz-preterite-imperfect,3036,Mis amigos llegaron a la fiesta a las nueve.,My friends arrived at the party at nine.,CC BY 4.0,Spanish Editorial Learning; original project content; https://creativecommons.org/licenses/by/4.0/,true
quiz-preterite-imperfect,3037,Primero yo preparé la cena y luego llamé a mi hermana.,First I made dinner and then I called my sister.,CC BY 4.0,Spanish Editorial Learning; original project content; https://creativecommons.org/licenses/by/4.0/,true
quiz-preterite-imperfect,3038,"Luego, Sara escribió su nombre en el registro.","Then, Sara wrote her name in the register.",CC BY 4.0,Spanish Editorial Learning; original project content; https://creativecommons.org/licenses/by/4.0/,true
quiz-preterite-imperfect,3039,"Después de desayunar, nosotros salimos al trabajo juntos.","After having breakfast, we left for work together.",CC BY 4.0,Spanish Editorial Learning; original project content; https://creativecommons.org/licenses/by/4.0/,true
quiz-preterite-imperfect,3040,Entonces el profesor empezó la lección con un ejemplo.,Then the teacher started the lesson with an example.,CC BY 4.0,Spanish Editorial Learning; original project content; https://creativecommons.org/licenses/by/4.0/,true
quiz-preterite-imperfect,3041,"Finalmente, ellos dijeron que sí a la propuesta.","Finally, they said yes to the proposal.",CC BY 4.0,Spanish Editorial Learning; original project content; https://creativecommons.org/licenses/by/4.0/,true
quiz-preterite-imperfect,3042,"Después, yo escribí un correo a mi jefe.","Afterwards, I wrote an email to my boss.",CC BY 4.0,Spanish Editorial Learning; original project content; https://creativecommons.org/licenses/by/4.0/,true
quiz-preterite-imperfect,3043,"Luego, el camarero preparó la mesa rápidamente.","Then, the waiter prepared the table quickly.",CC BY 4.0,Spanish Editorial Learning; original project content; https://creativecommons.org/licenses/by/4.0/,true
quiz-preterite-imperfect,3044,"Primero, Luis leyó las instrucciones con cuidado.","First, Luis read the instructions carefully.",CC BY 4.0,Spanish Editorial Learning; original project content; https://creativecommons.org/licenses/by/4.0/,true
quiz-preterite-imperfect,3045,"Después de eso, nosotros compramos un café rápido.","After that, we bought a quick coffee.",CC BY 4.0,Spanish Editorial Learning; original project content; https://creativecommons.org/licenses/by/4.0/,true
quiz-preterite-imperfect,3046,"Finalmente, el director explicó el nuevo plan al equipo.","Finally, the director explained the new plan to the team.",CC BY 4.0,Spanish Editorial Learning; original project content; https://creativecommons.org/licenses/by/4.0/,true
quiz-preterite-imperfect,3047,Primero yo hablé con mi hermana y después con mis padres.,First I talked with my sister and then with my parents.,CC BY 4.0,Spanish Editorial Learning; original project content; https://creativecommons.org/licenses/by/4.0/,true
quiz-preterite-imperfect,3048,"Luego, Ana preparó toda la casa antes de la fiesta.","Then, Ana got the whole house ready before the party.",CC BY 4.0,Spanish Editorial Learning; original project content; https://creativecommons.org/licenses/by/4.0/,true
quiz-preterite-imperfect,3049,"Después, el camarero nos dio la cuenta.","Afterwards, the waiter gave us the bill.",CC BY 4.0,Spanish Editorial Learning; original project content; https://creativecommons.org/licenses/by/4.0/,true
quiz-preterite-imperfect,3050,"Entonces, ella dijo que necesitaba más tiempo.","Then, she said she needed more time.",CC BY 4.0,Spanish Editorial Learning; original project content; https://creativecommons.org/licenses/by/4.0/,true
quiz-preterite-imperfect,3051,"Primero, nosotros escribimos el correo con cuidado.","First, we wrote the email carefully.",CC BY 4.0,Spanish Editorial Learning; original project content; https://creativecommons.org/licenses/by/4.0/,true
quiz-preterite-imperfect,3052,"Luego, mis padres llegaron a casa y descansaron.","Then, my parents arrived home and rested.",CC BY 4.0,Spanish Editorial Learning; original project content; https://creativecommons.org/licenses/by/4.0/,true
quiz-preterite-imperfect,3053,"Antes de firmar, ellos leyeron el contrato con calma.","Before signing, they read the contract calmly.",CC BY 4.0,Spanish Editorial Learning; original project content; https://creativecommons.org/licenses/by/4.0/,true
quiz-preterite-imperfect,3054,"Finalmente, yo dije la verdad a mi amigo.","Finally, I told my friend the truth.",CC BY 4.0,Spanish Editorial Learning; original project content; https://creativecommons.org/licenses/by/4.0/,true
quiz-preterite-imperfect,3055,"Después del discurso, el público dio un fuerte aplauso.","After the speech, the audience gave a big round of applause.",CC BY 4.0,Spanish Editorial Learning; original project content; https://creativecommons.org/licenses/by/4.0/,true
quiz-preterite-imperfect,3056,"De repente, la niña empezó a llorar.","Suddenly, the girl started crying.",CC BY 4.0,Spanish Editorial Learning; original project content; https://creativecommons.org/licenses/by/4.0/,true
quiz-preterite-imperfect,3057,El partido empezó a las cuatro en punto.,The match started at four o'clock sharp.,CC BY 4.0,Spanish Editorial Learning; original project content; https://creativecommons.org/licenses/by/4.0/,true
quiz-preterite-imperfect,3058,"Cuando oyó la noticia, Marta se puso muy contenta.","When she heard the news, Marta became very happy.",CC BY 4.0,Spanish Editorial Learning; original project content; https://creativecommons.org/licenses/by/4.0/,true
quiz-preterite-imperfect,3059,"Al final del año, ellos decidieron trasladarse a otra ciudad.","At the end of the year, they decided to move to another city.",CC BY 4.0,Spanish Editorial Learning; original project content; https://creativecommons.org/licenses/by/4.0/,true
quiz-preterite-imperfect,3060,"Tras el accidente, Luis se puso mucho más cuidadoso.","After the accident, Luis became much more careful.",CC BY 4.0,Spanish Editorial Learning; original project content; https://creativecommons.org/licenses/by/4.0/,true
quiz-preterite-imperfect,3061,Yo empecé a trabajar aquí en enero.,I started working here in January.,CC BY 4.0,Spanish Editorial Learning; original project content; https://creativecommons.org/licenses/by/4.0/,true
quiz-preterite-imperfect,3062,"En ese momento, nosotros supimos que el plan no iba a funcionar.","At that moment, we found out the plan wasn't going to work.",CC BY 4.0,Spanish Editorial Learning; original project content; https://creativecommons.org/licenses/by/4.0/,true
quiz-preterite-imperfect,3063,"Después de la charla, los estudiantes se pusieron muy motivados.","After the talk, the students became very motivated.",CC BY 4.0,Spanish Editorial Learning; original project content; https://creativecommons.org/licenses/by/4.0/,true
quiz-preterite-imperfect,3064,La tormenta empezó de repente por la tarde.,The storm started suddenly in the afternoon.,CC BY 4.0,Spanish Editorial Learning; original project content; https://creativecommons.org/licenses/by/4.0/,true
quiz-preterite-imperfect,3065,"Cuando vio el examen, él se puso pálido.","When he saw the exam, he turned pale.",CC BY 4.0,Spanish Editorial Learning; original project content; https://creativecommons.org/licenses/by/4.0/,true
quiz-preterite-imperfect,3066,El curso empezó el mes pasado.,The course started last month.,CC BY 4.0,Spanish Editorial Learning; original project content; https://creativecommons.org/licenses/by/4.0/,true
quiz-preterite-imperfect,3067,Nosotros decidimos hacer las maletas la noche antes.,We decided to pack the night before.,CC BY 4.0,Spanish Editorial Learning; original project content; https://creativecommons.org/licenses/by/4.0/,true
quiz-preterite-imperfect,3068,"Tan pronto como llegó la carta, ella empezó a llorar de alegría.","As soon as the letter arrived, she started crying with joy.",CC BY 4.0,Spanish Editorial Learning; original project content; https://creativecommons.org/licenses/by/4.0/,true
quiz-preterite-imperfect,3069,"Después de años dudando, mi padre decidió cambiar de trabajo.","After years of hesitating, my father decided to change jobs.",CC BY 4.0,Spanish Editorial Learning; original project content; https://creativecommons.org/licenses/by/4.0/,true
quiz-preterite-imperfect,3070,"Cuando sonó la alarma, todos se pusieron nerviosos.","When the alarm went off, everyone got nervous.",CC BY 4.0,Spanish Editorial Learning; original project content; https://creativecommons.org/licenses/by/4.0/,true
quiz-preterite-imperfect,3071,La construcción empezó hace dos años.,The construction started two years ago.,CC BY 4.0,Spanish Editorial Learning; original project content; https://creativecommons.org/licenses/by/4.0/,true
quiz-preterite-imperfect,3072,"Al oír el ruido, el perro empezó a ladrar.","Upon hearing the noise, the dog started barking.",CC BY 4.0,Spanish Editorial Learning; original project content; https://creativecommons.org/licenses/by/4.0/,true
quiz-preterite-imperfect,3073,"En esa reunión, ellos decidieron cambiar toda la estrategia.","In that meeting, they decided to change the whole strategy.",CC BY 4.0,Spanish Editorial Learning; original project content; https://creativecommons.org/licenses/by/4.0/,true
quiz-preterite-imperfect,3074,"Al saber la verdad, Carla se puso muy seria.","On learning the truth, Carla became very serious.",CC BY 4.0,Spanish Editorial Learning; original project content; https://creativecommons.org/licenses/by/4.0/,true
quiz-preterite-imperfect,3075,"De niño, yo comía mucho pan con mantequilla.","As a child, I used to eat a lot of bread with butter.",CC BY 4.0,Spanish Editorial Learning; original project content; https://creativecommons.org/licenses/by/4.0/,true
quiz-preterite-imperfect,3076,"Todos los veranos, mis abuelos nos escribían muchas cartas.","Every summer, my grandparents used to write us many letters.",CC BY 4.0,Spanish Editorial Learning; original project content; https://creativecommons.org/licenses/by/4.0/,true
quiz-preterite-imperfect,3077,"Antes, nosotros comprábamos en aquella tienda pequeña.","Before, we used to shop at that small store.",CC BY 4.0,Spanish Editorial Learning; original project content; https://creativecommons.org/licenses/by/4.0/,true
quiz-preterite-imperfect,3078,"Cuando era estudiante, Marta estudiaba todas las noches hasta tarde.","When she was a student, Marta used to study every night until late.",CC BY 4.0,Spanish Editorial Learning; original project content; https://creativecommons.org/licenses/by/4.0/,true
quiz-preterite-imperfect,3079,"Siempre, mi padre nos decía la misma historia antes de dormir.",My father always used to tell us the same story before bed.,CC BY 4.0,Spanish Editorial Learning; original project content; https://creativecommons.org/licenses/by/4.0/,true
quiz-preterite-imperfect,3080,"Cada domingo, nosotros hablábamos con mis abuelos por teléfono.","Every Sunday, we used to talk with my grandparents on the phone.",CC BY 4.0,Spanish Editorial Learning; original project content; https://creativecommons.org/licenses/by/4.0/,true
quiz-preterite-imperfect,3081,"En aquella época, yo trabajaba muy poco.","At that time, I used to work very little.",CC BY 4.0,Spanish Editorial Learning; original project content; https://creativecommons.org/licenses/by/4.0/,true
quiz-preterite-imperfect,3082,"De pequeños, nosotros leíamos libros de aventuras todo el verano.","As kids, we used to read adventure books all summer.",CC BY 4.0,Spanish Editorial Learning; original project content; https://creativecommons.org/licenses/by/4.0/,true
quiz-preterite-imperfect,3083,"A menudo, los vecinos tenían quejas sobre el ruido.",The neighbours often had complaints about the noise.,CC BY 4.0,Spanish Editorial Learning; original project content; https://creativecommons.org/licenses/by/4.0/,true
quiz-preterite-imperfect,3084,"Cuando vivíamos en el pueblo, mi madre hacía el pan en casa.","When we lived in the village, my mother used to make bread at home.",CC BY 4.0,Spanish Editorial Learning; original project content; https://creativecommons.org/licenses/by/4.0/,true
quiz-preterite-imperfect,3085,"Normalmente, yo le decía la verdad a todo el mundo.","Normally, I used to tell everyone the truth.",CC BY 4.0,Spanish Editorial Learning; original project content; https://creativecommons.org/licenses/by/4.0/,true
quiz-preterite-imperfect,3086,"Cada verano, mis padres preparaban la casa de la playa.","Every summer, my parents used to get the beach house ready.",CC BY 4.0,Spanish Editorial Learning; original project content; https://creativecommons.org/licenses/by/4.0/,true
quiz-preterite-imperfect,3087,"De adolescente, tú hablabas muchísimo con tus amigos.","As a teenager, you used to talk a lot with your friends.",CC BY 4.0,Spanish Editorial Learning; original project content; https://creativecommons.org/licenses/by/4.0/,true
quiz-preterite-imperfect,3088,"Habitualmente, ellos compraban café en la misma cafetería.",They habitually used to buy coffee at the same café.,CC BY 4.0,Spanish Editorial Learning; original project content; https://creativecommons.org/licenses/by/4.0/,true
quiz-preterite-imperfect,3089,"En esos años, mi abuelo ponía la radio todas las tardes.","In those years, my grandfather used to put the radio on every afternoon.",CC BY 4.0,Spanish Editorial Learning; original project content; https://creativecommons.org/licenses/by/4.0/,true
quiz-preterite-imperfect,3090,"Cuando éramos niños, nosotros escribíamos cartas a nuestros primos todos los veranos.","When we were children, we used to write letters to our cousins every summer.",CC BY 4.0,Spanish Editorial Learning; original project content; https://creativecommons.org/licenses/by/4.0/,true
quiz-preterite-imperfect,3091,"Frecuentemente, el jefe nos daba instrucciones muy detalladas.",The boss would frequently give us very detailed instructions.,CC BY 4.0,Spanish Editorial Learning; original project content; https://creativecommons.org/licenses/by/4.0/,true
quiz-preterite-imperfect,3092,"Cada mañana, mi madre preparaba el desayuno para todos.","Every morning, my mother used to prepare breakfast for everyone.",CC BY 4.0,Spanish Editorial Learning; original project content; https://creativecommons.org/licenses/by/4.0/,true
quiz-preterite-imperfect,3093,"De joven, ella podía resolver cualquier problema sola.","As a young woman, she could handle any problem on her own.",CC BY 4.0,Spanish Editorial Learning; original project content; https://creativecommons.org/licenses/by/4.0/,true
quiz-preterite-imperfect,3094,"Todos los años, la empresa hacía una fiesta de fin de año.","Every year, the company used to hold an end-of-year party.",CC BY 4.0,Spanish Editorial Learning; original project content; https://creativecommons.org/licenses/by/4.0/,true
quiz-preterite-imperfect,3095,"A esa hora, yo todavía trabajaba en la oficina.","At that hour, I was still working at the office.",CC BY 4.0,Spanish Editorial Learning; original project content; https://creativecommons.org/licenses/by/4.0/,true
quiz-preterite-imperfect,3096,"En aquel momento, nosotros preparábamos un plan para el fin de semana.","At that moment, we were preparing a plan for the weekend.",CC BY 4.0,Spanish Editorial Learning; original project content; https://creativecommons.org/licenses/by/4.0/,true
quiz-preterite-imperfect,3097,"Aquella tarde, los niños leían tranquilamente en el jardín.","That afternoon, the children were reading quietly in the garden.",CC BY 4.0,Spanish Editorial Learning; original project content; https://creativecommons.org/licenses/by/4.0/,true
quiz-preterite-imperfect,3098,"Mientras tanto, Ana escribía un correo importante.","Meanwhile, Ana was writing an important email.",CC BY 4.0,Spanish Editorial Learning; original project content; https://creativecommons.org/licenses/by/4.0/,true
quiz-preterite-imperfect,3099,"A esa edad, yo no sabía nada sobre política.","At that age, I didn't know anything about politics.",CC BY 4.0,Spanish Editorial Learning; original project content; https://creativecommons.org/licenses/by/4.0/,true
quiz-preterite-imperfect,3100,"En esos días, mi hermano tenía un trabajo nuevo.","In those days, my brother had a new job.",CC BY 4.0,Spanish Editorial Learning; original project content; https://creativecommons.org/licenses/by/4.0/,true
quiz-preterite-imperfect,3101,"Aquel verano, nosotros teníamos mucho tiempo libre.","That summer, we had a lot of free time.",CC BY 4.0,Spanish Editorial Learning; original project content; https://creativecommons.org/licenses/by/4.0/,true
quiz-preterite-imperfect,3102,"Por aquel entonces, ella trabajaba en una empresa pequeña.","Back then, she was working at a small company.",CC BY 4.0,Spanish Editorial Learning; original project content; https://creativecommons.org/licenses/by/4.0/,true
quiz-preterite-imperfect,3103,Esa mañana hacía mucho frío.,That morning it was very cold.,CC BY 4.0,Spanish Editorial Learning; original project content; https://creativecommons.org/licenses/by/4.0/,true
quiz-preterite-imperfect,3104,"En aquella casa, los vecinos hacían mucho ruido a esa hora.","In that house, the neighbours used to make a lot of noise at that hour.",CC BY 4.0,Spanish Editorial Learning; original project content; https://creativecommons.org/licenses/by/4.0/,true
quiz-preterite-imperfect,3105,"Aquel día, yo tenía un poco de fiebre.","That day, I had a slight fever.",CC BY 4.0,Spanish Editorial Learning; original project content; https://creativecommons.org/licenses/by/4.0/,true
quiz-preterite-imperfect,3106,"En aquella época, el equipo tenía un entrenador muy exigente.","At that time, the team had a very demanding coach.",CC BY 4.0,Spanish Editorial Learning; original project content; https://creativecommons.org/licenses/by/4.0/,true
quiz-preterite-imperfect,3107,"A esa hora, nosotros todavía preparábamos la cena.","At that hour, we were still preparing dinner.",CC BY 4.0,Spanish Editorial Learning; original project content; https://creativecommons.org/licenses/by/4.0/,true
quiz-preterite-imperfect,3108,"Aquel invierno, mis padres hablaban de vender la casa.","That winter, my parents were talking about selling the house.",CC BY 4.0,Spanish Editorial Learning; original project content; https://creativecommons.org/licenses/by/4.0/,true
quiz-preterite-imperfect,3109,"En aquellos años, yo tenía muy poco dinero.","In those years, I had very little money.",CC BY 4.0,Spanish Editorial Learning; original project content; https://creativecommons.org/licenses/by/4.0/,true
quiz-preterite-imperfect,3110,"Por entonces, la ciudad no tenía tanto tráfico como ahora.","Back then, the city didn't have as much traffic as now.",CC BY 4.0,Spanish Editorial Learning; original project content; https://creativecommons.org/licenses/by/4.0/,true
quiz-preterite-imperfect,3111,"Esa noche, afuera hacía mucho viento.","That night, it was very windy outside.",CC BY 4.0,Spanish Editorial Learning; original project content; https://creativecommons.org/licenses/by/4.0/,true
quiz-preterite-imperfect,3112,"En aquel restaurante, los camareros daban muy buen servicio.","At that restaurant, the waiters used to give very good service.",CC BY 4.0,Spanish Editorial Learning; original project content; https://creativecommons.org/licenses/by/4.0/,true
quiz-preterite-imperfect,3113,"Mientras tanto, mi jefe daba instrucciones por teléfono.","Meanwhile, my boss was giving instructions over the phone.",CC BY 4.0,Spanish Editorial Learning; original project content; https://creativecommons.org/licenses/by/4.0/,true
quiz-preterite-imperfect,3114,"En aquella foto, mi madre tenía solo veinte años.","In that photo, my mother was only twenty years old.",CC BY 4.0,Spanish Editorial Learning; original project content; https://creativecommons.org/licenses/by/4.0/,true
quiz-preterite-imperfect,3115,"Cuando lo conocí, él tenía barba y el pelo largo.","When I met him, he had a beard and long hair.",CC BY 4.0,Spanish Editorial Learning; original project content; https://creativecommons.org/licenses/by/4.0/,true
quiz-preterite-imperfect,3116,Aquella tarde hacía un día precioso.,That afternoon it was a beautiful day.,CC BY 4.0,Spanish Editorial Learning; original project content; https://creativecommons.org/licenses/by/4.0/,true
quiz-preterite-imperfect,3117,Esa mañana hacía mucho sol.,That morning it was very sunny.,CC BY 4.0,Spanish Editorial Learning; original project content; https://creativecommons.org/licenses/by/4.0/,true
quiz-preterite-imperfect,3118,"De joven, mi abuelo sabía mucho de historia.","As a young man, my grandfather knew a lot about history.",CC BY 4.0,Spanish Editorial Learning; original project content; https://creativecommons.org/licenses/by/4.0/,true
quiz-preterite-imperfect,3119,Mi tía sabía tocar el piano de oído.,My aunt knew how to play the piano by ear.,CC BY 4.0,Spanish Editorial Learning; original project content; https://creativecommons.org/licenses/by/4.0/,true
quiz-preterite-imperfect,3120,"De niño, yo podía correr muy rápido.","As a child, I could run very fast.",CC BY 4.0,Spanish Editorial Learning; original project content; https://creativecommons.org/licenses/by/4.0/,true
quiz-preterite-imperfect,3121,Mi padre podía levantar mucho peso cuando era joven.,My father could lift a lot of weight when he was young.,CC BY 4.0,Spanish Editorial Learning; original project content; https://creativecommons.org/licenses/by/4.0/,true
quiz-preterite-imperfect,3122,"En aquella empresa, los empleados podían trabajar desde casa dos días a la semana.","At that company, employees could work from home two days a week.",CC BY 4.0,Spanish Editorial Learning; original project content; https://creativecommons.org/licenses/by/4.0/,true
quiz-preterite-imperfect,3123,"De pequeño, yo siempre quería ser piloto.","As a little kid, I always wanted to be a pilot.",CC BY 4.0,Spanish Editorial Learning; original project content; https://creativecommons.org/licenses/by/4.0/,true
quiz-preterite-imperfect,3124,Mi hermana quería ayudar a los demás siempre.,My sister always wanted to help others.,CC BY 4.0,Spanish Editorial Learning; original project content; https://creativecommons.org/licenses/by/4.0/,true
quiz-preterite-imperfect,3125,"Antes de la operación, mi abuelo tenía mucho miedo.","Before the surgery, my grandfather was very afraid.",CC BY 4.0,Spanish Editorial Learning; original project content; https://creativecommons.org/licenses/by/4.0/,true
quiz-preterite-imperfect,3126,"Antes de mudarnos, nuestro piso tenía muy poca luz natural.","Before we moved, our flat had very little natural light.",CC BY 4.0,Spanish Editorial Learning; original project content; https://creativecommons.org/licenses/by/4.0/,true
quiz-preterite-imperfect,3127,"Por las tardes, el sol daba directamente en la ventana.","In the afternoons, the sun used to shine directly into the window.",CC BY 4.0,Spanish Editorial Learning; original project content; https://creativecommons.org/licenses/by/4.0/,true
quiz-preterite-imperfect,3128,"En aquel momento, la habitación tenía un olor extraño.","At that moment, the room had a strange smell.",CC BY 4.0,Spanish Editorial Learning; original project content; https://creativecommons.org/licenses/by/4.0/,true
quiz-preterite-imperfect,3129,"Cuando era joven, mi abuela tenía una voz preciosa.","When she was young, my grandmother had a beautiful voice.",CC BY 4.0,Spanish Editorial Learning; original project content; https://creativecommons.org/licenses/by/4.0/,true
quiz-preterite-imperfect,3130,"Ese día, el examen tenía cinco preguntas muy difíciles.","That day, the exam had five very difficult questions.",CC BY 4.0,Spanish Editorial Learning; original project content; https://creativecommons.org/licenses/by/4.0/,true
quiz-preterite-imperfect,3131,"Cuando yo tenía diez años, mi familia tenía un perro enorme.","When I was ten, my family had a huge dog.",CC BY 4.0,Spanish Editorial Learning; original project content; https://creativecommons.org/licenses/by/4.0/,true
quiz-preterite-imperfect,3132,"Esa tarde, el parque tenía mucha gente paseando.","That afternoon, the park had a lot of people strolling around.",CC BY 4.0,Spanish Editorial Learning; original project content; https://creativecommons.org/licenses/by/4.0/,true
quiz-preterite-imperfect,3133,"Mientras yo preparaba la cena, se apagó la luz.","While I was preparing dinner, the light went out.",CC BY 4.0,Spanish Editorial Learning; original project content; https://creativecommons.org/licenses/by/4.0/,true
quiz-preterite-imperfect,3134,Yo escribía cuando sonó el teléfono.,I was writing when the phone rang.,CC BY 4.0,Spanish Editorial Learning; original project content; https://creativecommons.org/licenses/by/4.0/,true
quiz-preterite-imperfect,3135,Nosotros comíamos cuando empezó a llover.,We were eating when it started to rain.,CC BY 4.0,Spanish Editorial Learning; original project content; https://creativecommons.org/licenses/by/4.0/,true
quiz-preterite-imperfect,3136,"Mientras el profesor explicaba el examen, un alumno llegó tarde.","While the teacher was explaining the exam, a student arrived late.",CC BY 4.0,Spanish Editorial Learning; original project content; https://creativecommons.org/licenses/by/4.0/,true
quiz-preterite-imperfect,3137,Ana trabajaba cuando se cortó la luz.,Ana was working when the power went out.,CC BY 4.0,Spanish Editorial Learning; original project content; https://creativecommons.org/licenses/by/4.0/,true
quiz-preterite-imperfect,3138,"Mientras nosotros hablábamos del problema, llegó la solución por correo.","While we were talking about the problem, the solution arrived by email.",CC BY 4.0,Spanish Editorial Learning; original project content; https://creativecommons.org/licenses/by/4.0/,true
quiz-preterite-imperfect,3139,Los niños leían cuando su madre los llamó.,The children were reading when their mother called them.,CC BY 4.0,Spanish Editorial Learning; original project content; https://creativecommons.org/licenses/by/4.0/,true
quiz-preterite-imperfect,3140,"Mientras yo le decía la verdad, él empezó a llorar.","While I was telling him the truth, he started to cry.",CC BY 4.0,Spanish Editorial Learning; original project content; https://creativecommons.org/licenses/by/4.0/,true
quiz-preterite-imperfect,3141,Tú estudiabas cuando te llamé por primera vez.,You were studying when I called you for the first time.,CC BY 4.0,Spanish Editorial Learning; original project content; https://creativecommons.org/licenses/by/4.0/,true
quiz-preterite-imperfect,3142,"Mientras el camarero preparaba la mesa, se rompió un vaso.","While the waiter was setting the table, a glass broke.",CC BY 4.0,Spanish Editorial Learning; original project content; https://creativecommons.org/licenses/by/4.0/,true
quiz-preterite-imperfect,3143,Nosotros trabajábamos cuando empezó el incendio.,We were working when the fire started.,CC BY 4.0,Spanish Editorial Learning; original project content; https://creativecommons.org/licenses/by/4.0/,true
quiz-preterite-imperfect,3144,Yo le escribía el mensaje cuando se cortó internet.,I was writing him the message when the internet cut out.,CC BY 4.0,Spanish Editorial Learning; original project content; https://creativecommons.org/licenses/by/4.0/,true
quiz-preterite-imperfect,3145,"Mientras Carla trabajaba en el jardín, empezó a nevar.","While Carla was working in the garden, it started to snow.",CC BY 4.0,Spanish Editorial Learning; original project content; https://creativecommons.org/licenses/by/4.0/,true
quiz-preterite-imperfect,3146,El público hablaba cuando se apagaron las luces del teatro.,The audience was talking when the theatre lights went out.,CC BY 4.0,Spanish Editorial Learning; original project content; https://creativecommons.org/licenses/by/4.0/,true
quiz-preterite-imperfect,3147,"Mientras mis padres preparaban la cena, yo puse la mesa.","While my parents were preparing dinner, I set the table.",CC BY 4.0,Spanish Editorial Learning; original project content; https://creativecommons.org/licenses/by/4.0/,true
quiz-preterite-imperfect,3148,Yo trabajaba cuando por fin llegó la noticia.,I was working when the news finally arrived.,CC BY 4.0,Spanish Editorial Learning; original project content; https://creativecommons.org/licenses/by/4.0/,true
quiz-preterite-imperfect,3149,"Mientras el director leía el discurso, se fue la luz.","While the director was reading the speech, the power went out.",CC BY 4.0,Spanish Editorial Learning; original project content; https://creativecommons.org/licenses/by/4.0/,true
quiz-preterite-imperfect,3150,Los estudiantes estudiaban cuando sonó la alarma de incendios.,The students were studying when the fire alarm went off.,CC BY 4.0,Spanish Editorial Learning; original project content; https://creativecommons.org/licenses/by/4.0/,true
quiz-por-para,4001,Voy a estudiar por dos horas esta tarde.,I am going to study for two hours this afternoon.,CC BY 4.0,Spanish Editorial Learning; original project content; https://creativecommons.org/licenses/by/4.0/,true
quiz-por-para,4002,Ella trabajó por seis meses en esa empresa.,She worked for six months at that company.,CC BY 4.0,Spanish Editorial Learning; original project content; https://creativecommons.org/licenses/by/4.0/,true
quiz-por-para,4003,Vivimos en Chile por tres años.,We lived in Chile for three years.,CC BY 4.0,Spanish Editorial Learning; original project content; https://creativecommons.org/licenses/by/4.0/,true
quiz-por-para,4004,Practicaré español por media hora cada día.,I will practise Spanish for half an hour every day.,CC BY 4.0,Spanish Editorial Learning; original project content; https://creativecommons.org/licenses/by/4.0/,true
quiz-por-para,4005,El bebé durmió por diez horas anoche.,The baby slept for ten hours last night.,CC BY 4.0,Spanish Editorial Learning; original project content; https://creativecommons.org/licenses/by/4.0/,true
quiz-por-para,4006,Estuvimos en la playa por todo el día.,We were at the beach for the whole day.,CC BY 4.0,Spanish Editorial Learning; original project content; https://creativecommons.org/licenses/by/4.0/,true
quiz-por-para,4007,Van a viajar por dos semanas.,They are going to travel for two weeks.,CC BY 4.0,Spanish Editorial Learning; original project content; https://creativecommons.org/licenses/by/4.0/,true
quiz-por-para,4008,Esperamos por veinte minutos en la parada.,We waited for twenty minutes at the stop.,CC BY 4.0,Spanish Editorial Learning; original project content; https://creativecommons.org/licenses/by/4.0/,true
quiz-por-para,4009,Trabajó por muchos años como enfermera.,She worked for many years as a nurse.,CC BY 4.0,Spanish Editorial Learning; original project content; https://creativecommons.org/licenses/by/4.0/,true
quiz-por-para,4010,Caminamos por una hora antes de cenar.,We walked for an hour before dinner.,CC BY 4.0,Spanish Editorial Learning; original project content; https://creativecommons.org/licenses/by/4.0/,true
quiz-por-para,4011,Cancelaron el partido por la lluvia.,They cancelled the match because of the rain.,CC BY 4.0,Spanish Editorial Learning; original project content; https://creativecommons.org/licenses/by/4.0/,true
quiz-por-para,4012,Llegué tarde por el tráfico.,I arrived late because of the traffic.,CC BY 4.0,Spanish Editorial Learning; original project content; https://creativecommons.org/licenses/by/4.0/,true
quiz-por-para,4013,"Lo hago por amor, no por dinero.","I do it out of love, not for money.",CC BY 4.0,Spanish Editorial Learning; original project content; https://creativecommons.org/licenses/by/4.0/,true
quiz-por-para,4014,Se disculpó por su error.,He apologised for his mistake.,CC BY 4.0,Spanish Editorial Learning; original project content; https://creativecommons.org/licenses/by/4.0/,true
quiz-por-para,4015,Está preocupada por los exámenes.,She is worried about the exams.,CC BY 4.0,Spanish Editorial Learning; original project content; https://creativecommons.org/licenses/by/4.0/,true
quiz-por-para,4016,Perdimos el vuelo por el retraso del taxi.,We missed the flight because of the taxi's delay.,CC BY 4.0,Spanish Editorial Learning; original project content; https://creativecommons.org/licenses/by/4.0/,true
quiz-por-para,4017,Ganó el premio por su esfuerzo.,She won the prize because of her effort.,CC BY 4.0,Spanish Editorial Learning; original project content; https://creativecommons.org/licenses/by/4.0/,true
quiz-por-para,4018,No pudimos salir por el mal tiempo.,We couldn't go out because of the bad weather.,CC BY 4.0,Spanish Editorial Learning; original project content; https://creativecommons.org/licenses/by/4.0/,true
quiz-por-para,4019,Te doy las gracias por tu ayuda.,I thank you for your help.,CC BY 4.0,Spanish Editorial Learning; original project content; https://creativecommons.org/licenses/by/4.0/,true
quiz-por-para,4020,Ella lloró por la triste noticia.,She cried because of the sad news.,CC BY 4.0,Spanish Editorial Learning; original project content; https://creativecommons.org/licenses/by/4.0/,true
quiz-por-para,4021,El puente se cerró por las obras.,The bridge was closed because of the construction work.,CC BY 4.0,Spanish Editorial Learning; original project content; https://creativecommons.org/licenses/by/4.0/,true
quiz-por-para,4022,Nos preocupamos por su salud.,We worry about his health.,CC BY 4.0,Spanish Editorial Learning; original project content; https://creativecommons.org/licenses/by/4.0/,true
quiz-por-para,4023,Se enfermó por comer tanto.,He got sick from eating so much.,CC BY 4.0,Spanish Editorial Learning; original project content; https://creativecommons.org/licenses/by/4.0/,true
quiz-por-para,4024,Todos aplaudieron por su valentía.,Everyone applauded because of her bravery.,CC BY 4.0,Spanish Editorial Learning; original project content; https://creativecommons.org/licenses/by/4.0/,true
quiz-por-para,4025,Renunció al trabajo por el estrés.,She quit the job because of the stress.,CC BY 4.0,Spanish Editorial Learning; original project content; https://creativecommons.org/licenses/by/4.0/,true
quiz-por-para,4026,Compré esta bicicleta por cien euros.,I bought this bike for one hundred euros.,CC BY 4.0,Spanish Editorial Learning; original project content; https://creativecommons.org/licenses/by/4.0/,true
quiz-por-para,4027,Cambié mi coche viejo por uno nuevo.,I traded my old car for a new one.,CC BY 4.0,Spanish Editorial Learning; original project content; https://creativecommons.org/licenses/by/4.0/,true
quiz-por-para,4028,Pagó treinta dólares por el libro.,She paid thirty dollars for the book.,CC BY 4.0,Spanish Editorial Learning; original project content; https://creativecommons.org/licenses/by/4.0/,true
quiz-por-para,4029,Vendí mi guitarra por ciento cincuenta euros.,I sold my guitar for one hundred fifty euros.,CC BY 4.0,Spanish Editorial Learning; original project content; https://creativecommons.org/licenses/by/4.0/,true
quiz-por-para,4030,Te doy mi entrada por la tuya.,I'll give you my ticket for yours.,CC BY 4.0,Spanish Editorial Learning; original project content; https://creativecommons.org/licenses/by/4.0/,true
quiz-por-para,4031,Compramos la casa por un buen precio.,We bought the house for a good price.,CC BY 4.0,Spanish Editorial Learning; original project content; https://creativecommons.org/licenses/by/4.0/,true
quiz-por-para,4032,Pagué diez euros por el taxi.,I paid ten euros for the taxi.,CC BY 4.0,Spanish Editorial Learning; original project content; https://creativecommons.org/licenses/by/4.0/,true
quiz-por-para,4033,Cambiamos euros por dólares en el banco.,We exchanged euros for dollars at the bank.,CC BY 4.0,Spanish Editorial Learning; original project content; https://creativecommons.org/licenses/by/4.0/,true
quiz-por-para,4034,Ofreció cincuenta euros por el cuadro.,He offered fifty euros for the painting.,CC BY 4.0,Spanish Editorial Learning; original project content; https://creativecommons.org/licenses/by/4.0/,true
quiz-por-para,4035,Compré este vestido por muy poco dinero.,I bought this dress for very little money.,CC BY 4.0,Spanish Editorial Learning; original project content; https://creativecommons.org/licenses/by/4.0/,true
quiz-por-para,4036,Te llamo por teléfono esta noche.,I'll call you by phone tonight.,CC BY 4.0,Spanish Editorial Learning; original project content; https://creativecommons.org/licenses/by/4.0/,true
quiz-por-para,4037,Mandaron el paquete por correo.,They sent the package by mail.,CC BY 4.0,Spanish Editorial Learning; original project content; https://creativecommons.org/licenses/by/4.0/,true
quiz-por-para,4038,Viajamos por avión hasta Madrid.,We travelled by plane to Madrid.,CC BY 4.0,Spanish Editorial Learning; original project content; https://creativecommons.org/licenses/by/4.0/,true
quiz-por-para,4039,Nos comunicamos por videollamada.,We communicate by video call.,CC BY 4.0,Spanish Editorial Learning; original project content; https://creativecommons.org/licenses/by/4.0/,true
quiz-por-para,4040,Envié el documento por correo electrónico.,I sent the document by email.,CC BY 4.0,Spanish Editorial Learning; original project content; https://creativecommons.org/licenses/by/4.0/,true
quiz-por-para,4041,Hablamos por Skype la semana pasada.,We spoke over Skype last week.,CC BY 4.0,Spanish Editorial Learning; original project content; https://creativecommons.org/licenses/by/4.0/,true
quiz-por-para,4042,Vinieron por barco desde Argentina.,They came by boat from Argentina.,CC BY 4.0,Spanish Editorial Learning; original project content; https://creativecommons.org/licenses/by/4.0/,true
quiz-por-para,4043,Se enteraron de la noticia por la radio.,They found out about the news through the radio.,CC BY 4.0,Spanish Editorial Learning; original project content; https://creativecommons.org/licenses/by/4.0/,true
quiz-por-para,4044,Reservamos el hotel por internet.,We booked the hotel through the internet.,CC BY 4.0,Spanish Editorial Learning; original project content; https://creativecommons.org/licenses/by/4.0/,true
quiz-por-para,4045,Nos avisaron por mensaje de texto.,They notified us by text message.,CC BY 4.0,Spanish Editorial Learning; original project content; https://creativecommons.org/licenses/by/4.0/,true
quiz-por-para,4046,Caminamos por el parque esta mañana.,We walked through the park this morning.,CC BY 4.0,Spanish Editorial Learning; original project content; https://creativecommons.org/licenses/by/4.0/,true
quiz-por-para,4047,El río pasa por el centro de la ciudad.,The river runs through the centre of the city.,CC BY 4.0,Spanish Editorial Learning; original project content; https://creativecommons.org/licenses/by/4.0/,true
quiz-por-para,4048,Fuimos por la autopista para llegar más rápido.,We went by the highway to arrive faster.,CC BY 4.0,Spanish Editorial Learning; original project content; https://creativecommons.org/licenses/by/4.0/,true
quiz-por-para,4049,Paseamos por la playa al atardecer.,We strolled along the beach at sunset.,CC BY 4.0,Spanish Editorial Learning; original project content; https://creativecommons.org/licenses/by/4.0/,true
quiz-por-para,4050,Entramos por la puerta principal.,We came in through the main door.,CC BY 4.0,Spanish Editorial Learning; original project content; https://creativecommons.org/licenses/by/4.0/,true
quiz-por-para,4051,El ladrón escapó por la ventana.,The thief escaped through the window.,CC BY 4.0,Spanish Editorial Learning; original project content; https://creativecommons.org/licenses/by/4.0/,true
quiz-por-para,4052,"Subimos por las escaleras, no por el ascensor.","We went up by the stairs, not the elevator.",CC BY 4.0,Spanish Editorial Learning; original project content; https://creativecommons.org/licenses/by/4.0/,true
quiz-por-para,4053,Conducimos por las montañas todo el fin de semana.,We drove through the mountains all weekend.,CC BY 4.0,Spanish Editorial Learning; original project content; https://creativecommons.org/licenses/by/4.0/,true
quiz-por-para,4054,Pasamos por tu casa antes de la fiesta.,We'll swing by your house before the party.,CC BY 4.0,Spanish Editorial Learning; original project content; https://creativecommons.org/licenses/by/4.0/,true
quiz-por-para,4055,Los turistas caminan por las calles antiguas.,The tourists walk through the old streets.,CC BY 4.0,Spanish Editorial Learning; original project content; https://creativecommons.org/licenses/by/4.0/,true
quiz-por-para,4056,Firmé el documento por mi jefe porque estaba de viaje.,I signed the document on behalf of my boss because he was travelling.,CC BY 4.0,Spanish Editorial Learning; original project content; https://creativecommons.org/licenses/by/4.0/,true
quiz-por-para,4057,Trabajé por mi compañera porque ella estaba enferma.,I worked in place of my colleague because she was sick.,CC BY 4.0,Spanish Editorial Learning; original project content; https://creativecommons.org/licenses/by/4.0/,true
quiz-por-para,4058,Hablé por todo el equipo en la reunión.,I spoke on behalf of the whole team at the meeting.,CC BY 4.0,Spanish Editorial Learning; original project content; https://creativecommons.org/licenses/by/4.0/,true
quiz-por-para,4059,Ella respondió por su hermano menor.,She answered on behalf of her younger brother.,CC BY 4.0,Spanish Editorial Learning; original project content; https://creativecommons.org/licenses/by/4.0/,true
quiz-por-para,4060,El abogado habló por su cliente.,The lawyer spoke on behalf of his client.,CC BY 4.0,Spanish Editorial Learning; original project content; https://creativecommons.org/licenses/by/4.0/,true
quiz-por-para,4061,Voté por mi madre porque no pudo ir.,I voted on behalf of my mother because she couldn't go.,CC BY 4.0,Spanish Editorial Learning; original project content; https://creativecommons.org/licenses/by/4.0/,true
quiz-por-para,4062,Terminé el informe por ti anoche.,I finished the report for you (in your place) last night.,CC BY 4.0,Spanish Editorial Learning; original project content; https://creativecommons.org/licenses/by/4.0/,true
quiz-por-para,4063,Ana cocinó por su madre ese día.,Ana cooked in place of her mother that day.,CC BY 4.0,Spanish Editorial Learning; original project content; https://creativecommons.org/licenses/by/4.0/,true
quiz-por-para,4064,Pagué la cuenta por mis amigos.,I paid the bill on behalf of my friends.,CC BY 4.0,Spanish Editorial Learning; original project content; https://creativecommons.org/licenses/by/4.0/,true
quiz-por-para,4065,El asistente respondió el correo por el director.,The assistant answered the email on behalf of the director.,CC BY 4.0,Spanish Editorial Learning; original project content; https://creativecommons.org/licenses/by/4.0/,true
quiz-por-para,4066,Vamos al gimnasio tres veces por semana.,We go to the gym three times a week.,CC BY 4.0,Spanish Editorial Learning; original project content; https://creativecommons.org/licenses/by/4.0/,true
quiz-por-para,4067,El médico me visita dos veces por mes.,The doctor visits me twice a month.,CC BY 4.0,Spanish Editorial Learning; original project content; https://creativecommons.org/licenses/by/4.0/,true
quiz-por-para,4068,El coche corre a cien kilómetros por hora.,The car goes one hundred kilometres per hour.,CC BY 4.0,Spanish Editorial Learning; original project content; https://creativecommons.org/licenses/by/4.0/,true
quiz-por-para,4069,Cobra veinte euros por hora de clase.,He charges twenty euros per hour of class.,CC BY 4.0,Spanish Editorial Learning; original project content; https://creativecommons.org/licenses/by/4.0/,true
quiz-por-para,4070,Comemos pescado una vez por semana.,We eat fish once a week.,CC BY 4.0,Spanish Editorial Learning; original project content; https://creativecommons.org/licenses/by/4.0/,true
quiz-por-para,4071,La novela fue escrita por un autor famoso.,The novel was written by a famous author.,CC BY 4.0,Spanish Editorial Learning; original project content; https://creativecommons.org/licenses/by/4.0/,true
quiz-por-para,4072,El puente fue construido por ingenieros españoles.,The bridge was built by Spanish engineers.,CC BY 4.0,Spanish Editorial Learning; original project content; https://creativecommons.org/licenses/by/4.0/,true
quiz-por-para,4073,La ciudad fue fundada por los romanos.,The city was founded by the Romans.,CC BY 4.0,Spanish Editorial Learning; original project content; https://creativecommons.org/licenses/by/4.0/,true
quiz-por-para,4074,El cuadro fue pintado por Picasso.,The painting was painted by Picasso.,CC BY 4.0,Spanish Editorial Learning; original project content; https://creativecommons.org/licenses/by/4.0/,true
quiz-por-para,4075,La empresa fue creada por dos hermanos.,The company was created by two brothers.,CC BY 4.0,Spanish Editorial Learning; original project content; https://creativecommons.org/licenses/by/4.0/,true
quiz-por-para,4076,Estudio español para viajar a México.,I study Spanish (in order) to travel to Mexico.,CC BY 4.0,Spanish Editorial Learning; original project content; https://creativecommons.org/licenses/by/4.0/,true
quiz-por-para,4077,Ahorro dinero para comprar una casa.,I'm saving money (in order) to buy a house.,CC BY 4.0,Spanish Editorial Learning; original project content; https://creativecommons.org/licenses/by/4.0/,true
quiz-por-para,4078,Trabaja mucho para mantener a su familia.,He works hard to support his family.,CC BY 4.0,Spanish Editorial Learning; original project content; https://creativecommons.org/licenses/by/4.0/,true
quiz-por-para,4079,Uso gafas para leer mejor.,I wear glasses to read better.,CC BY 4.0,Spanish Editorial Learning; original project content; https://creativecommons.org/licenses/by/4.0/,true
quiz-por-para,4080,Necesito una llave para abrir la puerta.,I need a key to open the door.,CC BY 4.0,Spanish Editorial Learning; original project content; https://creativecommons.org/licenses/by/4.0/,true
quiz-por-para,4081,Practicamos cada día para mejorar.,We practise every day to improve.,CC BY 4.0,Spanish Editorial Learning; original project content; https://creativecommons.org/licenses/by/4.0/,true
quiz-por-para,4082,Compré harina para hacer pan.,I bought flour to make bread.,CC BY 4.0,Spanish Editorial Learning; original project content; https://creativecommons.org/licenses/by/4.0/,true
quiz-por-para,4083,Llamé para pedir información.,I called to ask for information.,CC BY 4.0,Spanish Editorial Learning; original project content; https://creativecommons.org/licenses/by/4.0/,true
quiz-por-para,4084,Fuimos al mercado para comprar frutas.,We went to the market to buy fruit.,CC BY 4.0,Spanish Editorial Learning; original project content; https://creativecommons.org/licenses/by/4.0/,true
quiz-por-para,4085,Estudia de noche para aprobar el examen.,She studies at night to pass the exam.,CC BY 4.0,Spanish Editorial Learning; original project content; https://creativecommons.org/licenses/by/4.0/,true
quiz-por-para,4086,Necesitamos más tiempo para terminar el proyecto.,We need more time to finish the project.,CC BY 4.0,Spanish Editorial Learning; original project content; https://creativecommons.org/licenses/by/4.0/,true
quiz-por-para,4087,Usamos un mapa para no perdernos.,We used a map so as not to get lost.,CC BY 4.0,Spanish Editorial Learning; original project content; https://creativecommons.org/licenses/by/4.0/,true
quiz-por-para,4088,Ella corre todos los días para mantenerse en forma.,She runs every day to stay in shape.,CC BY 4.0,Spanish Editorial Learning; original project content; https://creativecommons.org/licenses/by/4.0/,true
quiz-por-para,4089,Escribí una carta para explicar la situación.,I wrote a letter to explain the situation.,CC BY 4.0,Spanish Editorial Learning; original project content; https://creativecommons.org/licenses/by/4.0/,true
quiz-por-para,4090,Compramos entradas para ver la película.,We bought tickets to see the movie.,CC BY 4.0,Spanish Editorial Learning; original project content; https://creativecommons.org/licenses/by/4.0/,true
quiz-por-para,4091,Este regalo es para ti.,This gift is for you.,CC BY 4.0,Spanish Editorial Learning; original project content; https://creativecommons.org/licenses/by/4.0/,true
quiz-por-para,4092,Compré flores para mi madre.,I bought flowers for my mother.,CC BY 4.0,Spanish Editorial Learning; original project content; https://creativecommons.org/licenses/by/4.0/,true
quiz-por-para,4093,Hice una tarta para los invitados.,I made a cake for the guests.,CC BY 4.0,Spanish Editorial Learning; original project content; https://creativecommons.org/licenses/by/4.0/,true
quiz-por-para,4094,Traje un café para mi jefe.,I brought a coffee for my boss.,CC BY 4.0,Spanish Editorial Learning; original project content; https://creativecommons.org/licenses/by/4.0/,true
quiz-por-para,4095,Guardé un trozo de pastel para ti.,I saved a piece of cake for you.,CC BY 4.0,Spanish Editorial Learning; original project content; https://creativecommons.org/licenses/by/4.0/,true
quiz-por-para,4096,Este mensaje es para todos los estudiantes.,This message is for all the students.,CC BY 4.0,Spanish Editorial Learning; original project content; https://creativecommons.org/licenses/by/4.0/,true
quiz-por-para,4097,Compramos juguetes para los niños.,We bought toys for the children.,CC BY 4.0,Spanish Editorial Learning; original project content; https://creativecommons.org/licenses/by/4.0/,true
quiz-por-para,4098,Escribí esta canción para mi esposa.,I wrote this song for my wife.,CC BY 4.0,Spanish Editorial Learning; original project content; https://creativecommons.org/licenses/by/4.0/,true
quiz-por-para,4099,Reservé una mesa para nosotros.,I reserved a table for us.,CC BY 4.0,Spanish Editorial Learning; original project content; https://creativecommons.org/licenses/by/4.0/,true
quiz-por-para,4100,Preparé la cena para mis padres.,I prepared dinner for my parents.,CC BY 4.0,Spanish Editorial Learning; original project content; https://creativecommons.org/licenses/by/4.0/,true
quiz-por-para,4101,Compré un libro para mi sobrino.,I bought a book for my nephew.,CC BY 4.0,Spanish Editorial Learning; original project content; https://creativecommons.org/licenses/by/4.0/,true
quiz-por-para,4102,Hicimos una fiesta sorpresa para ella.,We threw a surprise party for her.,CC BY 4.0,Spanish Editorial Learning; original project content; https://creativecommons.org/licenses/by/4.0/,true
quiz-por-para,4103,Traje regalos para toda la familia.,I brought gifts for the whole family.,CC BY 4.0,Spanish Editorial Learning; original project content; https://creativecommons.org/licenses/by/4.0/,true
quiz-por-para,4104,Este consejo es para ustedes.,This advice is for you all.,CC BY 4.0,Spanish Editorial Learning; original project content; https://creativecommons.org/licenses/by/4.0/,true
quiz-por-para,4105,Compré un ramo de flores para mi abuela.,I bought a bouquet of flowers for my grandmother.,CC BY 4.0,Spanish Editorial Learning; original project content; https://creativecommons.org/licenses/by/4.0/,true
quiz-por-para,4106,La tarea es para el lunes.,The homework is due (for) Monday.,CC BY 4.0,Spanish Editorial Learning; original project content; https://creativecommons.org/licenses/by/4.0/,true
quiz-por-para,4107,Necesito el informe para mañana.,I need the report by tomorrow.,CC BY 4.0,Spanish Editorial Learning; original project content; https://creativecommons.org/licenses/by/4.0/,true
quiz-por-para,4108,El proyecto debe estar listo para el viernes.,The project must be ready by Friday.,CC BY 4.0,Spanish Editorial Learning; original project content; https://creativecommons.org/licenses/by/4.0/,true
quiz-por-para,4109,Reserva la mesa para las ocho.,Book the table for eight o'clock.,CC BY 4.0,Spanish Editorial Learning; original project content; https://creativecommons.org/licenses/by/4.0/,true
quiz-por-para,4110,Termina esto para el final del día.,Finish this by the end of the day.,CC BY 4.0,Spanish Editorial Learning; original project content; https://creativecommons.org/licenses/by/4.0/,true
quiz-por-para,4111,El pago vence para fin de mes.,The payment is due by the end of the month.,CC BY 4.0,Spanish Editorial Learning; original project content; https://creativecommons.org/licenses/by/4.0/,true
quiz-por-para,4112,Quiero el coche reparado para el sábado.,I want the car fixed by Saturday.,CC BY 4.0,Spanish Editorial Learning; original project content; https://creativecommons.org/licenses/by/4.0/,true
quiz-por-para,4113,Necesito la respuesta para esta tarde.,I need the answer by this afternoon.,CC BY 4.0,Spanish Editorial Learning; original project content; https://creativecommons.org/licenses/by/4.0/,true
quiz-por-para,4114,El regalo debe llegar para su cumpleaños.,The gift must arrive by her birthday.,CC BY 4.0,Spanish Editorial Learning; original project content; https://creativecommons.org/licenses/by/4.0/,true
quiz-por-para,4115,Tenemos que entregar el examen para las diez.,We have to hand in the exam by ten o'clock.,CC BY 4.0,Spanish Editorial Learning; original project content; https://creativecommons.org/licenses/by/4.0/,true
quiz-por-para,4116,Este tren sale para Barcelona.,This train leaves for Barcelona.,CC BY 4.0,Spanish Editorial Learning; original project content; https://creativecommons.org/licenses/by/4.0/,true
quiz-por-para,4117,Salimos para el aeropuerto en una hora.,We are leaving for the airport in an hour.,CC BY 4.0,Spanish Editorial Learning; original project content; https://creativecommons.org/licenses/by/4.0/,true
quiz-por-para,4118,El autobús va para el centro.,The bus goes towards the centre.,CC BY 4.0,Spanish Editorial Learning; original project content; https://creativecommons.org/licenses/by/4.0/,true
quiz-por-para,4119,Partimos para Argentina la próxima semana.,We are departing for Argentina next week.,CC BY 4.0,Spanish Editorial Learning; original project content; https://creativecommons.org/licenses/by/4.0/,true
quiz-por-para,4120,El vuelo sale para México a las nueve.,The flight leaves for Mexico at nine.,CC BY 4.0,Spanish Editorial Learning; original project content; https://creativecommons.org/licenses/by/4.0/,true
quiz-por-para,4121,Vamos para la playa este fin de semana.,We're heading to the beach this weekend.,CC BY 4.0,Spanish Editorial Learning; original project content; https://creativecommons.org/licenses/by/4.0/,true
quiz-por-para,4122,El barco navega para las islas Canarias.,The ship sails towards the Canary Islands.,CC BY 4.0,Spanish Editorial Learning; original project content; https://creativecommons.org/licenses/by/4.0/,true
quiz-por-para,4123,Salió para la oficina muy temprano.,She left for the office very early.,CC BY 4.0,Spanish Editorial Learning; original project content; https://creativecommons.org/licenses/by/4.0/,true
quiz-por-para,4124,Este camino va para el pueblo.,This road leads to the village.,CC BY 4.0,Spanish Editorial Learning; original project content; https://creativecommons.org/licenses/by/4.0/,true
quiz-por-para,4125,Partimos para casa después de la cena.,We headed home after dinner.,CC BY 4.0,Spanish Editorial Learning; original project content; https://creativecommons.org/licenses/by/4.0/,true
quiz-por-para,4126," para mí, esta película es aburrida.","For me, this movie is boring.",CC BY 4.0,Spanish Editorial Learning; original project content; https://creativecommons.org/licenses/by/4.0/,true
quiz-por-para,4127," para nosotros, el examen fue muy difícil.","For us, the exam was very difficult.",CC BY 4.0,Spanish Editorial Learning; original project content; https://creativecommons.org/licenses/by/4.0/,true
quiz-por-para,4128," para ella, el español es fácil.","For her, Spanish is easy.",CC BY 4.0,Spanish Editorial Learning; original project content; https://creativecommons.org/licenses/by/4.0/,true
quiz-por-para,4129," para mis padres, la puntualidad es muy importante.","For my parents, punctuality is very important.",CC BY 4.0,Spanish Editorial Learning; original project content; https://creativecommons.org/licenses/by/4.0/,true
quiz-por-para,4130," para ti, todo parece sencillo.","For you, everything seems simple.",CC BY 4.0,Spanish Editorial Learning; original project content; https://creativecommons.org/licenses/by/4.0/,true
quiz-por-para,4131,Trabajo para una empresa internacional.,I work for an international company.,CC BY 4.0,Spanish Editorial Learning; original project content; https://creativecommons.org/licenses/by/4.0/,true
quiz-por-para,4132,Ella trabaja para el gobierno.,She works for the government.,CC BY 4.0,Spanish Editorial Learning; original project content; https://creativecommons.org/licenses/by/4.0/,true
quiz-por-para,4133,Mi hermano trabaja para un banco.,My brother works for a bank.,CC BY 4.0,Spanish Editorial Learning; original project content; https://creativecommons.org/licenses/by/4.0/,true
quiz-por-para,4134,Trabajamos para una organización sin fines de lucro.,We work for a non-profit organisation.,CC BY 4.0,Spanish Editorial Learning; original project content; https://creativecommons.org/licenses/by/4.0/,true
quiz-por-para,4135,Él trabaja para sí mismo como diseñador.,He works for himself as a designer.,CC BY 4.0,Spanish Editorial Learning; original project content; https://creativecommons.org/licenses/by/4.0/,true
quiz-por-para,4136," para ser principiante, hablas muy bien.","For a beginner, you speak very well.",CC BY 4.0,Spanish Editorial Learning; original project content; https://creativecommons.org/licenses/by/4.0/,true
quiz-por-para,4137," para tener solo diez años, dibuja increíblemente bien.","For being only ten years old, she draws incredibly well.",CC BY 4.0,Spanish Editorial Learning; original project content; https://creativecommons.org/licenses/by/4.0/,true
quiz-por-para,4138," para ser tan joven, tiene mucha experiencia.","For being so young, he has a lot of experience.",CC BY 4.0,Spanish Editorial Learning; original project content; https://creativecommons.org/licenses/by/4.0/,true
quiz-por-para,4139," para ser invierno, hace bastante calor.","For winter, it's quite warm.",CC BY 4.0,Spanish Editorial Learning; original project content; https://creativecommons.org/licenses/by/4.0/,true
quiz-por-para,4140," para llevar poco tiempo aquí, conoces la ciudad muy bien.","For having been here a short time, you know the city very well.",CC BY 4.0,Spanish Editorial Learning; original project content; https://creativecommons.org/licenses/by/4.0/,true
quiz-por-para,4141,Necesitamos voluntarios para organizar el evento.,We need volunteers to organise the event.,CC BY 4.0,Spanish Editorial Learning; original project content; https://creativecommons.org/licenses/by/4.0/,true
quiz-por-para,4142,Ahorramos para viajar por toda Europa algún día.,We're saving up to travel all over Europe someday.,CC BY 4.0,Spanish Editorial Learning; original project content; https://creativecommons.org/licenses/by/4.0/,true
quiz-por-para,4143,Estudia biología para convertirse en médica.,She studies biology to become a doctor.,CC BY 4.0,Spanish Editorial Learning; original project content; https://creativecommons.org/licenses/by/4.0/,true
quiz-por-para,4144,Compramos ingredientes para preparar una paella.,We bought ingredients to make a paella.,CC BY 4.0,Spanish Editorial Learning; original project content; https://creativecommons.org/licenses/by/4.0/,true
quiz-por-para,4145,Practican cada tarde para ganar el campeonato.,They practise every afternoon to win the championship.,CC BY 4.0,Spanish Editorial Learning; original project content; https://creativecommons.org/licenses/by/4.0/,true
quiz-por-para,4146,Este premio es para el mejor estudiante del año.,This prize is for the best student of the year.,CC BY 4.0,Spanish Editorial Learning; original project content; https://creativecommons.org/licenses/by/4.0/,true
quiz-por-para,4147,Dejé una nota para el vecino.,I left a note for the neighbour.,CC BY 4.0,Spanish Editorial Learning; original project content; https://creativecommons.org/licenses/by/4.0/,true
quiz-por-para,4148,Compré un regalo especial para mi mejor amiga.,I bought a special gift for my best friend.,CC BY 4.0,Spanish Editorial Learning; original project content; https://creativecommons.org/licenses/by/4.0/,true
quiz-por-para,4149,Preparamos una sorpresa para nuestros abuelos.,We prepared a surprise for our grandparents.,CC BY 4.0,Spanish Editorial Learning; original project content; https://creativecommons.org/licenses/by/4.0/,true
quiz-por-para,4150,Este descuento es solo para los socios del club.,This discount is only for club members.,CC BY 4.0,Spanish Editorial Learning; original project content; https://creativecommons.org/licenses/by/4.0/,true
quiz-object-pronouns,5001,"El café estaba frío, pero me lo bebí mientras esperaba el tren.","The coffee was cold, but I drank it while I waited for the train.",CC BY 4.0,Spanish Editorial Learning; original project content; https://creativecommons.org/licenses/by/4.0/,true
quiz-object-pronouns,5002,"Como olía a ajo, Clara la probó antes de servirla.","Because it smelt of garlic, Clara tasted it before serving it.",CC BY 4.0,Spanish Editorial Learning; original project content; https://creativecommons.org/licenses/by/4.0/,true
quiz-object-pronouns,5003,Mis zapatos nuevos se mojaron; los dejé junto al radiador.,"My new shoes got wet, so I left them beside the radiator.",CC BY 4.0,Spanish Editorial Learning; original project content; https://creativecommons.org/licenses/by/4.0/,true
quiz-object-pronouns,5004,Encontré mis llaves debajo del sofá y las guardé en el cajón.,I found my keys under the sofa and put them in the drawer.,CC BY 4.0,Spanish Editorial Learning; original project content; https://creativecommons.org/licenses/by/4.0/,true
quiz-object-pronouns,5005,Compré una revista de ciencia y la leí durante el vuelo.,I bought a science magazine and read it during the flight.,CC BY 4.0,Spanish Editorial Learning; original project content; https://creativecommons.org/licenses/by/4.0/,true
quiz-object-pronouns,5006,"Me sobraban dos entradas, así que las ofrecí a mis vecinos.","I had two tickets left over, so I offered them to my neighbours.",CC BY 4.0,Spanish Editorial Learning; original project content; https://creativecommons.org/licenses/by/4.0/,true
quiz-object-pronouns,5007,"El mando estaba entre los cojines, pero nadie lo había visto.","The remote was between the cushions, but nobody had seen it.",CC BY 4.0,Spanish Editorial Learning; original project content; https://creativecommons.org/licenses/by/4.0/,true
quiz-object-pronouns,5008,Esa película ganó un premio y la proyectarán otra vez el viernes.,"That film won an award, and they will show it again on Friday.",CC BY 4.0,Spanish Editorial Learning; original project content; https://creativecommons.org/licenses/by/4.0/,true
quiz-object-pronouns,5009,Había galletas de avena; los niños las compartieron en el recreo.,"There were oat biscuits, and the children shared them at break time.",CC BY 4.0,Spanish Editorial Learning; original project content; https://creativecommons.org/licenses/by/4.0/,true
quiz-object-pronouns,5010,Terminé varios ejercicios temprano y los revisé antes de cenar.,I finished several exercises early and checked them before dinner.,CC BY 4.0,Spanish Editorial Learning; original project content; https://creativecommons.org/licenses/by/4.0/,true
quiz-object-pronouns,5011,"El pan se había puesto duro, por eso lo usé para hacer migas.","The bread had gone stale, so I used it to make breadcrumbs.",CC BY 4.0,Spanish Editorial Learning; original project content; https://creativecommons.org/licenses/by/4.0/,true
quiz-object-pronouns,5012,Esta maleta pesa poco porque Marta la llenó solo con ropa ligera.,This suitcase is light because Marta filled it with light clothes only.,CC BY 4.0,Spanish Editorial Learning; original project content; https://creativecommons.org/licenses/by/4.0/,true
quiz-object-pronouns,5013,Carlos no usa el coche entre semana; lo deja en el garaje.,Carlos does not use the car during the week; he leaves it in the garage.,CC BY 4.0,Spanish Editorial Learning; original project content; https://creativecommons.org/licenses/by/4.0/,true
quiz-object-pronouns,5014,"Olvidé mis gafas en la biblioteca, pero el conserje las encontró.","I left my glasses in the library, but the caretaker found them.",CC BY 4.0,Spanish Editorial Learning; original project content; https://creativecommons.org/licenses/by/4.0/,true
quiz-object-pronouns,5015,Estas manzanas vienen de Asturias; ya las probamos en el mercado.,These apples come from Asturias; we already tried them at the market.,CC BY 4.0,Spanish Editorial Learning; original project content; https://creativecommons.org/licenses/by/4.0/,true
quiz-object-pronouns,5016,"Esta tarta necesitaba más tiempo, así que la devolvimos al horno.","This cake needed more time, so we put it back in the oven.",CC BY 4.0,Spanish Editorial Learning; original project content; https://creativecommons.org/licenses/by/4.0/,true
quiz-object-pronouns,5017,Escuchamos varias noticias al amanecer y las comentamos camino del trabajo.,We heard several news reports at dawn and discussed them on the way to work.,CC BY 4.0,Spanish Editorial Learning; original project content; https://creativecommons.org/licenses/by/4.0/,true
quiz-object-pronouns,5018,"Mi abuela vive cerca, y la visito después del mercado cada sábado.","My grandmother lives nearby, and I visit her after the market every Saturday.",CC BY 4.0,Spanish Editorial Learning; original project content; https://creativecommons.org/licenses/by/4.0/,true
quiz-object-pronouns,5019,"Juan perdió el último autobús, así que su hermana lo recogió en la estación.","Juan missed the last bus, so his sister picked him up at the station.",CC BY 4.0,Spanish Editorial Learning; original project content; https://creativecommons.org/licenses/by/4.0/,true
quiz-object-pronouns,5020,"Aunque hay mucho ruido, te oigo con claridad desde aquí.","Although it is very noisy, I can hear you clearly from here.",CC BY 4.0,Spanish Editorial Learning; original project content; https://creativecommons.org/licenses/by/4.0/,true
quiz-object-pronouns,5021,"Cuando llegamos tarde, el profesor nos mira por encima de las gafas.","When we arrive late, the teacher looks at us over his glasses.",CC BY 4.0,Spanish Editorial Learning; original project content; https://creativecommons.org/licenses/by/4.0/,true
quiz-object-pronouns,5022,Mis padres me animaron a solicitar aquella beca de idiomas.,My parents encouraged me to apply for that language scholarship.,CC BY 4.0,Spanish Editorial Learning; original project content; https://creativecommons.org/licenses/by/4.0/,true
quiz-object-pronouns,5023,"Mis primos viven en Glasgow, pero los veo durante las vacaciones.","My cousins live in Glasgow, but I see them during the holidays.",CC BY 4.0,Spanish Editorial Learning; original project content; https://creativecommons.org/licenses/by/4.0/,true
quiz-object-pronouns,5024,Ana y Lucía nos invitaron a una ceremonia pequeña junto al mar.,Ana and Lucía invited us to a small ceremony by the sea.,CC BY 4.0,Spanish Editorial Learning; original project content; https://creativecommons.org/licenses/by/4.0/,true
quiz-object-pronouns,5025,Mi hermana toca el violín y todo el público la admira.,"My sister plays the violin, and everyone in the audience admires her.",CC BY 4.0,Spanish Editorial Learning; original project content; https://creativecommons.org/licenses/by/4.0/,true
quiz-object-pronouns,5026,"Si se estropea el ordenador, te ayudaré después de la reunión.","If the computer breaks down, I will help you after the meeting.",CC BY 4.0,Spanish Editorial Learning; original project content; https://creativecommons.org/licenses/by/4.0/,true
quiz-object-pronouns,5027,"De pequeños, nuestros abuelos nos llevaban a buscar moras al bosque.","When we were little, our grandparents took us to pick blackberries in the woods.",CC BY 4.0,Spanish Editorial Learning; original project content; https://creativecommons.org/licenses/by/4.0/,true
quiz-object-pronouns,5028,Saldré antes de la oficina y te esperaré junto a la taquilla.,I will leave the office early and wait for you beside the ticket office.,CC BY 4.0,Spanish Editorial Learning; original project content; https://creativecommons.org/licenses/by/4.0/,true
quiz-object-pronouns,5029,Nuestros amigos nos llaman los domingos para organizar la semana.,Our friends ring us on Sundays to organise the week.,CC BY 4.0,Spanish Editorial Learning; original project content; https://creativecommons.org/licenses/by/4.0/,true
quiz-object-pronouns,5030,"Estas fotos del viaje salieron oscuras, pero aún no las he borrado.","These holiday photos came out dark, but I have not deleted them yet.",CC BY 4.0,Spanish Editorial Learning; original project content; https://creativecommons.org/licenses/by/4.0/,true
quiz-object-pronouns,5031,Sonia envió un correo urgente y lo he contestado esta mañana.,"Sonia sent an urgent email, and I answered it this morning.",CC BY 4.0,Spanish Editorial Learning; original project content; https://creativecommons.org/licenses/by/4.0/,true
quiz-object-pronouns,5032,Esta carta llegó sin sello; nadie la había abierto durante el trayecto.,This letter arrived without a stamp; nobody had opened it on the way.,CC BY 4.0,Spanish Editorial Learning; original project content; https://creativecommons.org/licenses/by/4.0/,true
quiz-object-pronouns,5033,Estos platos ya están secos porque mi hermano los ha lavado a mano.,These dishes are dry now because my brother has washed them by hand.,CC BY 4.0,Spanish Editorial Learning; original project content; https://creativecommons.org/licenses/by/4.0/,true
quiz-object-pronouns,5034,El guardia te está observando desde la puerta del museo.,The guard is watching you from the museum entrance.,CC BY 4.0,Spanish Editorial Learning; original project content; https://creativecommons.org/licenses/by/4.0/,true
quiz-object-pronouns,5035,"El partido empezó tarde, pero lo estamos viendo en casa de Luis.","The match started late, but we are watching it at Luis's house.",CC BY 4.0,Spanish Editorial Learning; original project content; https://creativecommons.org/licenses/by/4.0/,true
quiz-object-pronouns,5036,Mi madre ha cortado varias flores y las va a poner en una jarra azul.,My mother has cut several flowers and is going to put them in a blue jug.,CC BY 4.0,Spanish Editorial Learning; original project content; https://creativecommons.org/licenses/by/4.0/,true
quiz-object-pronouns,5037,Marcos me prestó un libro histórico y sigo leyéndolo en el tren.,"Marcos lent me a historical book, and I am still reading it on the train.",CC BY 4.0,Spanish Editorial Learning; original project content; https://creativecommons.org/licenses/by/4.0/,true
quiz-object-pronouns,5038,La cena estará lista pronto; mi padre continúa preparándola con verduras frescas.,Dinner will be ready soon; my father is still making it with fresh vegetables.,CC BY 4.0,Spanish Editorial Learning; original project content; https://creativecommons.org/licenses/by/4.0/,true
quiz-object-pronouns,5039,"Los ejercicios exigen paciencia, pero seguimos haciéndolos con el profesor.","The exercises require patience, but we are still doing them with the teacher.",CC BY 4.0,Spanish Editorial Learning; original project content; https://creativecommons.org/licenses/by/4.0/,true
quiz-object-pronouns,5040,Marta necesita las camisas mañana y está planchándolas esta tarde.,Marta needs the shirts tomorrow and is ironing them this afternoon.,CC BY 4.0,Spanish Editorial Learning; original project content; https://creativecommons.org/licenses/by/4.0/,true
quiz-object-pronouns,5041,Juan no responde; llevo diez minutos llamándolo desde la parada.,Juan is not answering; I have been ringing him from the bus stop for ten minutes.,CC BY 4.0,Spanish Editorial Learning; original project content; https://creativecommons.org/licenses/by/4.0/,true
quiz-object-pronouns,5042,La chaqueta queda bien y pienso comprarla cuando cobre el viernes.,"The jacket fits well, and I intend to buy it when I am paid on Friday.",CC BY 4.0,Spanish Editorial Learning; original project content; https://creativecommons.org/licenses/by/4.0/,true
quiz-object-pronouns,5043,El abogado corrigió los documentos; ahora debemos firmarlos ante un testigo.,The solicitor corrected the documents; now we must sign them before a witness.,CC BY 4.0,Spanish Editorial Learning; original project content; https://creativecommons.org/licenses/by/4.0/,true
quiz-object-pronouns,5044,Laura aterriza a las seis y voy a buscarla a la terminal norte.,"Laura lands at six, and I am going to pick her up at the north terminal.",CC BY 4.0,Spanish Editorial Learning; original project content; https://creativecommons.org/licenses/by/4.0/,true
quiz-object-pronouns,5045,"El piso necesita reformas, pero sus dueños han decidido venderlo este verano.","The flat needs work, but its owners have decided to sell it this summer.",CC BY 4.0,Spanish Editorial Learning; original project content; https://creativecommons.org/licenses/by/4.0/,true
quiz-object-pronouns,5046,"Carla piensa mudarse en abril, aunque todavía no lo sabe su casero.","Carla plans to move in April, although her landlord does not know it yet.",CC BY 4.0,Spanish Editorial Learning; original project content; https://creativecommons.org/licenses/by/4.0/,true
quiz-object-pronouns,5047,"Dicen que cerrarán el museo, pero yo no lo creo sin un anuncio oficial.","They say the museum will close, but I do not believe it without an official announcement.",CC BY 4.0,Spanish Editorial Learning; original project content; https://creativecommons.org/licenses/by/4.0/,true
quiz-object-pronouns,5048,A su hermana la vi comprando fruta en el mercado cubierto.,I saw his sister buying fruit in the indoor market.,CC BY 4.0,Spanish Editorial Learning; original project content; https://creativecommons.org/licenses/by/4.0/,true
quiz-object-pronouns,5049,Estos tomates son frescos; Diego los compró directamente a una agricultora local.,These tomatoes are fresh; Diego bought them directly from a local farmer.,CC BY 4.0,Spanish Editorial Learning; original project content; https://creativecommons.org/licenses/by/4.0/,true
quiz-object-pronouns,5050,Esa canción la interpreta un coro distinto cada Navidad.,A different choir performs that song every Christmas.,CC BY 4.0,Spanish Editorial Learning; original project content; https://creativecommons.org/licenses/by/4.0/,true
quiz-object-pronouns,5051,"Antes de la excursión, le recordé a él que llevara agua.","Before the hike, I reminded him to bring water.",CC BY 4.0,Spanish Editorial Learning; original project content; https://creativecommons.org/licenses/by/4.0/,true
quiz-object-pronouns,5052,La directora le comunicó el cambio a la responsable del comedor.,The head teacher told the canteen manager about the change.,CC BY 4.0,Spanish Editorial Learning; original project content; https://creativecommons.org/licenses/by/4.0/,true
quiz-object-pronouns,5053,"En la recepción, me entregaron a mí la única llave disponible.","At reception, they gave the only available key to me.",CC BY 4.0,Spanish Editorial Learning; original project content; https://creativecommons.org/licenses/by/4.0/,true
quiz-object-pronouns,5054,Esta mañana les confirmé a ustedes la nueva fecha de entrega.,"This morning, I confirmed the new delivery date to you.",CC BY 4.0,Spanish Editorial Learning; original project content; https://creativecommons.org/licenses/by/4.0/,true
quiz-object-pronouns,5055,Ana le prestó su bicicleta a Carlos para volver a casa.,Ana lent Carlos her bicycle so he could get home.,CC BY 4.0,Spanish Editorial Learning; original project content; https://creativecommons.org/licenses/by/4.0/,true
quiz-object-pronouns,5056,Desde Lisboa les mandé postales a mis padres con sellos antiguos.,I sent my parents postcards with old stamps from Lisbon.,CC BY 4.0,Spanish Editorial Learning; original project content; https://creativecommons.org/licenses/by/4.0/,true
quiz-object-pronouns,5057,Tu hermano te devolvió el dinero en cuanto terminó el turno.,Your brother returned the money to you as soon as his shift ended.,CC BY 4.0,Spanish Editorial Learning; original project content; https://creativecommons.org/licenses/by/4.0/,true
quiz-object-pronouns,5058,El camarero nos trajo la cuenta sin que tuviéramos que pedirla.,The waiter brought us the bill without our having to ask for it.,CC BY 4.0,Spanish Editorial Learning; original project content; https://creativecommons.org/licenses/by/4.0/,true
quiz-object-pronouns,5059,Siempre le cuento mis dudas a mi mejor amiga durante el paseo.,I always tell my best friend about my doubts during our walk.,CC BY 4.0,Spanish Editorial Learning; original project content; https://creativecommons.org/licenses/by/4.0/,true
quiz-object-pronouns,5060,La profesora les preguntó a los estudiantes qué parte resultaba confusa.,The teacher asked the pupils which part they found confusing.,CC BY 4.0,Spanish Editorial Learning; original project content; https://creativecommons.org/licenses/by/4.0/,true
quiz-object-pronouns,5061,"Con mucha paciencia, me enseñó a mí a reparar la bicicleta.","With great patience, she taught me how to repair the bicycle.",CC BY 4.0,Spanish Editorial Learning; original project content; https://creativecommons.org/licenses/by/4.0/,true
quiz-object-pronouns,5062,El médico le recetó unas pastillas a mi padre para la alergia.,The doctor prescribed my father some tablets for his allergy.,CC BY 4.0,Spanish Editorial Learning; original project content; https://creativecommons.org/licenses/by/4.0/,true
quiz-object-pronouns,5063,Algo le pasa a Lucía desde que recibió aquella llamada.,Something has been wrong with Lucía since she received that call.,CC BY 4.0,Spanish Editorial Learning; original project content; https://creativecommons.org/licenses/by/4.0/,true
quiz-object-pronouns,5064,Los vecinos les pidieron silencio a los estudiantes del piso superior.,The neighbours asked the students in the upstairs flat to be quiet.,CC BY 4.0,Spanish Editorial Learning; original project content; https://creativecommons.org/licenses/by/4.0/,true
quiz-object-pronouns,5065,"Aunque estés lejos, te escribo una carta cada primer domingo del mes.","Although you are far away, I write you a letter on the first Sunday of every month.",CC BY 4.0,Spanish Editorial Learning; original project content; https://creativecommons.org/licenses/by/4.0/,true
quiz-object-pronouns,5066,Nuestros padres nos dieron una sorpresa al reservar aquel refugio rural.,Our parents gave us a surprise by booking that country cottage.,CC BY 4.0,Spanish Editorial Learning; original project content; https://creativecommons.org/licenses/by/4.0/,true
quiz-object-pronouns,5067,El guía le mostró a la turista un sendero menos empinado.,The guide showed the tourist a less steep path.,CC BY 4.0,Spanish Editorial Learning; original project content; https://creativecommons.org/licenses/by/4.0/,true
quiz-object-pronouns,5068,A ella le entregaron el premio después del discurso de clausura.,They presented the prize to her after the closing speech.,CC BY 4.0,Spanish Editorial Learning; original project content; https://creativecommons.org/licenses/by/4.0/,true
quiz-object-pronouns,5069,El técnico les explicó el fallo a los propietarios del edificio.,The technician explained the fault to the building's owners.,CC BY 4.0,Spanish Editorial Learning; original project content; https://creativecommons.org/licenses/by/4.0/,true
quiz-object-pronouns,5070,La bibliotecaria nos reservó una mesa cerca de la ventana.,The librarian reserved a table near the window for us.,CC BY 4.0,Spanish Editorial Learning; original project content; https://creativecommons.org/licenses/by/4.0/,true
quiz-object-pronouns,5071,El ayuntamiento les ofreció alojamiento temporal a las familias afectadas.,The council offered temporary accommodation to the affected families.,CC BY 4.0,Spanish Editorial Learning; original project content; https://creativecommons.org/licenses/by/4.0/,true
quiz-object-pronouns,5072,A usted le corresponde firmar en la última casilla del formulario.,You need to sign in the last box on the form.,CC BY 4.0,Spanish Editorial Learning; original project content; https://creativecommons.org/licenses/by/4.0/,true
quiz-object-pronouns,5073,La enfermera les tomó la temperatura a los dos corredores.,The nurse took both runners' temperatures.,CC BY 4.0,Spanish Editorial Learning; original project content; https://creativecommons.org/licenses/by/4.0/,true
quiz-object-pronouns,5074,El vendedor me recomendó un abrigo impermeable para el viaje.,The shop assistant recommended a waterproof coat for my trip.,CC BY 4.0,Spanish Editorial Learning; original project content; https://creativecommons.org/licenses/by/4.0/,true
quiz-object-pronouns,5075,La empresa les pagó el hotel a quienes perdieron la conexión.,The company paid for the hotel for those who missed their connection.,CC BY 4.0,Spanish Editorial Learning; original project content; https://creativecommons.org/licenses/by/4.0/,true
quiz-object-pronouns,5076,"Después del registro, les entregaron a ustedes unas acreditaciones verdes.","After registration, they gave you green passes.",CC BY 4.0,Spanish Editorial Learning; original project content; https://creativecommons.org/licenses/by/4.0/,true
quiz-object-pronouns,5077,Mi tía le preparó a mi prima una merienda sin frutos secos.,My aunt made my cousin a snack without nuts.,CC BY 4.0,Spanish Editorial Learning; original project content; https://creativecommons.org/licenses/by/4.0/,true
quiz-object-pronouns,5078,El mensajero me dejó el paquete con la vecina de abajo.,The courier left my parcel with the neighbour downstairs.,CC BY 4.0,Spanish Editorial Learning; original project content; https://creativecommons.org/licenses/by/4.0/,true
quiz-object-pronouns,5079,"Durante la visita, les describieron a los niños cómo funcionaba el molino.","During the visit, they described to the children how the mill worked.",CC BY 4.0,Spanish Editorial Learning; original project content; https://creativecommons.org/licenses/by/4.0/,true
quiz-object-pronouns,5080,El árbitro les advirtió a los jugadores que el campo estaba resbaladizo.,The referee warned the players that the pitch was slippery.,CC BY 4.0,Spanish Editorial Learning; original project content; https://creativecommons.org/licenses/by/4.0/,true
quiz-object-pronouns,5081,Hoy te toca a ti escoger la música para la cena.,Today it is your turn to choose the music for dinner.,CC BY 4.0,Spanish Editorial Learning; original project content; https://creativecommons.org/licenses/by/4.0/,true
quiz-object-pronouns,5082,A él le guardaron un asiento en la primera fila.,They saved him a seat in the front row.,CC BY 4.0,Spanish Editorial Learning; original project content; https://creativecommons.org/licenses/by/4.0/,true
quiz-object-pronouns,5083,Él me prometió que no le diría el secreto a nadie.,He promised me that he would not tell the secret to anyone.,CC BY 4.0,Spanish Editorial Learning; original project content; https://creativecommons.org/licenses/by/4.0/,true
quiz-object-pronouns,5084,A mí me devolvieron el depósito al terminar el alquiler.,They returned the deposit to me when the tenancy ended.,CC BY 4.0,Spanish Editorial Learning; original project content; https://creativecommons.org/licenses/by/4.0/,true
quiz-object-pronouns,5085,El dentista le sacó una muela a mi hermano sin complicaciones.,The dentist removed one of my brother's teeth without complications.,CC BY 4.0,Spanish Editorial Learning; original project content; https://creativecommons.org/licenses/by/4.0/,true
quiz-object-pronouns,5086,La jueza le hizo una pregunta al último testigo.,The judge asked the final witness a question.,CC BY 4.0,Spanish Editorial Learning; original project content; https://creativecommons.org/licenses/by/4.0/,true
quiz-object-pronouns,5087,"Cuando acabes el libro, te prestaré la segunda parte.","When you finish the book, I will lend you the second volume.",CC BY 4.0,Spanish Editorial Learning; original project content; https://creativecommons.org/licenses/by/4.0/,true
quiz-object-pronouns,5088,"Señora García, le traigo los documentos que solicitó ayer.","Mrs García, I am bringing you the documents you requested yesterday.",CC BY 4.0,Spanish Editorial Learning; original project content; https://creativecommons.org/licenses/by/4.0/,true
quiz-object-pronouns,5089,El chef le añadió un poco de limón a la salsa.,The chef added a little lemon to the sauce.,CC BY 4.0,Spanish Editorial Learning; original project content; https://creativecommons.org/licenses/by/4.0/,true
quiz-object-pronouns,5090,A ustedes les mandaré las instrucciones cuando termine la prueba.,I will send you the instructions when the test is finished.,CC BY 4.0,Spanish Editorial Learning; original project content; https://creativecommons.org/licenses/by/4.0/,true
quiz-object-pronouns,5091,Prometí escribirle a Marta en cuanto llegara al albergue.,I promised to write to Marta as soon as I reached the hostel.,CC BY 4.0,Spanish Editorial Learning; original project content; https://creativecommons.org/licenses/by/4.0/,true
quiz-object-pronouns,5092,"Los visitantes parecían perdidos, y la guía siguió diciéndoles dónde esperar.","The visitors looked lost, and the guide kept telling them where to wait.",CC BY 4.0,Spanish Editorial Learning; original project content; https://creativecommons.org/licenses/by/4.0/,true
quiz-object-pronouns,5093,¿Podrías pasarme la sal que está junto a tu vaso?,Could you pass me the salt beside your glass?,CC BY 4.0,Spanish Editorial Learning; original project content; https://creativecommons.org/licenses/by/4.0/,true
quiz-object-pronouns,5094,Tom fue el primero en hacerle caso a la guía.,Tom was the first to listen to the guide.,CC BY 4.0,Spanish Editorial Learning; original project content; https://creativecommons.org/licenses/by/4.0/,true
quiz-object-pronouns,5095,"Mis abuelos prefieren el correo, por eso continúo escribiéndoles cartas.","My grandparents prefer post, so I continue writing letters to them.",CC BY 4.0,Spanish Editorial Learning; original project content; https://creativecommons.org/licenses/by/4.0/,true
quiz-object-pronouns,5096,Mi hermano encontró el atlas y me lo prestó para el proyecto.,My brother found the atlas and lent it to me for the project.,CC BY 4.0,Spanish Editorial Learning; original project content; https://creativecommons.org/licenses/by/4.0/,true
quiz-object-pronouns,5097,He retocado la foto y te la mandaré cuando tenga cobertura.,I have edited the photo and will send it to you when I have a signal.,CC BY 4.0,Spanish Editorial Learning; original project content; https://creativecommons.org/licenses/by/4.0/,true
quiz-object-pronouns,5098,"Pedimos el postre de limón, y el camarero nos lo trajo con dos cucharas.","We ordered the lemon pudding, and the waiter brought it to us with two spoons.",CC BY 4.0,Spanish Editorial Learning; original project content; https://creativecommons.org/licenses/by/4.0/,true
quiz-object-pronouns,5099,Ana imprimió las fotos del viaje y nos las enseñó durante la comida.,Ana printed the holiday photos and showed them to us over lunch.,CC BY 4.0,Spanish Editorial Learning; original project content; https://creativecommons.org/licenses/by/4.0/,true
quiz-object-pronouns,5100,Encontré tu bolígrafo debajo de la mesa; mañana te lo devuelvo.,I found your pen under the table; I will return it to you tomorrow.,CC BY 4.0,Spanish Editorial Learning; original project content; https://creativecommons.org/licenses/by/4.0/,true
quiz-object-pronouns,5101,Mi abuela tejió una bufanda roja y me la regaló en noviembre.,My grandmother knitted a red scarf and gave it to me in November.,CC BY 4.0,Spanish Editorial Learning; original project content; https://creativecommons.org/licenses/by/4.0/,true
quiz-object-pronouns,5102,"Si necesitas el coche, te lo prestaré durante el fin de semana.","If you need the car, I will lend it to you for the weekend.",CC BY 4.0,Spanish Editorial Learning; original project content; https://creativecommons.org/licenses/by/4.0/,true
quiz-object-pronouns,5103,El profesor corrigió mi informe y me lo explicó a mí después de clase.,The teacher marked my report and explained it to me after class.,CC BY 4.0,Spanish Editorial Learning; original project content; https://creativecommons.org/licenses/by/4.0/,true
quiz-object-pronouns,5104,La nueva ruta nos la explicó a nosotras una guardabosques del parque.,A park ranger explained the new route to us.,CC BY 4.0,Spanish Editorial Learning; original project content; https://creativecommons.org/licenses/by/4.0/,true
quiz-object-pronouns,5105,"Cuando abra la taquilla, te los compraré a ti sin comisión.","When the ticket office opens, I will buy the tickets for you without a booking fee.",CC BY 4.0,Spanish Editorial Learning; original project content; https://creativecommons.org/licenses/by/4.0/,true
quiz-object-pronouns,5106,Limpié tus gafas y te las dejé encima del escritorio.,I cleaned your glasses and left them on the desk for you.,CC BY 4.0,Spanish Editorial Learning; original project content; https://creativecommons.org/licenses/by/4.0/,true
quiz-object-pronouns,5107,Mis amigos restauraron la mesa y me la vendieron por veinte euros.,My friends restored the table and sold it to me for twenty euros.,CC BY 4.0,Spanish Editorial Learning; original project content; https://creativecommons.org/licenses/by/4.0/,true
quiz-object-pronouns,5108,Necesitaba un traje para la boda y mi padre me lo hizo a medida.,"I needed a suit for the wedding, and my father made it to measure for me.",CC BY 4.0,Spanish Editorial Learning; original project content; https://creativecommons.org/licenses/by/4.0/,true
quiz-object-pronouns,5109,Guarda mi diccionario hasta el examen; te lo dejo con mucho gusto.,Keep my dictionary until the exam; I am happy to lend it to you.,CC BY 4.0,Spanish Editorial Learning; original project content; https://creativecommons.org/licenses/by/4.0/,true
quiz-object-pronouns,5110,"La moto era de segunda mano, pero mis padres me la compraron igualmente.","The motorbike was second-hand, but my parents bought it for me anyway.",CC BY 4.0,Spanish Editorial Learning; original project content; https://creativecommons.org/licenses/by/4.0/,true
quiz-object-pronouns,5111,No entiendes el problema todavía; te lo explicaré con otro ejemplo.,You do not understand the problem yet; I will explain it to you with another example.,CC BY 4.0,Spanish Editorial Learning; original project content; https://creativecommons.org/licenses/by/4.0/,true
quiz-object-pronouns,5112,Anota mi dirección y te la confirmaré por mensaje esta noche.,"Write down my address, and I will confirm it for you by message tonight.",CC BY 4.0,Spanish Editorial Learning; original project content; https://creativecommons.org/licenses/by/4.0/,true
quiz-object-pronouns,5113,He ordenado mis apuntes y te los presto hasta el lunes.,"I have sorted my notes, and I will lend them to you until Monday.",CC BY 4.0,Spanish Editorial Learning; original project content; https://creativecommons.org/licenses/by/4.0/,true
quiz-object-pronouns,5114,Juan guardó las llaves y se las dio a su hermana al salir.,Juan put away the keys and gave them to his sister as he left.,CC BY 4.0,Spanish Editorial Learning; original project content; https://creativecommons.org/licenses/by/4.0/,true
quiz-object-pronouns,5115,Elegimos un regalo práctico y se lo dimos a Pablo después de comer.,We chose a practical present and gave it to Pablo after lunch.,CC BY 4.0,Spanish Editorial Learning; original project content; https://creativecommons.org/licenses/by/4.0/,true
quiz-object-pronouns,5116,Carmen conserva los apuntes de química y se los presta a sus compañeros.,Carmen keeps her chemistry notes and lends them to her classmates.,CC BY 4.0,Spanish Editorial Learning; original project content; https://creativecommons.org/licenses/by/4.0/,true
quiz-object-pronouns,5117,"Mis padres desconocían la verdad, pero anoche se la conté con calma.","My parents did not know the truth, but I told it to them calmly last night.",CC BY 4.0,Spanish Editorial Learning; original project content; https://creativecommons.org/licenses/by/4.0/,true
quiz-object-pronouns,5118,La alumna formuló una pregunta clara y se la hizo a la profesora.,The pupil formed a clear question and put it to the teacher.,CC BY 4.0,Spanish Editorial Learning; original project content; https://creativecommons.org/licenses/by/4.0/,true
quiz-object-pronouns,5119,Tengo el dinero preparado y mañana se lo devolveré a ustedes.,I have the money ready and will return it to you tomorrow.,CC BY 4.0,Spanish Editorial Learning; original project content; https://creativecommons.org/licenses/by/4.0/,true
quiz-object-pronouns,5120,Mi padre escogió unas flores amarillas y se las compró a mi madre.,My father chose some yellow flowers and bought them for my mother.,CC BY 4.0,Spanish Editorial Learning; original project content; https://creativecommons.org/licenses/by/4.0/,true
quiz-object-pronouns,5121,El médico revisó los resultados y se los explicó a la paciente despacio.,The doctor reviewed the results and explained them slowly to the patient.,CC BY 4.0,Spanish Editorial Learning; original project content; https://creativecommons.org/licenses/by/4.0/,true
quiz-object-pronouns,5122,El cartero protegió el paquete de la lluvia y se lo entregó a mis vecinos.,The postman protected the parcel from the rain and delivered it to my neighbours.,CC BY 4.0,Spanish Editorial Learning; original project content; https://creativecommons.org/licenses/by/4.0/,true
quiz-object-pronouns,5123,"La contraseña es confidencial, y no se la diré a nadie.","The password is confidential, and I will not tell it to anyone.",CC BY 4.0,Spanish Editorial Learning; original project content; https://creativecommons.org/licenses/by/4.0/,true
quiz-object-pronouns,5124,Acabé el informe al mediodía y se lo envié al director para su revisión.,I finished the report at midday and sent it to the director for review.,CC BY 4.0,Spanish Editorial Learning; original project content; https://creativecommons.org/licenses/by/4.0/,true
quiz-object-pronouns,5125,"Los niños no conocían las noticias, así que se las contamos con cuidado.","The children did not know the news, so we told it to them carefully.",CC BY 4.0,Spanish Editorial Learning; original project content; https://creativecommons.org/licenses/by/4.0/,true
quiz-object-pronouns,5126,Laura pidió tu número y se lo di antes de subir al tren.,"Laura asked for your number, and I gave it to her before boarding the train.",CC BY 4.0,Spanish Editorial Learning; original project content; https://creativecommons.org/licenses/by/4.0/,true
quiz-object-pronouns,5127,Mi hermano prometió una carta a su novia y se la está escribiendo ahora.,My brother promised his girlfriend a letter and is writing it to her now.,CC BY 4.0,Spanish Editorial Learning; original project content; https://creativecommons.org/licenses/by/4.0/,true
quiz-object-pronouns,5128,Mis amigos conocen el secreto y se lo están contando a todo el barrio.,My friends know the secret and are telling it to the whole neighbourhood.,CC BY 4.0,Spanish Editorial Learning; original project content; https://creativecommons.org/licenses/by/4.0/,true
quiz-object-pronouns,5129,La tarta cabe en esta caja; se la llevaremos a la abuela esta tarde.,The cake fits in this box; we will take it to Grandma this afternoon.,CC BY 4.0,Spanish Editorial Learning; original project content; https://creativecommons.org/licenses/by/4.0/,true
quiz-object-pronouns,5130,Mis padres eligieron los juguetes y se los van a comprar a mi hermano.,My parents chose the toys and are going to buy them for my brother.,CC BY 4.0,Spanish Editorial Learning; original project content; https://creativecommons.org/licenses/by/4.0/,true
quiz-object-pronouns,5131,"El mensaje era urgente y se lo mandé a él, no a ella.","The message was urgent, and I sent it to him, not to her.",CC BY 4.0,Spanish Editorial Learning; original project content; https://creativecommons.org/licenses/by/4.0/,true
quiz-object-pronouns,5132,Conseguí las entradas esta mañana y se las guardé a ustedes en recepción.,I got the tickets this morning and left them for you at reception.,CC BY 4.0,Spanish Editorial Learning; original project content; https://creativecommons.org/licenses/by/4.0/,true
quiz-object-pronouns,5133,"Mario olvidó las llaves, pero se las di antes de cerrar la oficina.","Mario forgot the keys, but I gave them to him before closing the office.",CC BY 4.0,Spanish Editorial Learning; original project content; https://creativecommons.org/licenses/by/4.0/,true
quiz-object-pronouns,5134,"La invitación estaba lista, aunque todavía no se la había mandado a mis tíos.","The invitation was ready, although I had not yet sent it to my aunt and uncle.",CC BY 4.0,Spanish Editorial Learning; original project content; https://creativecommons.org/licenses/by/4.0/,true
quiz-object-pronouns,5135,Ana eligió el pastel de chocolate y se lo compré aquella misma mañana.,"Ana chose the chocolate cake, and I bought it for her that same morning.",CC BY 4.0,Spanish Editorial Learning; original project content; https://creativecommons.org/licenses/by/4.0/,true
quiz-object-pronouns,5136,"Mi madre admiró los pendientes, por eso se los regalaré en su cumpleaños.","My mother admired the earrings, so I will give them to her for her birthday.",CC BY 4.0,Spanish Editorial Learning; original project content; https://creativecommons.org/licenses/by/4.0/,true
quiz-object-pronouns,5137,Los alumnos pidieron otro ejemplo y la directora se lo explicó en la pizarra.,"The pupils asked for another example, and the head teacher explained it to them on the board.",CC BY 4.0,Spanish Editorial Learning; original project content; https://creativecommons.org/licenses/by/4.0/,true
quiz-object-pronouns,5138,"Mi padre necesitaba el permiso firmado, y se lo pedí ayer.","My father needed the signed permission, and I asked him for it yesterday.",CC BY 4.0,Spanish Editorial Learning; original project content; https://creativecommons.org/licenses/by/4.0/,true
quiz-object-pronouns,5139,Sara dejó su chaqueta en mi coche y ya se la devolví.,"Sara left her jacket in my car, and I have already returned it to her.",CC BY 4.0,Spanish Editorial Learning; original project content; https://creativecommons.org/licenses/by/4.0/,true
quiz-object-pronouns,5140,Mi hija escogió un cuento de aventuras y estoy leyéndoselo antes de dormir.,"My daughter chose an adventure story, and I am reading it to her before bed.",CC BY 4.0,Spanish Editorial Learning; original project content; https://creativecommons.org/licenses/by/4.0/,true
quiz-object-pronouns,5141,"Los alumnos no entienden la lección, así que el profesor continúa explicándosela con dibujos.","The pupils do not understand the lesson, so the teacher is continuing to explain it to them with drawings.",CC BY 4.0,Spanish Editorial Learning; original project content; https://creativecommons.org/licenses/by/4.0/,true
quiz-object-pronouns,5142,He seleccionado las mejores fotos y estoy mandándotelas desde el hotel.,I have selected the best photos and I am sending them to you from the hotel.,CC BY 4.0,Spanish Editorial Learning; original project content; https://creativecommons.org/licenses/by/4.0/,true
quiz-object-pronouns,5143,Pedimos el menú hace un momento y el camarero viene trayéndonoslo ahora.,"We asked for the menu a moment ago, and the waiter is bringing it to us now.",CC BY 4.0,Spanish Editorial Learning; original project content; https://creativecommons.org/licenses/by/4.0/,true
quiz-object-pronouns,5144,Los niños esperaban sus regalos y su padre terminó dándoselos uno por uno.,"The children were waiting for their presents, and their father ended up handing them out one by one.",CC BY 4.0,Spanish Editorial Learning; original project content; https://creativecommons.org/licenses/by/4.0/,true
quiz-object-pronouns,5145,Acabaré tu libro esta noche para devolvértelo mañana en la biblioteca.,I will finish your book tonight so I can return it to you at the library tomorrow.,CC BY 4.0,Spanish Editorial Learning; original project content; https://creativecommons.org/licenses/by/4.0/,true
quiz-object-pronouns,5146,Mi primo necesita una bicicleta y quiero prestársela durante el verano.,"My cousin needs a bicycle, and I want to lend him mine for the summer.",CC BY 4.0,Spanish Editorial Learning; original project content; https://creativecommons.org/licenses/by/4.0/,true
quiz-object-pronouns,5147,El abogado pidió los documentos originales y debo mandárselos por mensajero.,"The solicitor requested the original documents, and I must send them to him by courier.",CC BY 4.0,Spanish Editorial Learning; original project content; https://creativecommons.org/licenses/by/4.0/,true
quiz-object-pronouns,5148,Esa canción despierta buenos recuerdos; ¿podrías cantármela otra vez?,That song brings back good memories; could you sing it to me again?,CC BY 4.0,Spanish Editorial Learning; original project content; https://creativecommons.org/licenses/by/4.0/,true
quiz-object-pronouns,5149,Nuestros jefes rechazaron el plan porque no supimos explicárselo con claridad.,Our managers rejected the plan because we could not explain it to them clearly.,CC BY 4.0,Spanish Editorial Learning; original project content; https://creativecommons.org/licenses/by/4.0/,true
quiz-object-pronouns,5150,Las fotos ya están editadas; puedo enviártelas después de cenar.,The photos have been edited; I can send them to you after dinner.,CC BY 4.0,Spanish Editorial Learning; original project content; https://creativecommons.org/licenses/by/4.0/,true
quiz-saber-conocer,6001,Todavía no sé dónde guardaron el contrato original.,I still do not know where they kept the original contract.,CC BY 4.0,Spanish Editorial Learning; original project content; https://creativecommons.org/licenses/by/4.0/,true
quiz-saber-conocer,6002,¿Sabes a qué andén llega el tren nocturno?,Do you know which platform the night train arrives at?,CC BY 4.0,Spanish Editorial Learning; original project content; https://creativecommons.org/licenses/by/4.0/,true
quiz-saber-conocer,6003,La recepcionista sabe el código de la caja fuerte.,The receptionist knows the code for the safe.,CC BY 4.0,Spanish Editorial Learning; original project content; https://creativecommons.org/licenses/by/4.0/,true
quiz-saber-conocer,6004,Por el aviso sabemos que la carretera sigue cerrada.,We know from the notice that the road is still closed.,CC BY 4.0,Spanish Editorial Learning; original project content; https://creativecommons.org/licenses/by/4.0/,true
quiz-saber-conocer,6005,"Sin la última pista, los concursantes no saben la respuesta.","Without the final clue, the contestants do not know the answer.",CC BY 4.0,Spanish Editorial Learning; original project content; https://creativecommons.org/licenses/by/4.0/,true
quiz-saber-conocer,6006,¿Sabe usted cuándo termina la exposición?,Do you know when the exhibition ends?,CC BY 4.0,Spanish Editorial Learning; original project content; https://creativecommons.org/licenses/by/4.0/,true
quiz-saber-conocer,6007,Sé de memoria el número de mi pasaporte.,I know my passport number by heart.,CC BY 4.0,Spanish Editorial Learning; original project content; https://creativecommons.org/licenses/by/4.0/,true
quiz-saber-conocer,6008,Ana sabe por qué cancelaron el concierto.,Ana knows why they cancelled the concert.,CC BY 4.0,Spanish Editorial Learning; original project content; https://creativecommons.org/licenses/by/4.0/,true
quiz-saber-conocer,6009,¿Sabéis si quedan entradas para la función de esta noche?,Do you all know whether there are any tickets left for tonight's performance?,CC BY 4.0,Spanish Editorial Learning; original project content; https://creativecommons.org/licenses/by/4.0/,true
quiz-saber-conocer,6010,No sé cómo se abre esta ventana antigua.,I do not know how this old window opens.,CC BY 4.0,Spanish Editorial Learning; original project content; https://creativecommons.org/licenses/by/4.0/,true
quiz-saber-conocer,6011,Mis padres ya saben que nos mudamos en junio.,My parents already know that we are moving in June.,CC BY 4.0,Spanish Editorial Learning; original project content; https://creativecommons.org/licenses/by/4.0/,true
quiz-saber-conocer,6012,Cualquier jardinero sabe que estas semillas necesitan sombra.,Any gardener knows that these seeds need shade.,CC BY 4.0,Spanish Editorial Learning; original project content; https://creativecommons.org/licenses/by/4.0/,true
quiz-saber-conocer,6013,¿Sabes quién dejó este paquete en la entrada?,Do you know who left this parcel at the entrance?,CC BY 4.0,Spanish Editorial Learning; original project content; https://creativecommons.org/licenses/by/4.0/,true
quiz-saber-conocer,6014,De ese acuerdo no sé nada más que el título.,I know nothing about that agreement apart from its title.,CC BY 4.0,Spanish Editorial Learning; original project content; https://creativecommons.org/licenses/by/4.0/,true
quiz-saber-conocer,6015,El profesor sabe cuándo publicarán las notas.,The teacher knows when the marks will be published.,CC BY 4.0,Spanish Editorial Learning; original project content; https://creativecommons.org/licenses/by/4.0/,true
quiz-saber-conocer,6016,Ellos no saben adónde enviaron los documentos.,They do not know where the documents were sent.,CC BY 4.0,Spanish Editorial Learning; original project content; https://creativecommons.org/licenses/by/4.0/,true
quiz-saber-conocer,6017,Ni siquiera nosotros sabemos qué provocó el apagón.,Not even we know what caused the power cut.,CC BY 4.0,Spanish Editorial Learning; original project content; https://creativecommons.org/licenses/by/4.0/,true
quiz-saber-conocer,6018,Ella sabe la fecha exacta de la inauguración.,She knows the exact date of the opening.,CC BY 4.0,Spanish Editorial Learning; original project content; https://creativecommons.org/licenses/by/4.0/,true
quiz-saber-conocer,6019,¿Sabes el resultado de la votación?,Do you know the result of the vote?,CC BY 4.0,Spanish Editorial Learning; original project content; https://creativecommons.org/licenses/by/4.0/,true
quiz-saber-conocer,6020,Por experiencia sé que este camino se inunda en otoño.,"From experience, I know that this road floods in autumn.",CC BY 4.0,Spanish Editorial Learning; original project content; https://creativecommons.org/licenses/by/4.0/,true
quiz-saber-conocer,6021,Carlos sabe mucho de astronomía medieval.,Carlos knows a great deal about medieval astronomy.,CC BY 4.0,Spanish Editorial Learning; original project content; https://creativecommons.org/licenses/by/4.0/,true
quiz-saber-conocer,6022,Mis amigos no saben lo que ocurrió durante la reunión.,My friends do not know what happened during the meeting.,CC BY 4.0,Spanish Editorial Learning; original project content; https://creativecommons.org/licenses/by/4.0/,true
quiz-saber-conocer,6023,¿Sabe alguien a qué hora cierra la farmacia de guardia?,Does anyone know what time the late-night pharmacy closes?,CC BY 4.0,Spanish Editorial Learning; original project content; https://creativecommons.org/licenses/by/4.0/,true
quiz-saber-conocer,6024,Aún no sé si Clara aceptará la propuesta.,I do not yet know whether Clara will accept the proposal.,CC BY 4.0,Spanish Editorial Learning; original project content; https://creativecommons.org/licenses/by/4.0/,true
quiz-saber-conocer,6025,Usted sabe perfectamente lo que exige el reglamento.,You know perfectly well what the regulations require.,CC BY 4.0,Spanish Editorial Learning; original project content; https://creativecommons.org/licenses/by/4.0/,true
quiz-saber-conocer,6026,Los excursionistas no saben cuál de los senderos lleva al refugio.,The hikers do not know which path leads to the shelter.,CC BY 4.0,Spanish Editorial Learning; original project content; https://creativecommons.org/licenses/by/4.0/,true
quiz-saber-conocer,6027,Nadie sabe dónde apareció el manuscrito.,Nobody knows where the manuscript turned up.,CC BY 4.0,Spanish Editorial Learning; original project content; https://creativecommons.org/licenses/by/4.0/,true
quiz-saber-conocer,6028,¿Cómo sabes tú que la firma es auténtica?,How do you know that the signature is genuine?,CC BY 4.0,Spanish Editorial Learning; original project content; https://creativecommons.org/licenses/by/4.0/,true
quiz-saber-conocer,6029,Ya sé de memoria los nombres de todas las constelaciones visibles.,I already know the names of all the visible constellations by heart.,CC BY 4.0,Spanish Editorial Learning; original project content; https://creativecommons.org/licenses/by/4.0/,true
quiz-saber-conocer,6030,"Ante una noticia así, ella no sabe qué decir.","Faced with news like that, she does not know what to say.",CC BY 4.0,Spanish Editorial Learning; original project content; https://creativecommons.org/licenses/by/4.0/,true
quiz-saber-conocer,6031,"Tras meses de clases, sé nadar de espaldas.","After months of lessons, I know how to swim on my back.",CC BY 4.0,Spanish Editorial Learning; original project content; https://creativecommons.org/licenses/by/4.0/,true
quiz-saber-conocer,6032,¿Sabes preparar pan sin levadura?,Do you know how to make bread without yeast?,CC BY 4.0,Spanish Editorial Learning; original project content; https://creativecommons.org/licenses/by/4.0/,true
quiz-saber-conocer,6033,Mi hermana sabe afinar un violín de oído.,My sister knows how to tune a violin by ear.,CC BY 4.0,Spanish Editorial Learning; original project content; https://creativecommons.org/licenses/by/4.0/,true
quiz-saber-conocer,6034,Nosotros no sabemos conducir con hielo en la calzada.,We do not know how to drive on icy roads.,CC BY 4.0,Spanish Editorial Learning; original project content; https://creativecommons.org/licenses/by/4.0/,true
quiz-saber-conocer,6035,Mis abuelos saben injertar rosales.,My grandparents know how to graft rose bushes.,CC BY 4.0,Spanish Editorial Learning; original project content; https://creativecommons.org/licenses/by/4.0/,true
quiz-saber-conocer,6036,El niño ya sabe atarse los cordones sin ayuda.,The child already knows how to tie his shoelaces without help.,CC BY 4.0,Spanish Editorial Learning; original project content; https://creativecommons.org/licenses/by/4.0/,true
quiz-saber-conocer,6037,¿Saben ustedes comunicarse en lengua de signos?,Do you know how to communicate in sign language?,CC BY 4.0,Spanish Editorial Learning; original project content; https://creativecommons.org/licenses/by/4.0/,true
quiz-saber-conocer,6038,Sin el manual no sé configurar este proyector.,"Without the manual, I do not know how to set up this projector.",CC BY 4.0,Spanish Editorial Learning; original project content; https://creativecommons.org/licenses/by/4.0/,true
quiz-saber-conocer,6039,Pedro sabe reparar mecanismos de relojería.,Pedro knows how to repair clockwork mechanisms.,CC BY 4.0,Spanish Editorial Learning; original project content; https://creativecommons.org/licenses/by/4.0/,true
quiz-saber-conocer,6040,¿Sabéis orientar un mapa con una brújula?,Do you all know how to orient a map with a compass?,CC BY 4.0,Spanish Editorial Learning; original project content; https://creativecommons.org/licenses/by/4.0/,true
quiz-saber-conocer,6041,Mi perro sabe traer el periódico sin romperlo.,My dog knows how to fetch the newspaper without tearing it.,CC BY 4.0,Spanish Editorial Learning; original project content; https://creativecommons.org/licenses/by/4.0/,true
quiz-saber-conocer,6042,Ellas saben interpretar planos arquitectónicos.,They know how to read architectural plans.,CC BY 4.0,Spanish Editorial Learning; original project content; https://creativecommons.org/licenses/by/4.0/,true
quiz-saber-conocer,6043,Tú sabes explicar ideas complejas con claridad.,You know how to explain complex ideas clearly.,CC BY 4.0,Spanish Editorial Learning; original project content; https://creativecommons.org/licenses/by/4.0/,true
quiz-saber-conocer,6044,"Gracias al curso, sé prestar primeros auxilios básicos.","Thanks to the course, I know how to give basic first aid.",CC BY 4.0,Spanish Editorial Learning; original project content; https://creativecommons.org/licenses/by/4.0/,true
quiz-saber-conocer,6045,Mi padre no sabe montar en bicicleta.,My father does not know how to ride a bicycle.,CC BY 4.0,Spanish Editorial Learning; original project content; https://creativecommons.org/licenses/by/4.0/,true
quiz-saber-conocer,6046,Los aprendices ya saben soldar piezas pequeñas.,The apprentices already know how to weld small parts.,CC BY 4.0,Spanish Editorial Learning; original project content; https://creativecommons.org/licenses/by/4.0/,true
quiz-saber-conocer,6047,¿Sabe usted podar un manzano sin dañarlo?,Do you know how to prune an apple tree without damaging it?,CC BY 4.0,Spanish Editorial Learning; original project content; https://creativecommons.org/licenses/by/4.0/,true
quiz-saber-conocer,6048,Entre los dos sabemos instalar una estantería de pared.,"Between us, we know how to install a wall-mounted shelf.",CC BY 4.0,Spanish Editorial Learning; original project content; https://creativecommons.org/licenses/by/4.0/,true
quiz-saber-conocer,6049,Lucía sabe restaurar fotografías antiguas.,Lucía knows how to restore old photographs.,CC BY 4.0,Spanish Editorial Learning; original project content; https://creativecommons.org/licenses/by/4.0/,true
quiz-saber-conocer,6050,Quiero saber leer una partitura antes de empezar el conservatorio.,I want to know how to read music before starting at the conservatoire.,CC BY 4.0,Spanish Editorial Learning; original project content; https://creativecommons.org/licenses/by/4.0/,true
quiz-saber-conocer,6051,Conozco a tu hermano del club de ajedrez.,I know your brother from the chess club.,CC BY 4.0,Spanish Editorial Learning; original project content; https://creativecommons.org/licenses/by/4.0/,true
quiz-saber-conocer,6052,¿Conoces a mis padres o solo has hablado con ellos por teléfono?,"Do you know my parents, or have you only spoken to them on the phone?",CC BY 4.0,Spanish Editorial Learning; original project content; https://creativecommons.org/licenses/by/4.0/,true
quiz-saber-conocer,6053,Marta conoce a mucha gente del mundo editorial.,Marta knows many people in publishing.,CC BY 4.0,Spanish Editorial Learning; original project content; https://creativecommons.org/licenses/by/4.0/,true
quiz-saber-conocer,6054,"Como acabamos de llegar, no conocemos al nuevo profesor.","As we have only just arrived, we do not know the new teacher.",CC BY 4.0,Spanish Editorial Learning; original project content; https://creativecommons.org/licenses/by/4.0/,true
quiz-saber-conocer,6055,Mis amigos conocen a un actor que trabaja en ese teatro.,My friends know an actor who works at that theatre.,CC BY 4.0,Spanish Editorial Learning; original project content; https://creativecommons.org/licenses/by/4.0/,true
quiz-saber-conocer,6056,¿Conoce usted al director de la residencia?,Do you know the manager of the care home?,CC BY 4.0,Spanish Editorial Learning; original project content; https://creativecommons.org/licenses/by/4.0/,true
quiz-saber-conocer,6057,Conozco a Laura desde nuestro primer año de universidad.,I have known Laura since our first year at university.,CC BY 4.0,Spanish Editorial Learning; original project content; https://creativecommons.org/licenses/by/4.0/,true
quiz-saber-conocer,6058,¿Conocéis a alguien que pueda traducir islandés?,Do you all know anyone who can translate Icelandic?,CC BY 4.0,Spanish Editorial Learning; original project content; https://creativecommons.org/licenses/by/4.0/,true
quiz-saber-conocer,6059,"Aunque sonríe a todos, ella no conoce a nadie en la recepción.","Although she smiles at everyone, she does not know anyone at the reception.",CC BY 4.0,Spanish Editorial Learning; original project content; https://creativecommons.org/licenses/by/4.0/,true
quiz-saber-conocer,6060,"Después de tantos años, conocemos muy bien a nuestros vecinos.","After so many years, we know our neighbours very well.",CC BY 4.0,Spanish Editorial Learning; original project content; https://creativecommons.org/licenses/by/4.0/,true
quiz-saber-conocer,6061,Durante la visita quiero conocer a tu novia.,"During the visit, I want to meet your girlfriend.",CC BY 4.0,Spanish Editorial Learning; original project content; https://creativecommons.org/licenses/by/4.0/,true
quiz-saber-conocer,6062,Me encantaría conocer a tus abuelos y escuchar sus historias.,I would love to meet your grandparents and hear their stories.,CC BY 4.0,Spanish Editorial Learning; original project content; https://creativecommons.org/licenses/by/4.0/,true
quiz-saber-conocer,6063,Mi madre conoce a todos mis compañeros por sus nombres.,My mother knows all my classmates by name.,CC BY 4.0,Spanish Editorial Learning; original project content; https://creativecommons.org/licenses/by/4.0/,true
quiz-saber-conocer,6064,Tú conoces a Pablo mejor que su propio jefe.,You know Pablo better than his own boss does.,CC BY 4.0,Spanish Editorial Learning; original project content; https://creativecommons.org/licenses/by/4.0/,true
quiz-saber-conocer,6065,Los alumnos todavía no conocen a la orientadora del centro.,The pupils do not yet know the school's guidance counsellor.,CC BY 4.0,Spanish Editorial Learning; original project content; https://creativecommons.org/licenses/by/4.0/,true
quiz-saber-conocer,6066,"Admiro sus novelas, pero no conozco personalmente al autor.","I admire his novels, but I do not know the author personally.",CC BY 4.0,Spanish Editorial Learning; original project content; https://creativecommons.org/licenses/by/4.0/,true
quiz-saber-conocer,6067,Ellos conocen al alcalde porque fueron juntos al colegio.,They know the mayor because they went to school together.,CC BY 4.0,Spanish Editorial Learning; original project content; https://creativecommons.org/licenses/by/4.0/,true
quiz-saber-conocer,6068,Mi jefe conoce a cada cliente por la voz.,My boss knows each client by their voice.,CC BY 4.0,Spanish Editorial Learning; original project content; https://creativecommons.org/licenses/by/4.0/,true
quiz-saber-conocer,6069,"Después de veinte años, creo que tú no me conoces de verdad.","After twenty years, I think you do not truly know me.",CC BY 4.0,Spanish Editorial Learning; original project content; https://creativecommons.org/licenses/by/4.0/,true
quiz-saber-conocer,6070,En el curso conocemos a una chica de Argentina que toca el bandoneón.,"On the course, we know a girl from Argentina who plays the bandoneon.",CC BY 4.0,Spanish Editorial Learning; original project content; https://creativecommons.org/licenses/by/4.0/,true
quiz-saber-conocer,6071,"Usted conoce al médico de mi familia, ¿cierto?","You know my family's doctor, don't you?",CC BY 4.0,Spanish Editorial Learning; original project content; https://creativecommons.org/licenses/by/4.0/,true
quiz-saber-conocer,6072,"La conozco del coro, aunque nunca hemos hablado a solas.","I know her from the choir, although we have never spoken alone.",CC BY 4.0,Spanish Editorial Learning; original project content; https://creativecommons.org/licenses/by/4.0/,true
quiz-saber-conocer,6073,Mis hijos conocen bien a su profesora de música.,My children know their music teacher well.,CC BY 4.0,Spanish Editorial Learning; original project content; https://creativecommons.org/licenses/by/4.0/,true
quiz-saber-conocer,6074,¿Conocéis al chico que organiza el mercadillo solidario?,Do you all know the lad who organises the charity market?,CC BY 4.0,Spanish Editorial Learning; original project content; https://creativecommons.org/licenses/by/4.0/,true
quiz-saber-conocer,6075,"En su nuevo puesto, Ana quiere conocer a gente de otros departamentos.","In her new role, Ana wants to meet people from other departments.",CC BY 4.0,Spanish Editorial Learning; original project content; https://creativecommons.org/licenses/by/4.0/,true
quiz-saber-conocer,6076,"Tras vivir allí seis años, conozco Barcelona calle por calle.","After living there for six years, I know Barcelona street by street.",CC BY 4.0,Spanish Editorial Learning; original project content; https://creativecommons.org/licenses/by/4.0/,true
quiz-saber-conocer,6077,¿Conoces México más allá de sus grandes ciudades?,Do you know Mexico beyond its large cities?,CC BY 4.0,Spanish Editorial Learning; original project content; https://creativecommons.org/licenses/by/4.0/,true
quiz-saber-conocer,6078,"Mis padres no conocen Sevilla, pero planean visitarla en primavera.","My parents are not familiar with Seville, but they plan to visit it in spring.",CC BY 4.0,Spanish Editorial Learning; original project content; https://creativecommons.org/licenses/by/4.0/,true
quiz-saber-conocer,6079,Cerca del puerto conocemos un restaurante pequeño con pescado fresco.,"Near the harbour, we know a small restaurant that serves fresh fish.",CC BY 4.0,Spanish Editorial Learning; original project content; https://creativecommons.org/licenses/by/4.0/,true
quiz-saber-conocer,6080,Ella conoce todos los museos gratuitos de la ciudad.,She knows all the free museums in the city.,CC BY 4.0,Spanish Editorial Learning; original project content; https://creativecommons.org/licenses/by/4.0/,true
quiz-saber-conocer,6081,¿Conoce usted este barrio lo bastante bien para guiarnos?,Do you know this neighbourhood well enough to guide us?,CC BY 4.0,Spanish Editorial Learning; original project content; https://creativecommons.org/licenses/by/4.0/,true
quiz-saber-conocer,6082,Algún día quiero conocer Japón en tren.,"One day, I want to explore Japan by train.",CC BY 4.0,Spanish Editorial Learning; original project content; https://creativecommons.org/licenses/by/4.0/,true
quiz-saber-conocer,6083,Mi abuela conoce cada sendero que rodea su pueblo.,My grandmother knows every path around her village.,CC BY 4.0,Spanish Editorial Learning; original project content; https://creativecommons.org/licenses/by/4.0/,true
quiz-saber-conocer,6084,¿Conocéis la playa de La Concha cuando está vacía al amanecer?,Do you know La Concha beach when it is empty at dawn?,CC BY 4.0,Spanish Editorial Learning; original project content; https://creativecommons.org/licenses/by/4.0/,true
quiz-saber-conocer,6085,No conozco esta parte de la ciudad después del anochecer.,I am not familiar with this part of the city after dark.,CC BY 4.0,Spanish Editorial Learning; original project content; https://creativecommons.org/licenses/by/4.0/,true
quiz-saber-conocer,6086,El taxista conoce incluso los callejones más estrechos de Madrid.,The taxi driver knows even the narrowest alleys in Madrid.,CC BY 4.0,Spanish Editorial Learning; original project content; https://creativecommons.org/licenses/by/4.0/,true
quiz-saber-conocer,6087,Tú conoces un lugar tranquilo para cenar junto al río.,You know a quiet place to have dinner beside the river.,CC BY 4.0,Spanish Editorial Learning; original project content; https://creativecommons.org/licenses/by/4.0/,true
quiz-saber-conocer,6088,Todavía no conocemos el nuevo centro cultural del barrio.,We are not yet familiar with the neighbourhood's new cultural centre.,CC BY 4.0,Spanish Editorial Learning; original project content; https://creativecommons.org/licenses/by/4.0/,true
quiz-saber-conocer,6089,"Por su trabajo, mis amigos conocen muchos puertos del norte de Europa.","Through their work, my friends know many ports in northern Europe.",CC BY 4.0,Spanish Editorial Learning; original project content; https://creativecommons.org/licenses/by/4.0/,true
quiz-saber-conocer,6090,Antes de volver a casa me gustaría conocer Buenos Aires a pie.,"Before returning home, I would like to explore Buenos Aires on foot.",CC BY 4.0,Spanish Editorial Learning; original project content; https://creativecommons.org/licenses/by/4.0/,true
quiz-saber-conocer,6091,¿Conoces un hotel accesible cerca de la estación?,Do you know an accessible hotel near the station?,CC BY 4.0,Spanish Editorial Learning; original project content; https://creativecommons.org/licenses/by/4.0/,true
quiz-saber-conocer,6092,Los guías conocen la catedral desde la cripta hasta el campanario.,The guides know the cathedral from the crypt to the bell tower.,CC BY 4.0,Spanish Editorial Learning; original project content; https://creativecommons.org/licenses/by/4.0/,true
quiz-saber-conocer,6093,Conozco una tienda del casco antiguo que vende pan de centeno.,I know a shop in the old town that sells rye bread.,CC BY 4.0,Spanish Editorial Learning; original project content; https://creativecommons.org/licenses/by/4.0/,true
quiz-saber-conocer,6094,"Usted no conoce el norte de España en invierno, ¿verdad?","You are not familiar with northern Spain in winter, are you?",CC BY 4.0,Spanish Editorial Learning; original project content; https://creativecommons.org/licenses/by/4.0/,true
quiz-saber-conocer,6095,Mi hermano conoce bien las rutas de alta montaña de Asturias.,My brother knows the high-mountain routes of Asturias well.,CC BY 4.0,Spanish Editorial Learning; original project content; https://creativecommons.org/licenses/by/4.0/,true
quiz-saber-conocer,6096,Conozco este libro por una edición anotada que heredé de mi tía.,I know this book through an annotated edition I inherited from my aunt.,CC BY 4.0,Spanish Editorial Learning; original project content; https://creativecommons.org/licenses/by/4.0/,true
quiz-saber-conocer,6097,¿Conoces la música que Rosalía compuso para esa película?,Are you familiar with the music Rosalía composed for that film?,CC BY 4.0,Spanish Editorial Learning; original project content; https://creativecommons.org/licenses/by/4.0/,true
quiz-saber-conocer,6098,"Gracias a nuestros vecinos, conocemos bien la cocina peruana.","Thanks to our neighbours, we are familiar with Peruvian cuisine.",CC BY 4.0,Spanish Editorial Learning; original project content; https://creativecommons.org/licenses/by/4.0/,true
quiz-saber-conocer,6099,Mi profesor conoce la obra de Cervantes en sus primeras ediciones.,My teacher knows Cervantes's work through its early editions.,CC BY 4.0,Spanish Editorial Learning; original project content; https://creativecommons.org/licenses/by/4.0/,true
quiz-saber-conocer,6100,¿Conoce usted este programa de radio sobre ciencia?,Are you familiar with this radio programme about science?,CC BY 4.0,Spanish Editorial Learning; original project content; https://creativecommons.org/licenses/by/4.0/,true
quiz-saber-conocer,6101,Ellos no conocen esa película muda de los años veinte.,They are not familiar with that silent film from the 1920s.,CC BY 4.0,Spanish Editorial Learning; original project content; https://creativecommons.org/licenses/by/4.0/,true
quiz-saber-conocer,6102,Ella conoce el mercado del arte contemporáneo desde dentro.,She knows the contemporary art market from the inside.,CC BY 4.0,Spanish Editorial Learning; original project content; https://creativecommons.org/licenses/by/4.0/,true
quiz-saber-conocer,6103,No conozco esta marca de café ni su método de tueste.,I am not familiar with this coffee brand or its roasting method.,CC BY 4.0,Spanish Editorial Learning; original project content; https://creativecommons.org/licenses/by/4.0/,true
quiz-saber-conocer,6104,¿Conocéis el juego del mus con todas sus señas?,Are you all familiar with the card game mus and all its signals?,CC BY 4.0,Spanish Editorial Learning; original project content; https://creativecommons.org/licenses/by/4.0/,true
quiz-saber-conocer,6105,Mi hermano conoce todos los grabados de Goya expuestos en esa sala.,My brother knows all the Goya prints displayed in that room.,CC BY 4.0,Spanish Editorial Learning; original project content; https://creativecommons.org/licenses/by/4.0/,true
quiz-saber-conocer,6106,Por tu trabajo conoces bien este tipo de problemas técnicos.,"Through your work, you are familiar with this kind of technical problem.",CC BY 4.0,Spanish Editorial Learning; original project content; https://creativecommons.org/licenses/by/4.0/,true
quiz-saber-conocer,6107,El mecánico conoce este modelo de coche hasta el último tornillo.,The mechanic knows this car model down to the last screw.,CC BY 4.0,Spanish Editorial Learning; original project content; https://creativecommons.org/licenses/by/4.0/,true
quiz-saber-conocer,6108,Nosotros no conocemos la obra temprana de ese pintor.,We are not familiar with that painter's early work.,CC BY 4.0,Spanish Editorial Learning; original project content; https://creativecommons.org/licenses/by/4.0/,true
quiz-saber-conocer,6109,¿Conoces alguna aplicación que funcione sin conexión?,Do you know any app that works offline?,CC BY 4.0,Spanish Editorial Learning; original project content; https://creativecommons.org/licenses/by/4.0/,true
quiz-saber-conocer,6110,Los médicos conocen bien los efectos secundarios de este tratamiento.,The doctors are well acquainted with the side effects of this treatment.,CC BY 4.0,Spanish Editorial Learning; original project content; https://creativecommons.org/licenses/by/4.0/,true
quiz-saber-conocer,6111,"Conozco las novelas de Isabel Allende, pero no sus ensayos.","I know Isabel Allende's novels, but not her essays.",CC BY 4.0,Spanish Editorial Learning; original project content; https://creativecommons.org/licenses/by/4.0/,true
quiz-saber-conocer,6112,Mi abuelo conoce todos los vinos elaborados en este valle.,My grandfather knows all the wines produced in this valley.,CC BY 4.0,Spanish Editorial Learning; original project content; https://creativecommons.org/licenses/by/4.0/,true
quiz-saber-conocer,6113,¿Conoce usted la ceremonia tradicional del té japonés?,Are you familiar with the traditional Japanese tea ceremony?,CC BY 4.0,Spanish Editorial Learning; original project content; https://creativecommons.org/licenses/by/4.0/,true
quiz-saber-conocer,6114,Ella conoce bien este estilo arquitectónico y su historia.,She knows this architectural style and its history well.,CC BY 4.0,Spanish Editorial Learning; original project content; https://creativecommons.org/licenses/by/4.0/,true
quiz-saber-conocer,6115,"Mis alumnos ya conocen el subjuntivo, aunque todavía cometen errores al usarlo.","My pupils are already familiar with the subjunctive, although they still make mistakes when using it.",CC BY 4.0,Spanish Editorial Learning; original project content; https://creativecommons.org/licenses/by/4.0/,true
quiz-saber-conocer,6116,Ayer conocí a tu hermana mientras esperábamos el autobús.,Yesterday I met your sister while we were waiting for the bus.,CC BY 4.0,Spanish Editorial Learning; original project content; https://creativecommons.org/licenses/by/4.0/,true
quiz-saber-conocer,6117,Mis padres se conocieron durante una campaña de reforestación.,My parents met during a reforestation campaign.,CC BY 4.0,Spanish Editorial Learning; original project content; https://creativecommons.org/licenses/by/4.0/,true
quiz-saber-conocer,6118,¿Dónde conociste tú a tu mejor amigo?,Where did you meet your best friend?,CC BY 4.0,Spanish Editorial Learning; original project content; https://creativecommons.org/licenses/by/4.0/,true
quiz-saber-conocer,6119,En aquel viaje conocimos Lisboa recorriendo sus barrios a pie.,"On that trip, we discovered Lisbon by exploring its neighbourhoods on foot.",CC BY 4.0,Spanish Editorial Learning; original project content; https://creativecommons.org/licenses/by/4.0/,true
quiz-saber-conocer,6120,Ana conoció a su novio en un taller de cerámica.,Ana met her boyfriend at a pottery workshop.,CC BY 4.0,Spanish Editorial Learning; original project content; https://creativecommons.org/licenses/by/4.0/,true
quiz-saber-conocer,6121,Los niños conocieron al nuevo maestro durante la excursión del lunes.,The children met the new teacher during Monday's school trip.,CC BY 4.0,Spanish Editorial Learning; original project content; https://creativecommons.org/licenses/by/4.0/,true
quiz-saber-conocer,6122,"Usted conoció al presidente en la cumbre de 2019, ¿verdad?","You met the president at the 2019 summit, didn't you?",CC BY 4.0,Spanish Editorial Learning; original project content; https://creativecommons.org/licenses/by/4.0/,true
quiz-saber-conocer,6123,"Cuando recorrimos Perú, conocimos Machu Picchu bajo una lluvia fina.","When we travelled around Peru, we encountered Machu Picchu for the first time in light rain.",CC BY 4.0,Spanish Editorial Learning; original project content; https://creativecommons.org/licenses/by/4.0/,true
quiz-saber-conocer,6124,Ayer supe que te casas por una nota de tu madre.,Yesterday I found out from a note by your mother that you are getting married.,CC BY 4.0,Spanish Editorial Learning; original project content; https://creativecommons.org/licenses/by/4.0/,true
quiz-saber-conocer,6125,¿Cuándo supiste tú la noticia del traslado?,When did you find out about the move?,CC BY 4.0,Spanish Editorial Learning; original project content; https://creativecommons.org/licenses/by/4.0/,true
quiz-saber-conocer,6126,Ella supo la verdad al comparar las dos facturas.,She found out the truth when she compared the two invoices.,CC BY 4.0,Spanish Editorial Learning; original project content; https://creativecommons.org/licenses/by/4.0/,true
quiz-saber-conocer,6127,"Al terminar el recuento, supimos el resultado definitivo.","When the count finished, we found out the final result.",CC BY 4.0,Spanish Editorial Learning; original project content; https://creativecommons.org/licenses/by/4.0/,true
quiz-saber-conocer,6128,"Al revisar el registro, supieron quién había abierto la puerta.","After checking the log, they found out who had opened the door.",CC BY 4.0,Spanish Editorial Learning; original project content; https://creativecommons.org/licenses/by/4.0/,true
quiz-saber-conocer,6129,"Al recibir el mensaje, supe que la reunión se había cancelado.","When I received the message, I found out that the meeting had been cancelled.",CC BY 4.0,Spanish Editorial Learning; original project content; https://creativecommons.org/licenses/by/4.0/,true
quiz-saber-conocer,6130,"Al ver la huella, el detective supo quién había entrado por la ventana.","On seeing the footprint, the detective found out who had come through the window.",CC BY 4.0,Spanish Editorial Learning; original project content; https://creativecommons.org/licenses/by/4.0/,true
quiz-saber-conocer,6131,¿Cómo supisteis vosotros que yo estaba enfermo?,How did you all find out that I was ill?,CC BY 4.0,Spanish Editorial Learning; original project content; https://creativecommons.org/licenses/by/4.0/,true
quiz-saber-conocer,6132,"Pese a investigar durante años, ellos nunca supieron por qué se hundió el barco.","Despite investigating for years, they never found out why the ship sank.",CC BY 4.0,Spanish Editorial Learning; original project content; https://creativecommons.org/licenses/by/4.0/,true
quiz-saber-conocer,6133,"De niño, yo ya sabía reparar pinchazos de bicicleta.","As a child, I already knew how to repair bicycle punctures.",CC BY 4.0,Spanish Editorial Learning; original project content; https://creativecommons.org/licenses/by/4.0/,true
quiz-saber-conocer,6134,En aquel momento no sabía que tenías un hermano gemelo.,"At that time, I did not know that you had a twin brother.",CC BY 4.0,Spanish Editorial Learning; original project content; https://creativecommons.org/licenses/by/4.0/,true
quiz-saber-conocer,6135,Mi abuela sabía tocar canciones enteras de oído.,My grandmother knew how to play entire songs by ear.,CC BY 4.0,Spanish Editorial Learning; original project content; https://creativecommons.org/licenses/by/4.0/,true
quiz-saber-conocer,6136,¿Sabías tú que el examen incluía una prueba oral?,Did you know that the examination included an oral test?,CC BY 4.0,Spanish Editorial Learning; original project content; https://creativecommons.org/licenses/by/4.0/,true
quiz-saber-conocer,6137,"Sin cobertura, no sabíamos dónde estaba el hotel.","Without a signal, we did not know where the hotel was.",CC BY 4.0,Spanish Editorial Learning; original project content; https://creativecommons.org/licenses/by/4.0/,true
quiz-saber-conocer,6138,"Al comenzar la clase, todos sabían la respuesta menos yo.","When the lesson began, everyone knew the answer except me.",CC BY 4.0,Spanish Editorial Learning; original project content; https://creativecommons.org/licenses/by/4.0/,true
quiz-saber-conocer,6139,Ella sabía que iba a llover porque había observado las nubes.,She knew it was going to rain because she had watched the clouds.,CC BY 4.0,Spanish Editorial Learning; original project content; https://creativecommons.org/licenses/by/4.0/,true
quiz-saber-conocer,6140,"Usted ya sabía lo que pasaba antes de leer el informe, ¿no?","You already knew what was happening before reading the report, didn't you?",CC BY 4.0,Spanish Editorial Learning; original project content; https://creativecommons.org/licenses/by/4.0/,true
quiz-saber-conocer,6141,En aquella época conocía a todos los artesanos del mercado.,"At that time, I knew all the craftspeople at the market.",CC BY 4.0,Spanish Editorial Learning; original project content; https://creativecommons.org/licenses/by/4.0/,true
quiz-saber-conocer,6142,Mi padre conocía muy bien la ciudad porque repartía cartas allí.,My father knew the city very well because he delivered post there.,CC BY 4.0,Spanish Editorial Learning; original project content; https://creativecommons.org/licenses/by/4.0/,true
quiz-saber-conocer,6143,¿Ya conocías tú a Marcos cuando empezasteis el proyecto?,Did you already know Marcos when you started the project?,CC BY 4.0,Spanish Editorial Learning; original project content; https://creativecommons.org/licenses/by/4.0/,true
quiz-saber-conocer,6144,Antes de la reforma no conocíamos ese restaurante del patio interior.,"Before the renovation, we were not familiar with that restaurant in the inner courtyard.",CC BY 4.0,Spanish Editorial Learning; original project content; https://creativecommons.org/licenses/by/4.0/,true
quiz-saber-conocer,6145,Los estudiantes no conocían al autor del libro antes de la conferencia.,The students did not know the author of the book before the lecture.,CC BY 4.0,Spanish Editorial Learning; original project content; https://creativecommons.org/licenses/by/4.0/,true
quiz-saber-conocer,6146,Ella conocía Roma tan bien que nunca llevaba mapa.,She knew Rome so well that she never carried a map.,CC BY 4.0,Spanish Editorial Learning; original project content; https://creativecommons.org/licenses/by/4.0/,true
quiz-saber-conocer,6147,"Cuando era joven, Luis conocía a muchos músicos de jazz.","When he was young, Luis knew many jazz musicians.",CC BY 4.0,Spanish Editorial Learning; original project content; https://creativecommons.org/licenses/by/4.0/,true
quiz-saber-conocer,6148,Ya la conocía de vista cuando coincidimos en el ascensor.,I already knew her by sight when we happened to meet in the lift.,CC BY 4.0,Spanish Editorial Learning; original project content; https://creativecommons.org/licenses/by/4.0/,true
quiz-saber-conocer,6149,Lo supe anoche al escuchar el mensaje de su hermana.,I found out last night when I listened to his sister's message.,CC BY 4.0,Spanish Editorial Learning; original project content; https://creativecommons.org/licenses/by/4.0/,true
quiz-saber-conocer,6150,Nos conocimos en 2015 mientras catalogábamos el archivo municipal.,We met in 2015 while cataloguing the municipal archive.,CC BY 4.0,Spanish Editorial Learning; original project content; https://creativecommons.org/licenses/by/4.0/,true
flashcard,ser,Cualquier número entero puede ser escrito como una fracción.,Any whole number can be written as a fraction.,CC BY 2.0 France,CC-BY 2.0 (France) Attribution: tatoeba.org #9951068 (ddnktr) & #9951375 (Shishir),false
flashcard,estar,¿Cómo puedes estar tan optimista con respecto al futuro?,How can you be so optimistic about the future?,CC BY 2.0 France,CC-BY 2.0 (France) Attribution: tatoeba.org #322662 (CK) & #1210141 (marcelostockle),false
flashcard,haber,Eso tiene que haber pasado mientras yo estaba fuera.,That must've taken place while I was away.,CC BY 2.0 France,CC-BY 2.0 (France) Attribution: tatoeba.org #6681208 (CK) & #6682038 (arh),false
flashcard,hacer,¡Este pozo de petróleo me va a hacer rico!,This oil well is going to make me rich.,CC BY 2.0 France,CC-BY 2.0 (France) Attribution: tatoeba.org #2695855 (catcher) & #1546883 (hayastan),false
flashcard,poder,"Para poder entrar al laboratorio, necesitas una tarjeta especial.","To be able to enter the laboratory, you need a special pass.",CC BY 4.0,Spanish Editorial Learning; original project content; https://creativecommons.org/licenses/by/4.0/,true
flashcard,decir,¿Me vas a decir qué debería hacer a continuación?,Will you tell me what I should do next?,CC BY 2.0 France,CC-BY 2.0 (France) Attribution: tatoeba.org #264188 (CM) & #1807820 (Shishir),false
flashcard,ir,¿Dónde sueles ir a que te corten el pelo?,Where do you usually go to get a haircut?,CC BY 2.0 France,CC-BY 2.0 (France) Attribution: tatoeba.org #1959391 (CK) & #1959392 (Alba),false
flashcard,ver,¿Puedes ver ese edificio grande y blanco de allí?,Can you see the big white building over there?,CC BY 2.0 France,CC-BY 2.0 (France) Attribution: tatoeba.org #71786 (CK) & #2194515 (Shishir),false
flashcard,dar,Mira por el retrovisor antes de dar marcha atrás.,Look in the rear-view mirror before backing up.,CC BY 2.0 France,CC-BY 2.0 (France) Attribution: tatoeba.org #9525012 (DJ_Saidez) & #5632015 (arh),false
flashcard,saber,Hacenos saber si estás disponible la semana que viene.,Let us know if you're available next week.,CC BY 2.0 France,CC-BY 2.0 (France) Attribution: tatoeba.org #3253459 (patgfisher) & #5029648 (don_ramon),false
flashcard,querer,Creo que podrías querer echar un vistazo a esto.,I think you might want to check this out.,CC BY 2.0 France,CC-BY 2.0 (France) Attribution: tatoeba.org #2026903 (CK) & #2883074 (teskmon),false
flashcard,llegar,"Al llegar a la estación, telefoneé a mi amigo.",I called my friend after arriving at the station.,CC BY 2.0 France,CC-BY 2.0 (France) Attribution: tatoeba.org #414954 (CM) & #329856 (tatoerique),false
flashcard,pasar,Él ha estado haciendo pasar mis ideas como suyas.,He's been passing off my ideas as his.,CC BY 2.0 France,CC-BY 2.0 (France) Attribution: tatoeba.org #578307 (darinmex) & #1409996 (marcelostockle),false
flashcard,deber,"Antes de aceptar el préstamo, calcula cuánto vas a deber al banco.","Before accepting the loan, calculate how much you will owe the bank.",CC BY 4.0,Spanish Editorial Learning; original project content; https://creativecommons.org/licenses/by/4.0/,true
flashcard,poner,Clara decidió poner las plantas junto a la ventana.,Clara decided to put the plants beside the window.,CC BY 4.0,Spanish Editorial Learning; original project content; https://creativecommons.org/licenses/by/4.0/,true
flashcard,parecer,"La ruta puede parecer larga, pero el paisaje merece la pena.","The route may seem long, but the scenery is worth it.",CC BY 4.0,Spanish Editorial Learning; original project content; https://creativecommons.org/licenses/by/4.0/,true
flashcard,quedar,¿Te vas a quedar ahí parado todo el día?,Are you just going to stand there all day?,CC BY 2.0 France,CC-BY 2.0 (France) Attribution: tatoeba.org #2116 (CK) & #983004 (hayastan),false
flashcard,creer,No puedo creer que dejé que Tom hiciera eso.,I can't believe I let Tom do that.,CC BY 2.0 France,CC-BY 2.0 (France) Attribution: tatoeba.org #2540705 (CK) & #3170767 (marcelostockle),false
flashcard,hablar,Algunos de mis amigos saben hablar francés bastante bien.,Some of my friends can speak French fairly well.,CC BY 2.0 France,CC-BY 2.0 (France) Attribution: tatoeba.org #2451167 (CK) & #2484659 (Shishir),false
flashcard,llevar,Puedes llevar estas carpetas a la sala de reuniones.,You can take these folders to the meeting room.,CC BY 4.0,Spanish Editorial Learning; original project content; https://creativecommons.org/licenses/by/4.0/,true
flashcard,dejar,No puedo dejar de pensar en lo que vi.,I can't stop thinking about what I saw.,CC BY 2.0 France,CC-BY 2.0 (France) Attribution: tatoeba.org #1954935 (CK) & #2880124 (cueyayotl),false
flashcard,seguir,Decidimos seguir ocultos durante dos o tres días mas.,We decided to lie hidden for a few days.,CC BY 2.0 France,CC-BY 2.0 (France) Attribution: tatoeba.org #248355 (mamat) & #358572 (tatoerique),false
flashcard,encontrar,"A dondequiera que vayas, vas a encontrar lo mismo.","Wherever you go, you will find the same thing.",CC BY 2.0 France,CC-BY 2.0 (France) Attribution: tatoeba.org #24533 (CK) & #1565011 (marcelostockle),false
flashcard,llamar,"Ahora estamos comiendo, ¿podría volver a llamar más tarde?",We are eating now. Could you please call back later?,CC BY 2.0 France,CC-BY 2.0 (France) Attribution: tatoeba.org #1830512 (CK) & #1831987 (Shishir),false
flashcard,venir,El que quiera venir a mi fiesta puede venir.,Whoever wants to come to my party may come.,CC BY 2.0 France,CC-BY 2.0 (France) Attribution: tatoeba.org #35667 (CK) & #1617096 (marcelostockle),false
flashcard,pensar,¿Qué te llevó a pensar que ya había terminado?,What made you think I was finished doing that?,CC BY 2.0 France,CC-BY 2.0 (France) Attribution: tatoeba.org #6235916 (CK) & #8769656 (SemperAutumnus),false
flashcard,salir,Estaba a punto de salir cuando sonó el teléfono.,I was about to leave when the phone rang.,CC BY 2.0 France,CC-BY 2.0 (France) Attribution: tatoeba.org #279263 (CK) & #1338676 (marcelostockle),false
flashcard,volver,Él prometió volver y sin embargo no lo hizo.,He promised to return and yet he didn't.,CC BY 2.0 France,CC-BY 2.0 (France) Attribution: tatoeba.org #295091 (CK) & #1590183 (teskmon),false
flashcard,tomar,Hubiera sido mejor que le preguntaras qué camino tomar.,You had better ask him which way to take.,CC BY 2.0 France,CC-BY 2.0 (France) Attribution: tatoeba.org #37943 (CM) & #1292377 (marcelostockle),false
flashcard,conocer,Es difícil conocer a gente tan agradable como tú.,It's rare to meet nice people like you.,CC BY 2.0 France,CC-BY 2.0 (France) Attribution: tatoeba.org #618396 (TRANG) & #1011395 (DanaDescalza),false
flashcard,vivir,El sueño de Tom es vivir en las montañas.,Tom's dream is to live in the mountains.,CC BY 2.0 France,CC-BY 2.0 (France) Attribution: tatoeba.org #681381 (Source_VOA) & #1443629 (hayastan),false
flashcard,sentir,Algunos animales pueden sentir la llegada de una tormenta.,Some animals can sense the coming of a storm.,CC BY 2.0 France,CC-BY 2.0 (France) Attribution: tatoeba.org #67231 (Eldad) & #1859863 (Shishir),false
flashcard,tratar,Vamos a intentar tratar a los demás con respeto.,Let's try to treat each other with respect.,CC BY 2.0 France,CC-BY 2.0 (France) Attribution: tatoeba.org #2007235 (CK) & #5081611 (albrusgher),false
flashcard,mirar,Pienso que mirar televisión es una pérdida de tiempo.,I think watching TV is a waste of time.,CC BY 2.0 France,CC-BY 2.0 (France) Attribution: tatoeba.org #554860 (CK) & #987597 (hayastan),false
flashcard,contar,"Él sabe alemán y francés, sin contar el inglés.","He knows German and French, not to mention English.",CC BY 2.0 France,CC-BY 2.0 (France) Attribution: tatoeba.org #288082 (CK) & #554044 (Leono),false
flashcard,empezar,Imagina empezar a hipar y que no pudieras parar.,Imagine if you started hiccoughing and you couldn't stop.,CC BY 2.0 France,CC-BY 2.0 (France) Attribution: tatoeba.org #665527 (darinmex) & #668576 (Shishir),false
flashcard,esperar,Los hombres estamos acostumbrados a esperar a las mujeres.,We men are used to waiting for the women.,CC BY 2.0 France,CC-BY 2.0 (France) Attribution: tatoeba.org #2228 (CM) & #3043 (Shishir),false
flashcard,buscar,¿A qué hora querés que te pase a buscar?,What time do you want me to pick you up?,CC BY 2.0 France,CC-BY 2.0 (France) Attribution: tatoeba.org #2026625 (CK) & #2505803 (hayastan),false
flashcard,existir,Los hechos no dejan de existir por ser ignorados.,Facts do not cease to exist because they are ignored.,CC BY 2.0 France,CC-BY 2.0 (France) Attribution: tatoeba.org #690956 (Scott) & #1235239 (marcelostockle),false
flashcard,entrar,Quítate los zapatos antes de entrar a un templo.,Take off your shoes before going into a temple.,CC BY 2.0 France,CC-BY 2.0 (France) Attribution: tatoeba.org #10075555 (CK) & #10067449 (manufrutos),false
flashcard,trabajar,El doctor le advirtió que dejara de trabajar tanto.,The doctor advised him to stop working too much.,CC BY 2.0 France,CC-BY 2.0 (France) Attribution: tatoeba.org #27932 (CK) & #832455 (LugoIlmer),false
flashcard,escribir,Él intentó escribir todo lo que el profesor dijo.,He tried to write down everything the teacher said.,CC BY 2.0 France,CC-BY 2.0 (France) Attribution: tatoeba.org #300654 (CK) & #1222350 (lorcon),false
flashcard,perder,¿Comer sólo vegetales te puede ayudar a perder peso?,Can eating just vegetables help you lose weight?,CC BY 2.0 France,CC-BY 2.0 (France) Attribution: tatoeba.org #953149 (CK) & #1235132 (marcelostockle),false
flashcard,producir,"Mediante la ingeniería genética, el maíz puede producir sus propios pesticidas.","Through genetic engineering, corn can produce its own pesticides.",CC BY 2.0 France,CC-BY 2.0 (France) Attribution: tatoeba.org #681069 (Source_VOA) & #978839 (hayastan),false
flashcard,ocurrir,Accidentes de tráfico suelen ocurrir en días de lluvia.,Traffic accidents are likely to occur on rainy days.,CC BY 2.0 France,CC-BY 2.0 (France) Attribution: tatoeba.org #240346 (CM) & #870524 (ildefonk),false
flashcard,entender,Tom fingió no entender lo que Mary estaba diciendo.,Tom pretended not to understand what Mary was saying.,CC BY 2.0 France,CC-BY 2.0 (France) Attribution: tatoeba.org #1028186 (CK) & #1783170 (hayastan),false
flashcard,pedir,Tuve que pedir prestado dinero para comprar el coche.,I had to borrow money to purchase the car.,CC BY 2.0 France,CC-BY 2.0 (France) Attribution: tatoeba.org #265625 (CK) & #1607708 (teskmon),false
flashcard,recibir,Cada participante va a recibir una copia del programa.,Each participant will receive a copy of the programme.,CC BY 4.0,Spanish Editorial Learning; original project content; https://creativecommons.org/licenses/by/4.0/,true
flashcard,recordar,Tom admitió que siempre tiene problemas para recordar nombres.,Tom admitted that he always has trouble remembering names.,CC BY 2.0 France,CC-BY 2.0 (France) Attribution: tatoeba.org #1027225 (CK) & #1990740 (marcelostockle),false
flashcard,terminar,Tom consiguió terminar de escribir su reporte a tiempo.,Tom managed to finish writing his report in time.,CC BY 2.0 France,CC-BY 2.0 (France) Attribution: tatoeba.org #1093217 (CK) & #1411088 (marcelostockle),false
flashcard,permitir,Este año no me puedo permitir un coche nuevo.,I can't afford a new car this year.,CC BY 2.0 France,CC-BY 2.0 (France) Attribution: tatoeba.org #243165 (CK) & #9707037 (Shishir),false
flashcard,aparecer,Algunas estrellas empezaron a aparecer en el cielo nocturno.,Some stars began to appear in the night sky.,CC BY 2.0 France,CC-BY 2.0 (France) Attribution: tatoeba.org #323996 (CM) & #654648 (Shishir),false
flashcard,conseguir,¿No puedes conseguir a alguien más que te ayude?,Can't you get somebody else to help you?,CC BY 2.0 France,CC-BY 2.0 (France) Attribution: tatoeba.org #2883204 (CK) & #4463192 (cueyayotl),false
flashcard,comenzar,¿Estás pensando seriamente en comenzar tu propio negocio?,Are you seriously thinking about starting your own business?,CC BY 2.0 France,CC-BY 2.0 (France) Attribution: tatoeba.org #953125 (CK) & #1234686 (marcelostockle),false
flashcard,servir,¿Me podría servir una copa de vino blanco?,Could I have a glass of white wine?,CC BY 2.0 France,CC-BY 2.0 (France) Attribution: tatoeba.org #52482 (CK) & #1397089 (marcelostockle),false
flashcard,sacar,A un rábano no se le puede sacar sangre.,You can't get blood out of a turnip.,CC BY 2.0 France,CC-BY 2.0 (France) Attribution: tatoeba.org #9705417 (CK) & #10198480 (Seael),false
flashcard,necesitar,¿Crees que vas a necesitar que Tom te ayude?,Do you think you'll need Tom's help?,CC BY 2.0 France,CC-BY 2.0 (France) Attribution: tatoeba.org #3738368 (CK) & #6760584 (swyter),false
flashcard,mantener,Tú tienes que aprender a mantener la boca cerrada.,You've got to learn to hold your tongue.,CC BY 2.0 France,CC-BY 2.0 (France) Attribution: tatoeba.org #16167 (CK) & #1178720 (marcelostockle),false
flashcard,resultar,"Con instrucciones claras, montar la estantería debería resultar sencillo.","With clear instructions, assembling the bookcase should prove straightforward.",CC BY 4.0,Spanish Editorial Learning; original project content; https://creativecommons.org/licenses/by/4.0/,true
flashcard,leer,Deberías ser capaz de leer este libro con facilidad.,You should be able to read this book easily.,CC BY 2.0 France,CC-BY 2.0 (France) Attribution: tatoeba.org #978248 (CK) & #978469 (Shishir),false
flashcard,caer,El otoño llegó y las hojas comenzaron a caer.,Autumn came and the leaves started to fall.,CC BY 2.0 France,CC-BY 2.0 (France) Attribution: tatoeba.org #266338 (CM) & #1249411 (hayastan),false
flashcard,cambiar,Me pregunto qué le habrá hecho cambiar de idea.,I wonder what has made him change his mind.,CC BY 2.0 France,CC-BY 2.0 (France) Attribution: tatoeba.org #38634 (CM) & #488854 (Shishir),false
flashcard,presentar,Mañana Elena va a presentar los resultados de su investigación.,Tomorrow Elena will present the results of her research.,CC BY 4.0,Spanish Editorial Learning; original project content; https://creativecommons.org/licenses/by/4.0/,true
flashcard,crear,Estoy interesado en crear mis propias páginas web.,I'm interested in creating my own web pages.,CC BY 2.0 France,CC-BY 2.0 (France) Attribution: tatoeba.org #258252 (CK) & #855789 (opor),false
flashcard,abrir,Dame las llaves para que pueda abrir la puerta.,Give me the keys so I can unlock the door.,CC BY 2.0 France,CC-BY 2.0 (France) Attribution: tatoeba.org #1286434 (CK) & #1265065 (hayastan),false
flashcard,considerar,Deberíamos considerar el problema desde la perspectiva de un niño.,We should consider the problem from a child's perspective.,CC BY 2.0 France,CC-BY 2.0 (France) Attribution: tatoeba.org #669949 (Zifre) & #671114 (Shishir),false
flashcard,oír,Ella colapsó en llanto al oír las malas noticias.,"On hearing the bad news, she burst into tears.",CC BY 2.0 France,CC-BY 2.0 (France) Attribution: tatoeba.org #49681 (CM) & #1702672 (marcelostockle),false
flashcard,acabar,Tom no puede acabar este trabajo en un día.,Tom can't finish this job in a day.,CC BY 2.0 France,CC-BY 2.0 (France) Attribution: tatoeba.org #1026779 (CK) & #1602530 (Shishir),false
flashcard,convertir,La reforma pretende convertir el antiguo mercado en una biblioteca.,The renovation aims to turn the old market into a library.,CC BY 4.0,Spanish Editorial Learning; original project content; https://creativecommons.org/licenses/by/4.0/,true
flashcard,ganar,Ella tiene una buena oportunidad de ganar el premio.,She stands a good chance of winning the prize.,CC BY 2.0 France,CC-BY 2.0 (France) Attribution: tatoeba.org #308355 (CK) & #1406664 (marcelostockle),false
flashcard,formar,Quien quiera formar parte de nuestro club será bienvenido.,Whoever wants to join our club will be welcome.,CC BY 2.0 France,CC-BY 2.0 (France) Attribution: tatoeba.org #247382 (CK) & #740777 (Shishir),false
flashcard,traer,¿Podrías ir a la tienda y traer algunos huevos?,Could you go to the store and grab some eggs?,CC BY 2.0 France,CC-BY 2.0 (France) Attribution: tatoeba.org #1192244 (CK) & #1279852 (marcelostockle),false
flashcard,partir,El tren va a partir del andén cuatro a las ocho.,The train will depart from platform four at eight o'clock.,CC BY 4.0,Spanish Editorial Learning; original project content; https://creativecommons.org/licenses/by/4.0/,true
flashcard,morir,La planta puede morir si la tierra permanece seca.,The plant can die if the soil remains dry.,CC BY 4.0,Spanish Editorial Learning; original project content; https://creativecommons.org/licenses/by/4.0/,true
flashcard,aceptar,Ella no tuvo más alternativa que aceptar su destino.,She had no choice but to accept her fate.,CC BY 2.0 France,CC-BY 2.0 (France) Attribution: tatoeba.org #312634 (CM) & #1267126 (marcelostockle),false
flashcard,realizar,Los computadores son capaces de realizar trabajo extremadamente complicado.,Computers are capable of doing extremely complicated work.,CC BY 2.0 France,CC-BY 2.0 (France) Attribution: tatoeba.org #54559 (CM) & #1128116 (marcelostockle),false
flashcard,suponer,Su acento da a suponer que él es un extranjero.,His accent suggests he is a foreigner.,CC BY 2.0 France,CC-BY 2.0 (France) Attribution: tatoeba.org #285387 (CK) & #1893980 (marcelostockle),false
flashcard,comprender,Tom no pudo comprender de qué estaba hablando Mary.,Tom couldn't figure out what Mary was talking about.,CC BY 2.0 France,CC-BY 2.0 (France) Attribution: tatoeba.org #1029422 (CK) & #1355015 (marcelostockle),false
flashcard,lograr,¿Qué te gustaría lograr en los siguientes tres años?,What's something you'd like to achieve in the next three years?,CC BY 2.0 France,CC-BY 2.0 (France) Attribution: tatoeba.org #12784693 (CK) & #12784696 (adaycito),false
flashcard,explicar,Estoy sin palabras para explicar la ausencia de Tom.,I'm at a loss to explain Tom's absence.,CC BY 2.0 France,CC-BY 2.0 (France) Attribution: tatoeba.org #2761556 (sharptoothed) & #10106084 (Eremon),false
flashcard,preguntar,Voy a preguntar cuándo va a venir el tren.,I'll ask when the train will get in.,CC BY 2.0 France,CC-BY 2.0 (France) Attribution: tatoeba.org #65953 (CM) & #2209231 (Shishir),false
flashcard,tocar,Tom no puede tocar muy bien el tin whistle.,Tom can't play the tin whistle very well.,CC BY 2.0 France,CC-BY 2.0 (France) Attribution: tatoeba.org #1026756 (CK) & #1810810 (marcelostockle),false
flashcard,reconocer,Pude reconocer la melodía desde las primeras notas.,I could recognise the melody from the first notes.,CC BY 4.0,Spanish Editorial Learning; original project content; https://creativecommons.org/licenses/by/4.0/,true
flashcard,estudiar,No tengo ganas de ponerme a estudiar esta noche.,I don't feel like studying at all tonight.,CC BY 2.0 France,CC-BY 2.0 (France) Attribution: tatoeba.org #243336 (CK) & #968565 (hundo),false
flashcard,alcanzar,El accidente de tráfico me impidió alcanzar el tren.,The traffic accident prevented me from catching the train.,CC BY 2.0 France,CC-BY 2.0 (France) Attribution: tatoeba.org #47152 (CK) & #1292944 (marcelostockle),false
flashcard,nacer,Todos mis bisabuelos fallecieron antes de nacer yo.,All of my great-grandparents died before I was born.,CC BY 2.0 France,CC-BY 2.0 (France) Attribution: tatoeba.org #7584621 (CK) & #7584781 (arh),false
flashcard,dirigir,Una arquitecta joven va a dirigir la restauración del teatro.,A young architect will lead the restoration of the theatre.,CC BY 4.0,Spanish Editorial Learning; original project content; https://creativecommons.org/licenses/by/4.0/,true
flashcard,correr,Alicia prefiere correr por el parque antes del desayuno.,Alicia prefers to run through the park before breakfast.,CC BY 4.0,Spanish Editorial Learning; original project content; https://creativecommons.org/licenses/by/4.0/,true
flashcard,utilizar,Los estudiantes deberían utilizar los libros de la biblioteca.,Students should make use of the books in the library.,CC BY 2.0 France,CC-BY 2.0 (France) Attribution: tatoeba.org #21366 (CK) & #1854369 (topofabi),false
flashcard,pagar,Puedes pagar la entrada con tarjeta en la taquilla.,You can pay for the ticket by card at the box office.,CC BY 4.0,Spanish Editorial Learning; original project content; https://creativecommons.org/licenses/by/4.0/,true
flashcard,ayudar,Me alegro de que Tom nos vaya a ayudar.,I'm glad Tom is going to help us.,CC BY 2.0 France,CC-BY 2.0 (France) Attribution: tatoeba.org #5231067 (CK) & #9707072 (Shishir),false
flashcard,gustar,Estaba seguro de que no te iba a gustar.,I was sure you wouldn't like it.,CC BY 2.0 France,CC-BY 2.0 (France) Attribution: tatoeba.org #9938195 (ddnktr) & #9939051 (Shishir),false
flashcard,jugar,Se me da mejor cocinar que jugar al tenis.,I can cook better than I can play tennis.,CC BY 2.0 France,CC-BY 2.0 (France) Attribution: tatoeba.org #255089 (CK) & #1402195 (Shishir),false
flashcard,escuchar,¿De quién fue el discurso más difícil de escuchar?,Whose speech was the hardest to listen to?,CC BY 2.0 France,CC-BY 2.0 (France) Attribution: tatoeba.org #10263212 (DostKaplan) & #10274561 (manufrutos),false
flashcard,cumplir,El proveedor debe cumplir todas las condiciones del contrato.,The supplier must fulfil all the terms of the contract.,CC BY 4.0,Spanish Editorial Learning; original project content; https://creativecommons.org/licenses/by/4.0/,true
flashcard,ofrecer,Te puedo ofrecer algunas predicciones estadísticas de los ingresos esperados.,I can provide you with some statistical predictions of expected revenues.,CC BY 2.0 France,CC-BY 2.0 (France) Attribution: tatoeba.org #280083 (CK) & #1231075 (marcelostockle),false
flashcard,descubrir,Necesito descubrir quién le dio ese consejo a Tom.,I need to find out who gave Tom that advice.,CC BY 2.0 France,CC-BY 2.0 (France) Attribution: tatoeba.org #2387605 (CK) & #2401515 (Shishir),false
flashcard,levantar,Entre los dos pudieron levantar la caja sin dañarla.,Together they managed to lift the box without damaging it.,CC BY 4.0,Spanish Editorial Learning; original project content; https://creativecommons.org/licenses/by/4.0/,true
flashcard,intentar,No puedes conseguir lo imposible sin intentar lo absurdo.,You cannot achieve the impossible without attempting the absurd.,CC BY 2.0 France,CC-BY 2.0 (France) Attribution: tatoeba.org #2336 (Zifre) & #10184492 (manufrutos),false
flashcard,usar,No me gusta usar la ropa de otras personas.,I do not like wearing anybody else's clothes.,CC BY 2.0 France,CC-BY 2.0 (France) Attribution: tatoeba.org #276364 (CK) & #495341 (Shishir),false
flashcard,decidir,Tom tiene edad suficiente para decidir por sí mismo.,Tom is old enough to make his own decisions.,CC BY 2.0 France,CC-BY 2.0 (France) Attribution: tatoeba.org #3067387 (CK) & #3135499 (marcelostockle),false
flashcard,repetir,"¿Puedes repetir lo que acabas de decir, por favor?",Could you please repeat what you just said?,CC BY 2.0 France,CC-BY 2.0 (France) Attribution: tatoeba.org #433596 (CK) & #1826498 (Shishir),false
flashcard,olvidar,Esto es algo realmente importante que no deberías olvidar.,That's something really important that you shouldn't forget.,CC BY 2.0 France,CC-BY 2.0 (France) Attribution: tatoeba.org #10011040 (DJ_Saidez) & #994937 (Shishir),false
flashcard,aprender,Tenemos que aprender a andar antes de poder correr.,We must learn to walk before we can run.,CC BY 2.0 France,CC-BY 2.0 (France) Attribution: tatoeba.org #1619639 (Spamster) & #1619701 (Shishir),false
flashcard,cerrar,La encargada va a cerrar la tienda a las nueve.,The manager is going to close the shop at nine.,CC BY 4.0,Spanish Editorial Learning; original project content; https://creativecommons.org/licenses/by/4.0/,true
flashcard,comer,¿Dónde me puedo lavar las manos antes de comer?,Where can I wash my hands before I eat?,CC BY 2.0 France,CC-BY 2.0 (France) Attribution: tatoeba.org #1248906 (CK) & #1248628 (wallebot),false
flashcard,cantar,Tom no sabía que Mary pudiera cantar tan bien.,Tom didn't know Mary could sing so well.,CC BY 2.0 France,CC-BY 2.0 (France) Attribution: tatoeba.org #1094732 (CK) & #1477196 (marcelostockle),false
flashcard,bailar,Tom no pudo encontrar a nadie con quien bailar.,Tom couldn't find anyone to dance with.,CC BY 2.0 France,CC-BY 2.0 (France) Attribution: tatoeba.org #1026591 (CK) & #1412969 (marcelostockle),false
flashcard,comprar,A Tom le gustaría comprar una casa en Boston.,Tom would like to buy a house in Boston.,CC BY 2.0 France,CC-BY 2.0 (France) Attribution: tatoeba.org #4102343 (CK) & #4102945 (swyter),false
flashcard,vender,¿Estás pensando seriamente en vender esto en eBay?,Are you seriously thinking about selling this on eBay?,CC BY 2.0 France,CC-BY 2.0 (France) Attribution: tatoeba.org #953123 (CK) & #1234679 (marcelostockle),false
flashcard,viajar,"En aquellos días, poca gente podía viajar al extranjero.","In those days, few people could travel abroad.",CC BY 2.0 France,CC-BY 2.0 (France) Attribution: tatoeba.org #44717 (CM) & #1296760 (marcelostockle),false
flashcard,caminar,"En aquellos tiempos, salía a caminar antes del desayuno.","In those days, I went out walking before breakfast.",CC BY 2.0 France,CC-BY 2.0 (France) Attribution: tatoeba.org #10831788 (SillyDonut7) & #1077222 (hayastan),false
flashcard,conducir,¿Cuándo fue la última vez que enseñaste a conducir?,When was the last time you taught driving?,CC BY 2.0 France,CC-BY 2.0 (France) Attribution: tatoeba.org #1747705 (Amastan) & #1751721 (marcelostockle),false
flashcard,dormir,Tenemos que dormir al menos ocho horas al día.,We must sleep at least eight hours a day.,CC BY 2.0 France,CC-BY 2.0 (France) Attribution: tatoeba.org #22781 (CK) & #2097866 (lazarus1907),false
flashcard,beber,Conviene beber agua antes y después del ejercicio.,It is advisable to drink water before and after exercise.,CC BY 4.0,Spanish Editorial Learning; original project content; https://creativecommons.org/licenses/by/4.0/,true
flashcard,cocinar,Todavía no le ha cogido el tranquillo a cocinar.,She hasn't got the knack of cooking yet.,CC BY 2.0 France,CC-BY 2.0 (France) Attribution: tatoeba.org #312251 (CM) & #854639 (P_Scipio),false
flashcard,lavar,¿Puedo lavar toda mi ropa de una sola vez?,May I wash all my laundry at once?,CC BY 2.0 France,CC-BY 2.0 (France) Attribution: tatoeba.org #32514 (CK) & #1702920 (marcelostockle),false
flashcard,limpiar,Quiero que todos me ayuden a limpiar la casa.,I want everyone to help me clean the house.,CC BY 2.0 France,CC-BY 2.0 (France) Attribution: tatoeba.org #2028632 (CK) & #2192438 (marcelostockle),false
flashcard,cortar,Este cuchillo está tan desafilado que no puede cortar.,This knife is so dull that it can't cut.,CC BY 2.0 France,CC-BY 2.0 (France) Attribution: tatoeba.org #60763 (CK) & #6393131 (dfrankmv),false
flashcard,romper,No podés hacer un omelet sin romper los huevos.,You can't make an omelet without breaking eggs.,CC BY 2.0 France,CC-BY 2.0 (France) Attribution: tatoeba.org #40561 (Swift) & #2121068 (hayastan),false
flashcard,enviar,Pido disculpas por la demora en enviar la agenda.,I apologize for the delay in sending the agenda.,CC BY 2.0 France,CC-BY 2.0 (France) Attribution: tatoeba.org #20016 (CK) & #968395 (ssc73),false
flashcard,enseñar,Ella es capaz de enseñar tanto inglés como francés.,She is capable of teaching both English and French.,CC BY 2.0 France,CC-BY 2.0 (France) Attribution: tatoeba.org #312660 (CM) & #2739842 (teskmon),false
flashcard,mostrar,¿Me podés mostrar en este mapa dónde vivís?,Can you show me where you live on this map?,CC BY 2.0 France,CC-BY 2.0 (France) Attribution: tatoeba.org #3387497 (CK) & #5057368 (don_ramon),false
flashcard,compartir,Él tuvo que compartir una recámara con su hermano.,He had to share a bedroom with his brother.,CC BY 2.0 France,CC-BY 2.0 (France) Attribution: tatoeba.org #1890768 (Spamster) & #3856387 (cueyayotl),false
flashcard,elegir,El jurado deberá elegir el proyecto más sostenible.,The panel must choose the most sustainable project.,CC BY 4.0,Spanish Editorial Learning; original project content; https://creativecommons.org/licenses/by/4.0/,true
flashcard,incluir,Vamos a incluir los agradecimientos de siempre.,We will include the usual acknowledgments.,CC BY 2.0 France,CC-BY 2.0 (France) Attribution: tatoeba.org #278414 (CM) & #13032336 (Eremon),false
flashcard,excluir,Sería injusto excluir a Marta del equipo por llegar tarde una vez.,It would be unfair to exclude Marta from the team for being late once.,CC BY 4.0,Spanish Editorial Learning; original project content; https://creativecommons.org/licenses/by/4.0/,true
flashcard,mejorar,Leer en voz alta puede mejorar tu pronunciación.,Reading aloud can improve your pronunciation.,CC BY 4.0,Spanish Editorial Learning; original project content; https://creativecommons.org/licenses/by/4.0/,true
flashcard,empeorar,"Para empeorar las cosas, su esposa se enfermó.","To make matters worse, his wife fell ill.",CC BY 2.0 France,CC-BY 2.0 (France) Attribution: tatoeba.org #53984 (CM) & #331030 (danilo),false
flashcard,crecer,Se dejó crecer la barba mientras estaba de vacaciones.,He grew a beard while he was on holiday.,CC BY 2.0 France,CC-BY 2.0 (France) Attribution: tatoeba.org #295200 (CM) & #1300163 (hayastan),false
flashcard,reducir,Por lo tanto es necesario reducir el costo.,"Therefore, it is necessary to reduce the cost.",CC BY 2.0 France,CC-BY 2.0 (France) Attribution: tatoeba.org #53475 (CM) & #5021591 (don_ramon),false
flashcard,aumentar,"Si el medicamento no surte efecto, quizá deberíamos aumentar la dosis.","If the medicine isn't working, maybe we should up the dosage.",CC BY 2.0 France,CC-BY 2.0 (France) Attribution: tatoeba.org #821417 (darinmex) & #834637 (Shishir),false
flashcard,bajar,Una cucharada de azúcar ayuda a bajar la medicina.,A spoonful of sugar helps the medicine go down.,CC BY 2.0 France,CC-BY 2.0 (France) Attribution: tatoeba.org #7562931 (Hybrid) & #7917107 (Seael),false
flashcard,subir,¿Cómo puedo subir una foto a tu página web?,How can I upload a photo to your website?,CC BY 2.0 France,CC-BY 2.0 (France) Attribution: tatoeba.org #2396053 (CK) & #2399413 (Shishir),false
flashcard,regresar,Hoy por hoy no pienso regresar a mi país.,"Under present circumstances, I don't intend to return to my country.",CC BY 2.0 France,CC-BY 2.0 (France) Attribution: tatoeba.org #2269030 (_undertoad) & #2269031 (cueyayotl),false
flashcard,permanecer,¿Por qué tuviste que permanecer en Boston tanto tiempo?,Why did you have to stay in Boston for so long?,CC BY 2.0 France,CC-BY 2.0 (France) Attribution: tatoeba.org #6702326 (CK) & #6703330 (arh),false
flashcard,mover,Tom debía haber ayudado a Mary a mover el sillón.,Tom should have helped Mary move the sofa.,CC BY 2.0 France,CC-BY 2.0 (France) Attribution: tatoeba.org #1028056 (CK) & #1426300 (marcelostockle),false
flashcard,parar,El árbitro de hockey intervino para parar la pelea.,The hockey referee intervened to stop the fight.,CC BY 2.0 France,CC-BY 2.0 (France) Attribution: tatoeba.org #681226 (Source_VOA) & #1236838 (marcelostockle),false
flashcard,continuar,Tom trabajó hasta que estuvo demasiado cansado para continuar.,Tom worked until he was too tired to continue.,CC BY 2.0 France,CC-BY 2.0 (France) Attribution: tatoeba.org #1092197 (CK) & #1355292 (AMIKEMA),false
flashcard,preparar,No todos pueden preparar una buena taza de café.,Not everyone can make a good cup of coffee.,CC BY 2.0 France,CC-BY 2.0 (France) Attribution: tatoeba.org #10263560 (sundown) & #10274546 (manufrutos),false
flashcard,responder,Tom no pudo responder todas las preguntas de Mary.,Tom couldn't answer all of Mary's questions.,CC BY 2.0 France,CC-BY 2.0 (France) Attribution: tatoeba.org #1029428 (CK) & #1659013 (marcelostockle),false
flashcard,añadir,Creo que deberías añadir una pizca más de pimienta.,I think you should add a bit more pepper.,CC BY 2.0 France,CC-BY 2.0 (France) Attribution: tatoeba.org #7994015 (CK) & #7996702 (arh),false
flashcard,quitar,Usa un paño húmedo para quitar la mancha de la mesa.,Use a damp cloth to remove the stain from the table.,CC BY 4.0,Spanish Editorial Learning; original project content; https://creativecommons.org/licenses/by/4.0/,true
flashcard,quitarse,"Al entrar en casa, decidió quitarse el abrigo mojado.","On entering the house, she decided to take off her wet coat.",CC BY 4.0,Spanish Editorial Learning; original project content; https://creativecommons.org/licenses/by/4.0/,true
flashcard,vestir,La diseñadora decidió vestir al actor con un traje azul oscuro.,The designer decided to dress the actor in a dark blue suit.,CC BY 4.0,Spanish Editorial Learning; original project content; https://creativecommons.org/licenses/by/4.0/,true
flashcard,llevarse,Pienso que él puede llevarse bien con su vecino.,I think he can get along with his neighbor.,CC BY 2.0 France,CC-BY 2.0 (France) Attribution: tatoeba.org #295431 (CM) & #633418 (Leono),false
flashcard,levantarse,Él está acostumbrado a levantarse temprano en la mañana.,He's accustomed to getting up early in the morning.,CC BY 2.0 France,CC-BY 2.0 (France) Attribution: tatoeba.org #1021660 (CK) & #1463208 (nullsoul9),false
flashcard,sentarse,Tom no puede sentarse quieto ni por un momento.,Tom can't sit still for a moment.,CC BY 2.0 France,CC-BY 2.0 (France) Attribution: tatoeba.org #1095552 (CK) & #1368094 (marcelostockle),false
flashcard,acostarse,No olvide apagar todas las luces antes de acostarse.,Don't forget to turn off all the lights before going to bed.,CC BY 2.0 France,CC-BY 2.0 (France) Attribution: tatoeba.org #268921 (CK) & #13597995 (Seael),false
flashcard,despertarse,Es difícil despertarse sin una taza de café fuerte.,It is hard to wake up without a strong cup of coffee.,CC BY 2.0 France,CC-BY 2.0 (France) Attribution: tatoeba.org #19236 (CK) & #1835715 (marcelostockle),false
flashcard,ducharse,Es obligatorio ducharse antes de meterse en la piscina.,You must shower before entering the pool.,CC BY 2.0 France,CC-BY 2.0 (France) Attribution: tatoeba.org #9966161 (DJ_Saidez) & #6568662 (arh),false
flashcard,bañarse,A mis niños no les gusta bañarse.,My kids don't like taking baths.,CC BY 2.0 France,CC-BY 2.0 (France) Attribution: tatoeba.org #9799505 (CK) & #13697037 (Seael),false
flashcard,peinarse,"Antes de la ceremonia, Lucía subió a peinarse frente al espejo grande.","Before the ceremony, Lucía went upstairs to do her hair in front of the large mirror.",CC BY 4.0,Spanish Editorial Learning; original project content; https://creativecommons.org/licenses/by/4.0/,true
flashcard,afeitarse,El rostro de Tom se siente áspero porque debe afeitarse.,Tom's face feels rough because he needs to shave.,CC BY 2.0 France,CC-BY 2.0 (France) Attribution: tatoeba.org #681966 (Source_VOA) & #1133054 (marcelostockle),false
flashcard,casar,Ella quiere casar a su hija con un doctor.,She wants to marry her daughter to a doctor.,CC BY 2.0 France,CC-BY 2.0 (France) Attribution: tatoeba.org #317139 (CK) & #1277861 (marcelostockle),false
flashcard,casarse,"Ella prometió casarse con él, pero no lo hizo.","She promised to marry him, but she didn't.",CC BY 2.0 France,CC-BY 2.0 (France) Attribution: tatoeba.org #887341 (CK) & #890682 (Shishir),false
flashcard,reunir,Él trató de reunir los fragmentos de un jarrón roto.,He tried to put the fragments of a broken vase together.,CC BY 2.0 France,CC-BY 2.0 (France) Attribution: tatoeba.org #294654 (CK) & #1408390 (marcelostockle),false
flashcard,reunirse,Él se escabulló para reunirse con una chica.,He snuck out to meet up with a girl.,CC BY 2.0 France,CC-BY 2.0 (France) Attribution: tatoeba.org #1702448 (Spamster) & #1704746 (marcelostockle),false
flashcard,encontrarse,Ella prometió encontrarse con él ayer por la noche.,She promised to meet him last night.,CC BY 2.0 France,CC-BY 2.0 (France) Attribution: tatoeba.org #887344 (CK) & #1330674 (Shishir),false
flashcard,preocupar,El retraso empezó a preocupar a la familia.,The delay began to worry the family.,CC BY 4.0,Spanish Editorial Learning; original project content; https://creativecommons.org/licenses/by/4.0/,true
flashcard,preocuparse,Preocuparse es como pagar una deuda que no tienes.,Worrying is like paying a debt you don't owe.,CC BY 2.0 France,CC-BY 2.0 (France) Attribution: tatoeba.org #667951 (CK) & #668525 (Shishir),false
flashcard,ocupar,Sé que no puedo ocupar el lugar de Tom.,I know I can't take Tom's place.,CC BY 2.0 France,CC-BY 2.0 (France) Attribution: tatoeba.org #2375983 (CK) & #2412411 (marcelostockle),false
flashcard,ocuparse,Aquí no hay nadie que pueda ocuparse del problema.,There's no one here who can deal with the problem.,CC BY 2.0 France,CC-BY 2.0 (France) Attribution: tatoeba.org #43730 (CK) & #13681499 (Seael),false
flashcard,llamarse,"En aquella época, el pueblo solía llamarse Villanueva del Río.","In those days, the village used to be called Villanueva del Río.",CC BY 4.0,Spanish Editorial Learning; original project content; https://creativecommons.org/licenses/by/4.0/,true
flashcard,sentirse,"Después de descansar, Marta empezó a sentirse mucho mejor.","After resting, Marta began to feel much better.",CC BY 4.0,Spanish Editorial Learning; original project content; https://creativecommons.org/licenses/by/4.0/,true
flashcard,acordar,Los vecinos lograron acordar un horario para las obras.,The neighbours managed to agree on a schedule for the building work.,CC BY 4.0,Spanish Editorial Learning; original project content; https://creativecommons.org/licenses/by/4.0/,true
flashcard,acordarse,Tom no logra acordarse de la dirección de Mary.,Tom can't remember Mary's address.,CC BY 2.0 France,CC-BY 2.0 (France) Attribution: tatoeba.org #1029490 (CK) & #2161831 (Shishir),false
flashcard,olvidarse,Tom todavía no puede olvidarse de Mary.,Tom still can't get Mary out of his head.,CC BY 2.0 France,CC-BY 2.0 (France) Attribution: tatoeba.org #1027995 (CK) & #2209679 (Shishir),false
flashcard,contestar,"Estoy manejando, así que no puedo contestar el teléfono.","I'm driving, so I can't answer the phone.",CC BY 2.0 France,CC-BY 2.0 (France) Attribution: tatoeba.org #9308105 (DJ_Saidez) & #9458135 (hayastan),false
flashcard,describir,¿Puede describir la situación en la que se encontraba?,Can you describe the situation you were in?,CC BY 2.0 France,CC-BY 2.0 (France) Attribution: tatoeba.org #71643 (CM) & #1712626 (marcelostockle),false
flashcard,comparar,Se puede comparar un libro con un amigo.,A book can be compared to a friend.,CC BY 2.0 France,CC-BY 2.0 (France) Attribution: tatoeba.org #322078 (CM) & #1327327 (marcelostockle),false
flashcard,cambiarse,Tom quiere cambiarse la ropa mojada por algo seco.,Tom wants to change out of his wet clothes into something dry.,CC BY 2.0 France,CC-BY 2.0 (France) Attribution: tatoeba.org #2639651 (CK) & #3216181 (marcelostockle),false
flashcard,probar,¿Puedes probar que lo que dijiste es verdad?,Can you prove that what you said is true?,CC BY 2.0 France,CC-BY 2.0 (France) Attribution: tatoeba.org #681808 (Source_VOA) & #853420 (krash),false
flashcard,prohibir,El ayuntamiento decidió prohibir las barbacoas durante la sequía.,The council decided to ban barbecues during the drought.,CC BY 4.0,Spanish Editorial Learning; original project content; https://creativecommons.org/licenses/by/4.0/,true
flashcard,obligar,Nunca te voy a obligar a casarte con él.,I will never force you to marry him.,CC BY 2.0 France,CC-BY 2.0 (France) Attribution: tatoeba.org #71325 (CK) & #602452 (Leono),false
flashcard,recomendar,¿Me podrías recomendar un buen restaurante por aquí cerca?,Could you recommend a nice restaurant near here?,CC BY 2.0 France,CC-BY 2.0 (France) Attribution: tatoeba.org #59626 (CK) & #1235022 (marcelostockle),false
flashcard,aconsejar,¿Qué me podés aconsejar?,What advice can you give me?,CC BY 2.0 France,CC-BY 2.0 (France) Attribution: tatoeba.org #3152244 (CK) & #5115106 (don_ramon),false
flashcard,sugerir,Tom no puede creer que María acaba de sugerir eso.,Tom can't believe Mary just suggested that.,CC BY 2.0 France,CC-BY 2.0 (France) Attribution: tatoeba.org #1950836 (CK) & #3389888 (marcelostockle),false
flashcard,invitar,¿La vas a invitar a ella a la fiesta?,Are you going to invite her to the party?,CC BY 2.0 France,CC-BY 2.0 (France) Attribution: tatoeba.org #68983 (Eldad) & #1181085 (marcelostockle),false
flashcard,rechazar,Él me hizo una oferta que no pude rechazar.,He made me an offer I couldn't refuse.,CC BY 2.0 France,CC-BY 2.0 (France) Attribution: tatoeba.org #1848783 (Spamster) & #2481535 (marcelostockle),false
flashcard,negar,Nadie puede negar el hecho de que el fuego quema.,No one can deny the fact that fire burns.,CC BY 2.0 France,CC-BY 2.0 (France) Attribution: tatoeba.org #23893 (CK) & #2141164 (marcelostockle),false
flashcard,afirmar,"Sin pruebas sólidas, nadie debería afirmar que el cuadro es falso.","Without solid evidence, nobody should claim that the painting is fake.",CC BY 4.0,Spanish Editorial Learning; original project content; https://creativecommons.org/licenses/by/4.0/,true
flashcard,prometer,Tienes que prometer que no quitarás la cuerda.,You must promise not to take the rope off.,CC BY 2.0 France,CC-BY 2.0 (France) Attribution: tatoeba.org #16617 (papabear) & #10184569 (manufrutos),false
flashcard,fallar,Un plan así está destinado a fallar.,Such a plan is bound to fail.,CC BY 2.0 France,CC-BY 2.0 (France) Attribution: tatoeba.org #41397 (CK) & #746711 (Shishir),false
flashcard,ahorrar,Lucía empezó a ahorrar para comprar una bicicleta.,Lucía began to save for a bicycle.,CC BY 4.0,Spanish Editorial Learning; original project content; https://creativecommons.org/licenses/by/4.0/,true
flashcard,gastar,Conviene comparar precios antes de gastar los ahorros.,It is wise to compare prices before spending your savings.,CC BY 4.0,Spanish Editorial Learning; original project content; https://creativecommons.org/licenses/by/4.0/,true
flashcard,cobrar,Yo creo que Tom debe cobrar su dinero.,I think Tom should ask for his money back.,CC BY 2.0 France,CC-BY 2.0 (France) Attribution: tatoeba.org #3724351 (CM) & #4459771 (duendebit),false
flashcard,costar,¿Cuánto más estimas que pueda llegar a costar?,How much more do you think it'll cost?,CC BY 2.0 France,CC-BY 2.0 (France) Attribution: tatoeba.org #9408468 (CK) & #12086124 (Alejandr0),false
flashcard,valer,Esta entrada puede valer más si el músico se hace famoso.,This ticket may be worth more if the musician becomes famous.,CC BY 4.0,Spanish Editorial Learning; original project content; https://creativecommons.org/licenses/by/4.0/,true
flashcard,preferir,"Al probar ambos colchones, Rosa confesó preferir el más firme.","After trying both mattresses, Rosa admitted that she preferred the firmer one.",CC BY 4.0,Spanish Editorial Learning; original project content; https://creativecommons.org/licenses/by/4.0/,true
flashcard,odiar,Se dice que los animales no pueden odiar.,They say that animals aren't able to hate.,CC BY 2.0 France,CC-BY 2.0 (France) Attribution: tatoeba.org #1195311 (CM) & #1196714 (cueyayotl),false
flashcard,amar,No puedo amar a nadie más que a ti.,I can't love anyone but you.,CC BY 2.0 France,CC-BY 2.0 (France) Attribution: tatoeba.org #519844 (Riko) & #1460045 (nullsoul9),false
flashcard,encantar,Sé que este libro te va a encantar.,I know you're going to love this book.,CC BY 2.0 France,CC-BY 2.0 (France) Attribution: tatoeba.org #10952102 (CK) & #10952109 (Seael),false
flashcard,molestar,No quiero molestar a nadie mientras estudia.,I do not want to disturb anyone while they are studying.,CC BY 4.0,Spanish Editorial Learning; original project content; https://creativecommons.org/licenses/by/4.0/,true
flashcard,importar,Ella es linda sin importar lo que se ponga.,"She is beautiful, no matter what she wears.",CC BY 2.0 France,CC-BY 2.0 (France) Attribution: tatoeba.org #2601299 (CK) & #1525877 (marcelostockle),false
flashcard,faltar,Procura no faltar a la cita con la orientadora.,Try not to miss the appointment with the adviser.,CC BY 4.0,Spanish Editorial Learning; original project content; https://creativecommons.org/licenses/by/4.0/,true
flashcard,doler,Te prometo que no te va a doler.,"It won't hurt, I promise.",CC BY 2.0 France,CC-BY 2.0 (France) Attribution: tatoeba.org #2276553 (CK) & #2323353 (Shishir),false
flashcard,aburrir,No te voy a aburrir con los detalles.,I won't bore you with the details.,CC BY 2.0 France,CC-BY 2.0 (France) Attribution: tatoeba.org #1473600 (darinmex) & #1474659 (hayastan),false
flashcard,divertir,El cuentacuentos consiguió divertir a niños y adultos.,The storyteller managed to entertain both children and adults.,CC BY 4.0,Spanish Editorial Learning; original project content; https://creativecommons.org/licenses/by/4.0/,true
flashcard,interesar,La charla podría interesar a quienes estudian arquitectura sostenible.,The talk might interest people who study sustainable architecture.,CC BY 4.0,Spanish Editorial Learning; original project content; https://creativecommons.org/licenses/by/4.0/,true
flashcard,sorprender,Pensé que sería divertido sorprender a Tom.,I thought it'd be fun to surprise Tom.,CC BY 2.0 France,CC-BY 2.0 (France) Attribution: tatoeba.org #1961380 (CK) & #2129604 (marcelostockle),false
flashcard,cansar,Me estoy empezando a cansar de oír música navideña por donde quiera que voy.,I'm getting tired of hearing Christmas music everywhere I go.,CC BY 2.0 France,CC-BY 2.0 (France) Attribution: tatoeba.org #5705383 (CK) & #5706042 (arh),false
flashcard,alegrar,Me acabas de alegrar el día.,You just made my day.,CC BY 2.0 France,CC-BY 2.0 (France) Attribution: tatoeba.org #3342872 (CK) & #5569035 (swyter),false
flashcard,entristecer,Ver el parque abandonado suele entristecer a los vecinos mayores.,Seeing the park neglected tends to sadden the older residents.,CC BY 4.0,Spanish Editorial Learning; original project content; https://creativecommons.org/licenses/by/4.0/,true
flashcard,asustar,"Solo quise asustar a Tom, no herirlo.","I just meant to scare Tom, not to hurt him.",CC BY 2.0 France,CC-BY 2.0 (France) Attribution: tatoeba.org #2372788 (CK) & #2828923 (marcelostockle),false
flashcard,enfadar,El retraso volvió a enfadar a los pasajeros.,The delay made the passengers angry again.,CC BY 4.0,Spanish Editorial Learning; original project content; https://creativecommons.org/licenses/by/4.0/,true
flashcard,calmar,Tom y Mary están intentando calmar a John.,Tom and Mary are trying to calm John down.,CC BY 2.0 France,CC-BY 2.0 (France) Attribution: tatoeba.org #2412299 (CK) & #2416375 (hayastan),false
flashcard,relajar,Yo pienso que ahora nos podemos relajar.,I think we can relax now.,CC BY 2.0 France,CC-BY 2.0 (France) Attribution: tatoeba.org #2408416 (CK) & #2653072 (marcelostockle),false
flashcard,temer,No tienes nada que temer excepto al miedo mismo.,You have nothing to fear but fear itself.,CC BY 2.0 France,CC-BY 2.0 (France) Attribution: tatoeba.org #3723707 (CM) & #5539493 (albrusgher),false
flashcard,confiar,Él es un hombre en quien siempre puedes confiar.,He is a man who can always be trusted.,CC BY 2.0 France,CC-BY 2.0 (France) Attribution: tatoeba.org #68111 (CK) & #1272447 (marcelostockle),false
flashcard,dudar,Dudar de sí mismo es la primera señal de inteligencia.,To have doubts about oneself is the first sign of intelligence.,CC BY 2.0 France,CC-BY 2.0 (France) Attribution: tatoeba.org #1582 (CK) & #2773 (Shishir),false
flashcard,planear,Vamos a planear la ruta antes de reservar los hoteles.,We are going to plan the route before booking the hotels.,CC BY 4.0,Spanish Editorial Learning; original project content; https://creativecommons.org/licenses/by/4.0/,true
flashcard,organizar,Ella trató de convencerlo de organizar un boicot.,She tried to persuade him to organize a boycott.,CC BY 2.0 France,CC-BY 2.0 (France) Attribution: tatoeba.org #887476 (CK) & #1425807 (marcelostockle),false
flashcard,reservar,Quiero reservar una mesa para cuatro a las seis.,I'd like to reserve a table for four at six.,CC BY 2.0 France,CC-BY 2.0 (France) Attribution: tatoeba.org #72437 (CK) & #3562406 (ficion),false
flashcard,cancelar,Una repentina enfermedad la forzó a cancelar su cita.,A sudden illness forced her to cancel her appointment.,CC BY 2.0 France,CC-BY 2.0 (France) Attribution: tatoeba.org #19603 (CK) & #1209084 (marcelostockle),false
flashcard,visitar,El próximo domingo iremos a visitar a nuestra tía.,We are going to visit our aunt next Sunday.,CC BY 2.0 France,CC-BY 2.0 (France) Attribution: tatoeba.org #263029 (CM) & #135896 (tatoerique),false
flashcard,explorar,Estamos a punto de explorar territorio virgen.,We're about to explore some uncharted territory.,CC BY 2.0 France,CC-BY 2.0 (France) Attribution: tatoeba.org #868247 (beaushiny) & #1721547 (marcelostockle),false
flashcard,quedarse,Ella está acostumbrada a quedarse despierta toda la noche.,She is used to staying up all night.,CC BY 2.0 France,CC-BY 2.0 (France) Attribution: tatoeba.org #315911 (CK) & #1820059 (Shishir),false
flashcard,alojar,Este hotel puede alojar a más de 1000 huéspedes.,"This hotel can accommodate over 1,000 guests.",CC BY 2.0 France,CC-BY 2.0 (France) Attribution: tatoeba.org #60473 (CK) & #11937942 (Eremon),false
flashcard,alojarse,"Durante el congreso, los ponentes podrán alojarse junto a la estación.","During the conference, the speakers can stay near the station.",CC BY 4.0,Spanish Editorial Learning; original project content; https://creativecommons.org/licenses/by/4.0/,true
flashcard,volar,"Si yo fuera un pájaro, podría volar hasta ti.","If I were a bird, I could fly to you.",CC BY 2.0 France,CC-BY 2.0 (France) Attribution: tatoeba.org #30798 (sacredceltic) & #551897 (Shishir),false
flashcard,montar,Me gusta montar un caballo de vez en cuando.,I like to ride a horse now and then.,CC BY 2.0 France,CC-BY 2.0 (France) Attribution: tatoeba.org #258157 (CK) & #1214388 (marcelostockle),false
flashcard,nadar,¿Esta tarde prefieres ir a navegar o a nadar?,Would you rather go sailing or swimming this afternoon?,CC BY 2.0 France,CC-BY 2.0 (France) Attribution: tatoeba.org #6857333 (CK) & #6860264 (arh),false
flashcard,andar,Ella estaba tan cansada que no podía andar.,She was so tired that she couldn't walk.,CC BY 2.0 France,CC-BY 2.0 (France) Attribution: tatoeba.org #311801 (CK) & #540301 (Shishir),false
flashcard,pasear,Él salió a pasear con ella esta mañana.,He went for a walk with her this morning.,CC BY 2.0 France,CC-BY 2.0 (France) Attribution: tatoeba.org #296577 (CK) & #358635 (tatoerique),false
flashcard,cruzar,Él fue el primer hombre en cruzar el Pacífico.,He was the first man to cross the Pacific.,CC BY 2.0 France,CC-BY 2.0 (France) Attribution: tatoeba.org #296758 (CK) & #963179 (hundo),false
flashcard,girar,¿Qué ocurriría si la Tierra dejara de girar?,What would happen if the earth stopped spinning?,CC BY 2.0 France,CC-BY 2.0 (France) Attribution: tatoeba.org #1806774 (Amastan) & #1811347 (teskmon),false
flashcard,detener,Levanté la mano para detener un taxi.,I held up my hand to stop a taxi.,CC BY 2.0 France,CC-BY 2.0 (France) Attribution: tatoeba.org #40936 (CK) & #1713174 (marcelostockle),false
flashcard,detenerse,Tom quería detenerse y pensar.,Tom wanted to stop and think.,CC BY 2.0 France,CC-BY 2.0 (France) Attribution: tatoeba.org #1164159 (CK) & #1165821 (marcelostockle),false
flashcard,aparcar,Vi el coche de Tom aparcar en el camino de entrada.,I saw Tom's car pull into the driveway.,CC BY 2.0 France,CC-BY 2.0 (France) Attribution: tatoeba.org #2406172 (CK) & #10199597 (johannessleon),false
flashcard,arrancar,El niño trató de arrancar la rama muerta con un serrucho.,The boy tried to saw off the dead branch.,CC BY 2.0 France,CC-BY 2.0 (France) Attribution: tatoeba.org #46358 (CK) & #1769009 (marcelostockle),false
flashcard,frenar,El conductor tuvo que frenar al ver el semáforo rojo.,The driver had to brake when he saw the red light.,CC BY 4.0,Spanish Editorial Learning; original project content; https://creativecommons.org/licenses/by/4.0/,true
flashcard,acelerar,¿Por qué no intentamos acelerar las cosas?,Why don't we try to speed things up?,CC BY 2.0 France,CC-BY 2.0 (France) Attribution: tatoeba.org #10167260 (CK) & #10170460 (manufrutos),false
flashcard,saltar,Tom no quería saltar a través de la zanja.,Tom didn't want to jump across the ditch.,CC BY 2.0 France,CC-BY 2.0 (France) Attribution: tatoeba.org #8009534 (CK) & #10082538 (manufrutos),false
flashcard,lanzar,Selena Gomez acaba de lanzar su segundo disco.,Selena Gomez has just released her second album.,CC BY 2.0 France,CC-BY 2.0 (France) Attribution: tatoeba.org #552222 (American) & #1940234 (teskmon),false
flashcard,tirar,"A pesar de nuestro apoyo, decidió tirar la toalla.","In spite of our encouragement, he decided to throw in the towel.",CC BY 2.0 France,CC-BY 2.0 (France) Attribution: tatoeba.org #526835 (darinmex) & #1055580 (Shishir),false
flashcard,recoger,¿Te importaría recoger algo en el camino de regreso?,Would you mind picking up something on the way back?,CC BY 2.0 France,CC-BY 2.0 (France) Attribution: tatoeba.org #20446 (mcq) & #2256709 (marcelostockle),false
flashcard,guardar,Deberías guardar tus objetos de valor en un lugar seguro.,You should keep your valuables in a safe place.,CC BY 2.0 France,CC-BY 2.0 (France) Attribution: tatoeba.org #20153 (CK) & #1291810 (marcelostockle),false
flashcard,hallar,Le aseguro que hacemos todo lo que podemos para hallar a Tom.,I assure you we're doing everything we can to find Tom.,CC BY 2.0 France,CC-BY 2.0 (France) Attribution: tatoeba.org #2293463 (CK) & #2314621 (marcelostockle),false
flashcard,esconder,Ese secreto no se puede esconder para siempre.,That secret can't be kept forever.,CC BY 2.0 France,CC-BY 2.0 (France) Attribution: tatoeba.org #66143 (CK) & #1917814 (wallebot),false
flashcard,esconderse,"El estudio es muy pequeño, sin lugares donde esconderse.","The studio is very small, with no place to hide.",CC BY 2.0 France,CC-BY 2.0 (France) Attribution: tatoeba.org #697773 (papabear) & #524796 (Shishir),false
flashcard,observar,Tom podía observar que María se estaba poniendo muy nerviosa.,Tom could see Mary was getting very nervous.,CC BY 2.0 France,CC-BY 2.0 (France) Attribution: tatoeba.org #1095186 (CK) & #1732456 (marcelostockle),false
flashcard,oler,Tom podía oler el desayuno cocinándose en la cocina.,Tom could smell breakfast cooking in the kitchen.,CC BY 2.0 France,CC-BY 2.0 (France) Attribution: tatoeba.org #1095184 (CK) & #1732454 (marcelostockle),false
flashcard,comentar,Tengo un asunto complicado que quiero comentar contigo.,I have a complicated matter I want to discuss with you.,CC BY 2.0 France,CC-BY 2.0 (France) Attribution: tatoeba.org #40009 (CK) & #7256779 (arh),false
flashcard,conversar,Es grosero conversar en medio de un concierto.,It's bad manners to talk during a concert.,CC BY 2.0 France,CC-BY 2.0 (France) Attribution: tatoeba.org #503828 (CK) & #1483223 (marcelostockle),false
flashcard,discutir,"Antes de discutir el presupuesto, revisemos las cifras.","Before discussing the budget, let us review the figures.",CC BY 4.0,Spanish Editorial Learning; original project content; https://creativecommons.org/licenses/by/4.0/,true
flashcard,gritar,No hace falta gritar para que todos te oigan.,You do not need to shout for everyone to hear you.,CC BY 4.0,Spanish Editorial Learning; original project content; https://creativecommons.org/licenses/by/4.0/,true
flashcard,susurrar,"Para no despertar al bebé, tuvimos que susurrar en el pasillo.","To avoid waking the baby, we had to whisper in the corridor.",CC BY 4.0,Spanish Editorial Learning; original project content; https://creativecommons.org/licenses/by/4.0/,true
flashcard,firmar,Lee todas las condiciones antes de firmar el contrato.,Read all the terms before signing the contract.,CC BY 4.0,Spanish Editorial Learning; original project content; https://creativecommons.org/licenses/by/4.0/,true
flashcard,copiar,Puedes copiar la dirección en tu cuaderno.,You can copy the address into your notebook.,CC BY 4.0,Spanish Editorial Learning; original project content; https://creativecommons.org/licenses/by/4.0/,true
flashcard,borrar,"Está escrito a lápiz, así que lo podéis borrar.","It's written in pencil, so you can erase it.",CC BY 2.0 France,CC-BY 2.0 (France) Attribution: tatoeba.org #1341458 (CK) & #7921139 (Seael),false
flashcard,dibujar,¿Cuáles son las cosas más difíciles de dibujar?,What are the most difficult things to draw?,CC BY 2.0 France,CC-BY 2.0 (France) Attribution: tatoeba.org #1128412 (shanghainese) & #1130389 (cueyayotl),false
flashcard,pintar,Pintar es otra cosa que puedo hacer bastante bien.,Painting is another thing I can do fairly well.,CC BY 2.0 France,CC-BY 2.0 (France) Attribution: tatoeba.org #1100414 (CK) & #1416295 (Shishir),false
flashcard,imprimir,Este aparato puede imprimir sesenta páginas por minuto.,This machine can print sixty pages a minute.,CC BY 2.0 France,CC-BY 2.0 (France) Attribution: tatoeba.org #59814 (CM) & #1468417 (marcelostockle),false
flashcard,publicar,Él acaba de publicar una interesante serie de artículos.,He has just published an interesting series of articles.,CC BY 2.0 France,CC-BY 2.0 (France) Attribution: tatoeba.org #2173 (CS) & #10184490 (manufrutos),false
flashcard,encender,Apreté el botón para encender la radio.,I pressed the button to turn the radio on.,CC BY 2.0 France,CC-BY 2.0 (France) Attribution: tatoeba.org #255591 (CK) & #1649368 (marcelostockle),false
flashcard,apagar,Deberías apagar la luz antes de irte a dormir.,You should turn off the light before going to sleep.,CC BY 2.0 France,CC-BY 2.0 (France) Attribution: tatoeba.org #1126701 (CK) & #1126390 (marcelostockle),false
flashcard,conectar,¿Tienes la sensación de que no puedes conectar con otra gente?,Do you feel you can't connect with other people?,CC BY 2.0 France,CC-BY 2.0 (France) Attribution: tatoeba.org #10098218 (CK) & #10106414 (manufrutos),false
flashcard,desconectar,Conviene desconectar la tostadora antes de limpiarla.,It is sensible to unplug the toaster before cleaning it.,CC BY 4.0,Spanish Editorial Learning; original project content; https://creativecommons.org/licenses/by/4.0/,true
flashcard,cargar,El personal ayudó a cargar las cajas en la furgoneta.,The staff helped load the boxes into the van.,CC BY 4.0,Spanish Editorial Learning; original project content; https://creativecommons.org/licenses/by/4.0/,true
flashcard,descargar,Puedes descargar grabaciones de nativos en nuestra página web.,You can download audio files by native speakers from our website.,CC BY 2.0 France,CC-BY 2.0 (France) Attribution: tatoeba.org #954728 (CK) & #1223999 (wallebot),false
flashcard,instalar,El hombre trató de instalar su propia antena.,The man tried to install his own antenna.,CC BY 2.0 France,CC-BY 2.0 (France) Attribution: tatoeba.org #45368 (CM) & #1595075 (teskmon),false
flashcard,actualizar,Tom tiene que actualizar su página web.,Tom needs to update his website.,CC BY 2.0 France,CC-BY 2.0 (France) Attribution: tatoeba.org #1024398 (CK) & #1187241 (Shishir),false
flashcard,reparar,El costo de reparar el techo la dejó pasmada.,The cost of repairing the roof shocked her.,CC BY 2.0 France,CC-BY 2.0 (France) Attribution: tatoeba.org #682019 (Source_VOA) & #1349360 (marcelostockle),false
flashcard,funcionar,No está claro que podamos hacer funcionar el motor.,It is doubtful if we can get the engine working.,CC BY 2.0 France,CC-BY 2.0 (France) Attribution: tatoeba.org #247171 (CM) & #1590221 (teskmon),false
flashcard,seleccionar,Mantén pulsada la tecla Mayús para seleccionar varias fotografías.,Hold down the Shift key to select several photographs.,CC BY 4.0,Spanish Editorial Learning; original project content; https://creativecommons.org/licenses/by/4.0/,true
flashcard,pulsar,Todo lo que tienes que hacer es pulsar el botón.,All you have to do is press the button.,CC BY 2.0 France,CC-BY 2.0 (France) Attribution: tatoeba.org #69766 (CK) & #770895 (Shishir),false
flashcard,clicar,Basta con clicar en el icono azul para abrir el calendario.,You only need to click the blue icon to open the calendar.,CC BY 4.0,Spanish Editorial Learning; original project content; https://creativecommons.org/licenses/by/4.0/,true
flashcard,navegar,Ella estaba deseando irse a navegar con él.,She was looking forward to going sailing with him.,CC BY 2.0 France,CC-BY 2.0 (France) Attribution: tatoeba.org #887551 (CK) & #1369932 (Shishir),false
flashcard,eliminar,Este filtro permite eliminar el ruido de fondo de la grabación.,This filter can remove background noise from the recording.,CC BY 4.0,Spanish Editorial Learning; original project content; https://creativecommons.org/licenses/by/4.0/,true
flashcard,editar,"Para editar una frase, haga clic en el icono de lápiz.","To edit a sentence, click on the pencil icon.",CC BY 2.0 France,CC-BY 2.0 (France) Attribution: tatoeba.org #4631941 (CK) & #4631949 (cueyayotl),false
flashcard,revisar,Voy a revisar el horario antes de comprar los billetes.,I am going to check the timetable before buying the tickets.,CC BY 4.0,Spanish Editorial Learning; original project content; https://creativecommons.org/licenses/by/4.0/,true
flashcard,comprobar,Tom revisó su billetera para comprobar cuánto dinero tenía.,Tom checked his wallet to see how much money he had.,CC BY 2.0 France,CC-BY 2.0 (France) Attribution: tatoeba.org #1095300 (CK) & #1388930 (marcelostockle),false
flashcard,medir,Él se debe medir la presión sanguínea todos los días.,He has to have his blood pressure taken every day.,CC BY 2.0 France,CC-BY 2.0 (France) Attribution: tatoeba.org #303913 (CK) & #1439708 (marcelostockle),false
flashcard,calcular,Los científicos fácilmente pueden calcular la distancia entre planetas.,Scientists can easily compute the distance between planets.,CC BY 2.0 France,CC-BY 2.0 (France) Attribution: tatoeba.org #23972 (CK) & #2471708 (marcelostockle),false
flashcard,sumar,¿Puedes sumar estos números?,Can you add these numbers?,CC BY 2.0 France,CC-BY 2.0 (France) Attribution: tatoeba.org #681588 (Source_VOA) & #1386465 (marcelostockle),false
flashcard,restar,"Para calcular el cambio, hay que restar dieciocho euros de cincuenta.","To calculate the change, you have to subtract eighteen euros from fifty.",CC BY 4.0,Spanish Editorial Learning; original project content; https://creativecommons.org/licenses/by/4.0/,true
flashcard,multiplicar,La receta exige multiplicar todas las cantidades por tres.,The recipe requires you to multiply all the quantities by three.,CC BY 4.0,Spanish Editorial Learning; original project content; https://creativecommons.org/licenses/by/4.0/,true
flashcard,dividir,Esa crisis amenazaba con dividir a la nación.,That crisis threatened to split the nation in two.,CC BY 2.0 France,CC-BY 2.0 (France) Attribution: tatoeba.org #807691 (Source_VOA) & #1764684 (Shishir),false
flashcard,ordenar,No tengo tiempo de ordenar mis libros antes de irme.,I have no time to put my books in order before I go.,CC BY 2.0 France,CC-BY 2.0 (France) Attribution: tatoeba.org #33488 (CK) & #1953443 (marcelostockle),false
flashcard,clasificar,Nos llevó toda la tarde clasificar las cartas por fecha.,It took us all afternoon to sort the letters by date.,CC BY 4.0,Spanish Editorial Learning; original project content; https://creativecommons.org/licenses/by/4.0/,true
flashcard,agrupar,Puedes agrupar las piezas según su forma y su color.,You can group the pieces according to their shape and colour.,CC BY 4.0,Spanish Editorial Learning; original project content; https://creativecommons.org/licenses/by/4.0/,true
flashcard,mezclar,No me gusta mezclar trabajo con placer.,I don't like to mix business with pleasure.,CC BY 2.0 France,CC-BY 2.0 (France) Attribution: tatoeba.org #257902 (CK) & #1991803 (marcelostockle),false
flashcard,separar,Ellos se quieren separar después de 40 años de matrimonio.,They want to separate after 40 years of marriage.,CC BY 2.0 France,CC-BY 2.0 (France) Attribution: tatoeba.org #682000 (Source_VOA) & #1349411 (marcelostockle),false
flashcard,pegar,Usa cinta de papel para pegar el dibujo a la cartulina.,Use masking tape to stick the drawing to the card.,CC BY 4.0,Spanish Editorial Learning; original project content; https://creativecommons.org/licenses/by/4.0/,true
flashcard,unir,Necesitamos un nuevo líder para unir a nuestra empresa.,We need a new leader to pull our company together.,CC BY 2.0 France,CC-BY 2.0 (France) Attribution: tatoeba.org #22356 (CK) & #5893696 (albrusgher),false
flashcard,llenar,Tom tuvo que llenar un montón de formularios.,Tom had to fill out lots of forms.,CC BY 2.0 France,CC-BY 2.0 (France) Attribution: tatoeba.org #2540392 (CK) & #4368238 (pchamorro),false
flashcard,vaciar,El camarero salió a vaciar las botellas en el contenedor verde.,The waiter went out to empty the bottles into the green recycling bin.,CC BY 4.0,Spanish Editorial Learning; original project content; https://creativecommons.org/licenses/by/4.0/,true
flashcard,cubrir,Ese dinero es suficiente para cubrir los gastos.,That's enough money to cover the expenses.,CC BY 2.0 France,CC-BY 2.0 (France) Attribution: tatoeba.org #317904 (CK) & #2435976 (inmachan),false
flashcard,pausar,No olvides pausar la grabación cuando termine la entrevista.,Do not forget to pause the recording when the interview ends.,CC BY 4.0,Spanish Editorial Learning; original project content; https://creativecommons.org/licenses/by/4.0/,true
flashcard,reiniciar,¿Probaste a reiniciar el ordenador?,Did you try restarting the computer?,CC BY 2.0 France,CC-BY 2.0 (France) Attribution: tatoeba.org #1522375 (erikspen) & #10485446 (Seael),false
flashcard,practicar,A mí me gusta tanto ver como practicar deportes.,I like both watching and playing sports.,CC BY 2.0 France,CC-BY 2.0 (France) Attribution: tatoeba.org #4352881 (CK) & #4353339 (umano),false
flashcard,memorizar,Tenemos que memorizar este poema para la próxima clase.,We have to memorize this poem by the next class.,CC BY 2.0 France,CC-BY 2.0 (France) Attribution: tatoeba.org #1503578 (CK) & #1882696 (teskmon),false
flashcard,imaginar,¿Te puedes imaginar cómo sería la vida sin televisión?,Can you imagine what life would be like without television?,CC BY 2.0 France,CC-BY 2.0 (France) Attribution: tatoeba.org #39269 (CK) & #1706652 (teskmon),false
flashcard,soñar,Solo quien tiene el coraje de soñar cambia el mundo.,Only those who dare to dream change the world.,CC BY 2.0 France,CC-BY 2.0 (France) Attribution: tatoeba.org #9823028 (DJ_Saidez) & #9823025 (hayastan),false
flashcard,desear,"Para hacer dinero, uno debe primero desear el dinero.",To make money one must want money.,CC BY 2.0 France,CC-BY 2.0 (France) Attribution: tatoeba.org #847142 (Source_Benedict_1921) & #964614 (hundo),false
flashcard,evitar,Debemos evitar que este tipo de incidente se repita.,We must prevent this type of incident from recurring.,CC BY 2.0 France,CC-BY 2.0 (France) Attribution: tatoeba.org #60433 (CM) & #855094 (Coyolxauhqui),false
flashcard,tener,¿Sabías que los hombres pueden tener cáncer de mama?,Did you know that men can get breast cancer?,CC BY 2.0 France,CC-BY 2.0 (France) Attribution: tatoeba.org #1147080 (Scott) & #1147873 (Shishir),false
flashcard,convertirse,Tom en realidad nunca quiso convertirse en músico profesional.,Tom never really wanted to become a professional musician.,CC BY 2.0 France,CC-BY 2.0 (France) Attribution: tatoeba.org #2042718 (CK) & #2248559 (marcelostockle),false
flashcard,disminuir,Es necesaria la cooperación de los empleados para disminuir los gastos.,The employees need to cooperate to lower expenses.,CC BY 2.0 France,CC-BY 2.0 (France) Attribution: tatoeba.org #680581 (Source_VOA) & #5009989 (albrusgher),false
flashcard,desarrollar,El equipo espera desarrollar una batería más duradera.,The team hopes to develop a longer-lasting battery.,CC BY 4.0,Spanish Editorial Learning; original project content; https://creativecommons.org/licenses/by/4.0/,true
flashcard,construir,El coste de construir el ferrocarril era demasiado alto.,The cost of building the railroad was very high.,CC BY 2.0 France,CC-BY 2.0 (France) Attribution: tatoeba.org #807629 (Source_VOA) & #854246 (Ragal),false
flashcard,destruir,La humedad puede destruir documentos antiguos en pocos meses.,Damp can destroy old documents within a few months.,CC BY 4.0,Spanish Editorial Learning; original project content; https://creativecommons.org/licenses/by/4.0/,true
flashcard,fabricar,La cooperativa aprendió a fabricar jabón con aceite usado.,The cooperative learnt to make soap from used oil.,CC BY 4.0,Spanish Editorial Learning; original project content; https://creativecommons.org/licenses/by/4.0/,true
flashcard,alquilar,Le costó 50 dólares alquilar un coche en Hawái.,It cost him 50 dollars to rent a car in Hawaii.,CC BY 2.0 France,CC-BY 2.0 (France) Attribution: tatoeba.org #292450 (CK) & #2526671 (teskmon),false
flashcard,devolver,Le tengo que devolver el dinero a Tomás.,I have to give the money back to Tom.,CC BY 2.0 France,CC-BY 2.0 (France) Attribution: tatoeba.org #2360498 (CK) & #5057266 (don_ramon),false
flashcard,prestar,Deberían prestar más atención a lo que dicen.,You should pay more attention to what you say.,CC BY 2.0 France,CC-BY 2.0 (France) Attribution: tatoeba.org #17236 (Swift) & #2088876 (marcelostockle),false
flashcard,mandar,Olvidé mandar tarjetas de año nuevo a mis amigos.,I forgot to send New Year's cards to my friends.,CC BY 2.0 France,CC-BY 2.0 (France) Attribution: tatoeba.org #262064 (CK) & #9393278 (ignacio),false
flashcard,entregar,No le quiero entregar mi llave a Tom.,I don't want to give Tom my key.,CC BY 2.0 France,CC-BY 2.0 (France) Attribution: tatoeba.org #2323295 (CK) & #2781951 (marcelostockle),false
flashcard,invertir,El gobierno debería invertir más dinero en la agricultura.,The government should invest more money in agriculture.,CC BY 2.0 France,CC-BY 2.0 (France) Attribution: tatoeba.org #1210696 (CK) & #1214210 (El_mas_capo),false
flashcard,descansar,El anciano se detuvo un momento para descansar.,The old man stopped for a moment to rest.,CC BY 2.0 France,CC-BY 2.0 (France) Attribution: tatoeba.org #326443 (CK) & #4180785 (Leono),false
flashcard,despertar,La luz del amanecer suele despertar a los pájaros del jardín.,The light at dawn usually wakes the birds in the garden.,CC BY 4.0,Spanish Editorial Learning; original project content; https://creativecommons.org/licenses/by/4.0/,true
flashcard,sentar,La anfitriona decidió sentar a los invitados cerca de la ventana.,The host decided to seat the guests near the window.,CC BY 4.0,Spanish Editorial Learning; original project content; https://creativecommons.org/licenses/by/4.0/,true
flashcard,acostar,Voy a acostar al bebé después del baño.,I am going to put the baby to bed after the bath.,CC BY 4.0,Spanish Editorial Learning; original project content; https://creativecommons.org/licenses/by/4.0/,true
flashcard,vestirse,Los niños dependen de los padres para alimentarse y vestirse.,Children depend on their parents for food and clothing.,CC BY 2.0 France,CC-BY 2.0 (France) Attribution: tatoeba.org #245723 (CK) & #976199 (hundo),false
flashcard,desnudar,El viento de otoño empezó a desnudar los árboles de hojas.,The autumn wind began to strip the leaves from the trees.,CC BY 4.0,Spanish Editorial Learning; original project content; https://creativecommons.org/licenses/by/4.0/,true
flashcard,desnudarse,Los nadadores entraron en los vestuarios para desnudarse.,The swimmers went into the changing rooms to get undressed.,CC BY 4.0,Spanish Editorial Learning; original project content; https://creativecommons.org/licenses/by/4.0/,true
flashcard,lavarse,Tom usó agua y jabón para lavarse las manos.,Tom used soap and water to wash his hands.,CC BY 2.0 France,CC-BY 2.0 (France) Attribution: tatoeba.org #2538316 (CK) & #2911084 (cueyayotl),false
flashcard,duchar,"Después del paseo, tuvimos que duchar al perro.","After the walk, we had to shower the dog.",CC BY 4.0,Spanish Editorial Learning; original project content; https://creativecommons.org/licenses/by/4.0/,true
flashcard,bañar,¿A quién le toca bañar al perro?,Whose turn is it to give the dog a bath?,CC BY 2.0 France,CC-BY 2.0 (France) Attribution: tatoeba.org #2775351 (CK) & #2775363 (nancy),false
flashcard,peinar,Ella siempre se hace peinar por un famoso peluquero.,She always has her hair done by a famous hairdresser.,CC BY 2.0 France,CC-BY 2.0 (France) Attribution: tatoeba.org #310497 (CK) & #4180201 (Leono),false
flashcard,afeitar,Debería haber probado esta máquina de afeitar antes de comprarla.,I should've tried out this electric razor before buying it.,CC BY 2.0 France,CC-BY 2.0 (France) Attribution: tatoeba.org #10121947 (CK) & #1179710 (Shishir),false
flashcard,maquillar,Una artista vino a maquillar a los actores antes del estreno.,A make-up artist came to do the actors' make-up before the première.,CC BY 4.0,Spanish Editorial Learning; original project content; https://creativecommons.org/licenses/by/4.0/,true
flashcard,maquillarse,Mary terminó de maquillarse.,Mary finished putting on her makeup.,CC BY 2.0 France,CC-BY 2.0 (France) Attribution: tatoeba.org #7217669 (Hybrid) & #8088961 (Seael),false
flashcard,desayunar,¿Tú crees que desayunar todos los días es importante?,Do you think that eating breakfast every day is important?,CC BY 2.0 France,CC-BY 2.0 (France) Attribution: tatoeba.org #953236 (CK) & #1242690 (marcelostockle),false
flashcard,almorzar,A lo mejor nos podríamos juntar alguna vez y almorzar.,Maybe we could get together sometime and have lunch.,CC BY 2.0 France,CC-BY 2.0 (France) Attribution: tatoeba.org #869498 (CM) & #1706205 (marcelostockle),false
flashcard,cenar,Pensé que Tom daría un paseo antes de cenar.,I thought Tom would take a walk before dinner.,CC BY 2.0 France,CC-BY 2.0 (France) Attribution: tatoeba.org #1938784 (CK) & #1939965 (marcelostockle),false
flashcard,merendar,"Cuando salíamos del colegio, solíamos merendar pan con chocolate.","When we left school, we used to have bread and chocolate as an afternoon snack.",CC BY 4.0,Spanish Editorial Learning; original project content; https://creativecommons.org/licenses/by/4.0/,true
flashcard,calentar,Calentar el agua no cambia su composición química.,Heating water does not change its chemical composition.,CC BY 2.0 France,CC-BY 2.0 (France) Attribution: tatoeba.org #1565763 (CM) & #1713999 (teskmon),false
flashcard,enfriar,Es mejor enfriar el vino blanco antes de servirlo.,It's better to chill white wine before you serve it.,CC BY 2.0 France,CC-BY 2.0 (France) Attribution: tatoeba.org #282576 (CK) & #972882 (hundo),false
flashcard,hervir,"Ni siquiera sé hervir agua, mucho menos asar un pavo.","I cannot even boil water, much less roast a turkey.",CC BY 2.0 France,CC-BY 2.0 (France) Attribution: tatoeba.org #253297 (CM) & #1829283 (Shishir),false
flashcard,freír,Hace tanto calor afuera que podrías freír un huevo.,"It's so hot outside, you could fry an egg.",CC BY 2.0 France,CC-BY 2.0 (France) Attribution: tatoeba.org #460189 (jeanne) & #2154728 (marcelostockle),false
flashcard,hornear,Hoy voy a hornear una tarta de melocotón.,I'm going to bake a peach pie today.,CC BY 2.0 France,CC-BY 2.0 (France) Attribution: tatoeba.org #10064829 (meshbags) & #10065311 (manufrutos),false
flashcard,pelar,Voy a pelar las patatas antes de poner agua a hervir.,I am going to peel the potatoes before boiling the water.,CC BY 4.0,Spanish Editorial Learning; original project content; https://creativecommons.org/licenses/by/4.0/,true
flashcard,echar,Recuerda echar una pizca de sal antes de servir la sopa.,Remember to add a pinch of salt before serving the soup.,CC BY 4.0,Spanish Editorial Learning; original project content; https://creativecommons.org/licenses/by/4.0/,true
flashcard,secar,Secar este tejido a alta temperatura podría causar encogimiento.,Drying this fabric at a high temperature may cause shrinkage.,CC BY 2.0 France,CC-BY 2.0 (France) Attribution: tatoeba.org #9935542 (AlanF_US) & #12342124 (arh),false
flashcard,planchar,Hace falta planchar esta camisa.,This shirt needs to be ironed.,CC BY 2.0 France,CC-BY 2.0 (France) Attribution: tatoeba.org #1129494 (CK) & #1129489 (marcelostockle),false
flashcard,barrer,Todo lo que tienes que hacer es barrer el piso.,All you have to do is sweep the floor.,CC BY 2.0 France,CC-BY 2.0 (France) Attribution: tatoeba.org #1369535 (CK) & #1406409 (marcelostockle),false
flashcard,fregar,¿Quieres que te ayude a fregar los platos?,Would you like me to help you with washing the dishes?,CC BY 2.0 France,CC-BY 2.0 (France) Attribution: tatoeba.org #999634 (CK) & #4769127 (alegarvid),false
flashcard,arreglar,Me las apañé para arreglar mi coche yo mismo.,I managed to repair my car by myself.,CC BY 2.0 France,CC-BY 2.0 (France) Attribution: tatoeba.org #2693984 (WestofEden) & #1878415 (topofabi),false
flashcard,reciclar,La oficina empezó a reciclar todo el papel usado.,The office began to recycle all its used paper.,CC BY 4.0,Spanish Editorial Learning; original project content; https://creativecommons.org/licenses/by/4.0/,true
flashcard,plantar,"Cuando tenía 14 años, él empezó a plantar fresas.","When he was 14, he started to plant strawberries.",CC BY 2.0 France,CC-BY 2.0 (France) Attribution: tatoeba.org #1802032 (pne) & #1802034 (wallebot),false
flashcard,regar,No es bueno regar las plantas a pleno sol.,It's not good to water plants in direct sunlight.,CC BY 2.0 France,CC-BY 2.0 (France) Attribution: tatoeba.org #10257049 (LimeGreenTeknii) & #5722637 (arh),false
flashcard,cuidar,Ella ayudó a su madre a cuidar del bebé.,She assisted her mother in caring for the baby.,CC BY 2.0 France,CC-BY 2.0 (France) Attribution: tatoeba.org #316937 (CK) & #1704157 (teskmon),false
flashcard,alimentar,Preferiría alimentar a mi perro antes de que comamos.,I would rather feed my dog before we eat.,CC BY 2.0 France,CC-BY 2.0 (France) Attribution: tatoeba.org #898543 (CK) & #1337516 (marcelostockle),false
flashcard,adoptar,Algunos insectos pueden adoptar el color de su entorno.,Some insects can take on the color of their surroundings.,CC BY 2.0 France,CC-BY 2.0 (France) Attribution: tatoeba.org #243499 (CM) & #611310 (Leono),false
flashcard,criar,Tenía la esperanza de criar a mis hijos en Boston.,I was hoping to raise my kids in Boston.,CC BY 2.0 France,CC-BY 2.0 (France) Attribution: tatoeba.org #5360711 (CK) & #5360717 (gianich73),false
flashcard,cazar,¿Cuándo fue la última vez que fueron a cazar?,When was the last time you went hunting?,CC BY 2.0 France,CC-BY 2.0 (France) Attribution: tatoeba.org #1747595 (Amastan) & #1747653 (marcelostockle),false
flashcard,pescar,Era un buen día así que fuimos a pescar.,It was a nice day so we went fishing.,CC BY 2.0 France,CC-BY 2.0 (France) Attribution: tatoeba.org #5617899 (tabular) & #1905927 (marcelostockle),false
flashcard,morder,Tiene el mal hábito de morder el lápiz.,He has the bad habit of chewing his pencil.,CC BY 2.0 France,CC-BY 2.0 (France) Attribution: tatoeba.org #843965 (J_S) & #1260384 (arashi_29),false
flashcard,ladrar,Ella oyó a un perro ladrar a lo lejos.,She heard a dog barking in the distance.,CC BY 2.0 France,CC-BY 2.0 (France) Attribution: tatoeba.org #312718 (CK) & #341805 (tatoerique),false
flashcard,maullar,Oímos al gato maullar detrás de la puerta cerrada.,We heard the cat miaow behind the closed door.,CC BY 4.0,Spanish Editorial Learning; original project content; https://creativecommons.org/licenses/by/4.0/,true
flashcard,fotografiar,A mi hermano le encanta fotografiar montañas.,My brother loves taking pictures of mountains.,CC BY 2.0 France,CC-BY 2.0 (France) Attribution: tatoeba.org #250712 (CK) & #721620 (ventana),false
flashcard,grabar,Se necesitaron muchos meses para grabar esa película.,It took several months to shoot that film.,CC BY 2.0 France,CC-BY 2.0 (France) Attribution: tatoeba.org #49503 (Shiawase) & #1244640 (Shishir),false
flashcard,filmar,El director eligió filmar la última escena al amanecer.,The director chose to film the final scene at dawn.,CC BY 4.0,Spanish Editorial Learning; original project content; https://creativecommons.org/licenses/by/4.0/,true
flashcard,entrenar,¿Por qué son los perros más fáciles de entrenar que los gatos?,Why are dogs easier to train than cats?,CC BY 2.0 France,CC-BY 2.0 (France) Attribution: tatoeba.org #6822386 (CK) & #6823029 (arh),false
flashcard,competir,Tuve que competir con él por un ascenso.,I had to compete with him for promotion.,CC BY 2.0 France,CC-BY 2.0 (France) Attribution: tatoeba.org #258706 (CK) & #1560368 (marcelostockle),false
flashcard,empatar,Un gol en el último minuto permitió al Betis empatar el partido.,A goal in the final minute allowed Betis to draw the match.,CC BY 4.0,Spanish Editorial Learning; original project content; https://creativecommons.org/licenses/by/4.0/,true
flashcard,marcar,El reloj acaba de marcar las tres.,The clock has just struck three.,CC BY 2.0 France,CC-BY 2.0 (France) Attribution: tatoeba.org #264041 (CK) & #1140251 (Shishir),false
flashcard,atrapar,¿Qué tipo de cebo usaste para atrapar estos peces?,What kind of bait did you use to catch these fish?,CC BY 2.0 France,CC-BY 2.0 (France) Attribution: tatoeba.org #10544793 (CK) & #10544796 (Seael),false
flashcard,golpear,Las gotas de lluvia empezaron a golpear suavemente el cristal.,The raindrops began to tap gently against the windowpane.,CC BY 4.0,Spanish Editorial Learning; original project content; https://creativecommons.org/licenses/by/4.0/,true
flashcard,patear,El defensa corrió hacia el balón para patear desde lejos.,The defender ran towards the ball to kick it from long range.,CC BY 4.0,Spanish Editorial Learning; original project content; https://creativecommons.org/licenses/by/4.0/,true
flashcard,pedalear,"Tras el descanso, aún nos quedaban veinte kilómetros por pedalear.","After the break, we still had twenty kilometres left to cycle.",CC BY 4.0,Spanish Editorial Learning; original project content; https://creativecommons.org/licenses/by/4.0/,true
flashcard,esquiar,Yo quiero comprar un par de botas de esquiar.,I want to buy a pair of ski boots.,CC BY 2.0 France,CC-BY 2.0 (France) Attribution: tatoeba.org #253956 (CK) & #1167711 (marcelostockle),false
flashcard,patinar,Yo no esquío pero me gusta mucho patinar.,"I don't ski, but I really like to skate.",CC BY 2.0 France,CC-BY 2.0 (France) Attribution: tatoeba.org #707163 (papabear) & #523795 (hayastan),false
flashcard,escalar,Me gusta escalar árboles de vez en cuando.,I enjoy climbing trees every once in a while.,CC BY 2.0 France,CC-BY 2.0 (France) Attribution: tatoeba.org #2700502 (Joseph) & #5016382 (Mavry),false
flashcard,despegar,El avión va a despegar en cuanto se despeje la pista.,The plane will take off as soon as the runway is clear.,CC BY 4.0,Spanish Editorial Learning; original project content; https://creativecommons.org/licenses/by/4.0/,true
flashcard,aterrizar,Un helicóptero es capaz de despegar y aterrizar verticalmente.,A helicopter is able to take off and land straight up and down.,CC BY 2.0 France,CC-BY 2.0 (France) Attribution: tatoeba.org #33891 (CM) & #634446 (Leono),false
flashcard,facturar,La aerolínea permite facturar una maleta de hasta veinte kilos.,The airline allows passengers to check in one suitcase weighing up to twenty kilos.,CC BY 4.0,Spanish Editorial Learning; original project content; https://creativecommons.org/licenses/by/4.0/,true
flashcard,embarcar,Los pasajeros deben embarcar por la puerta doce.,Passengers must board at gate twelve.,CC BY 4.0,Spanish Editorial Learning; original project content; https://creativecommons.org/licenses/by/4.0/,true
flashcard,informar,Creo que deberíamos informar a los padres de Tom.,I think we should notify Tom's parents.,CC BY 2.0 France,CC-BY 2.0 (France) Attribution: tatoeba.org #2408468 (CK) & #2848530 (teskmon),false
flashcard,confirmar,No hay modo de confirmar que él esté vivo.,There is no way to confirm that he is alive.,CC BY 2.0 France,CC-BY 2.0 (France) Attribution: tatoeba.org #283949 (CM) & #1192151 (marcelostockle),false
flashcard,avisar,¿Me podría avisar cuándo me tengo que bajar?,Would you please tell me when to get off?,CC BY 2.0 France,CC-BY 2.0 (France) Attribution: tatoeba.org #66020 (CK) & #1870410 (marcelostockle),false
flashcard,anunciar,La empresa espera anunciar los resultados el próximo jueves.,The company expects to announce the results next Thursday.,CC BY 4.0,Spanish Editorial Learning; original project content; https://creativecommons.org/licenses/by/4.0/,true
flashcard,comunicar,Nos podemos comunicar en francés.,We can communicate in French.,CC BY 2.0 France,CC-BY 2.0 (France) Attribution: tatoeba.org #7981414 (CK) & #9439971 (eltacodemex),false
flashcard,traducir,¿Puedo ayudar a traducir la página web a otras lenguas?,Can I help translate the website into other languages?,CC BY 2.0 France,CC-BY 2.0 (France) Attribution: tatoeba.org #769542 (jakov) & #1159898 (Shishir),false
flashcard,pronunciar,No estoy seguro de cómo pronunciar esta palabra.,I am not sure how to pronounce the word.,CC BY 2.0 France,CC-BY 2.0 (France) Attribution: tatoeba.org #45462 (CK) & #541130 (Shishir),false
flashcard,deletrear,"¿Podría deletrear su nombre, por favor?","Could you spell your name, please?",CC BY 2.0 France,CC-BY 2.0 (France) Attribution: tatoeba.org #70942 (CK) & #1072993 (Shishir),false
flashcard,corregir,¿Puedes corregir este informe antes de las 5 de la tarde?,Can you correct this report before 5:00 p.m.?,CC BY 2.0 France,CC-BY 2.0 (France) Attribution: tatoeba.org #680589 (Source_VOA) & #841914 (Shishir),false
flashcard,aprobar,"Estudié mucho, de modo que pude aprobar el examen.",I studied hard so that I could pass the examination.,CC BY 2.0 France,CC-BY 2.0 (France) Attribution: tatoeba.org #258078 (CK) & #2707888 (emanuel81),false
flashcard,suspender,Está claro que te van a suspender si no estudias más.,You'll definitely fail if you don't study more.,CC BY 2.0 France,CC-BY 2.0 (France) Attribution: tatoeba.org #1116717 (CS) & #2058583 (lazarus1907),false
flashcard,examinar,Los dentistas toman rayos x para examinar tus dientes.,Dentists take X-rays to examine your teeth.,CC BY 2.0 France,CC-BY 2.0 (France) Attribution: tatoeba.org #682505 (Source_VOA) & #1148663 (marcelostockle),false
flashcard,evaluar,Es difícil evaluar su capacidad.,It's difficult to evaluate his ability.,CC BY 2.0 France,CC-BY 2.0 (France) Attribution: tatoeba.org #285213 (CK) & #8267154 (Eremon),false
flashcard,completar,Tom debería ser capaz de completar el trabajo rápido.,Tom should be able to complete the job quickly.,CC BY 2.0 France,CC-BY 2.0 (France) Attribution: tatoeba.org #1092937 (CK) & #1534973 (arashi_29),false
flashcard,rellenar,Tom vino aquí a ayudarnos a rellenar estos formularios.,Tom came here to help us fill out these forms.,CC BY 2.0 France,CC-BY 2.0 (France) Attribution: tatoeba.org #1026906 (CK) & #1281562 (Shishir),false
flashcard,investigar,Investigar las causas del cáncer es muy costoso.,Investigating the causes of cancer is very expensive.,CC BY 2.0 France,CC-BY 2.0 (France) Attribution: tatoeba.org #1126686 (CK) & #2247300 (marcelostockle),false
flashcard,analizar,Tenemos que analizar eso.,We have to analyze that.,CC BY 2.0 France,CC-BY 2.0 (France) Attribution: tatoeba.org #4530000 (CK) & #7273380 (arh),false
flashcard,experimentar,No tenga miedo de experimentar cosas nuevas.,Don't be afraid to try new things.,CC BY 2.0 France,CC-BY 2.0 (France) Attribution: tatoeba.org #269230 (CK) & #1012165 (hayastan),false
flashcard,demostrar,Ella está tratando de demostrar la existencia de los fantasmas.,She is trying to prove the existence of ghosts.,CC BY 2.0 France,CC-BY 2.0 (France) Attribution: tatoeba.org #1529239 (erikspen) & #1529457 (marcelostockle),false
flashcard,concluir,Necesito concluir esta tarea antes de que se haga de noche.,I need to finish this work before it gets dark.,CC BY 2.0 France,CC-BY 2.0 (France) Attribution: tatoeba.org #6889007 (CK) & #6889109 (arh),false
flashcard,gestionar,Él tiene la capacidad suficiente para gestionar un negocio.,He has enough ability to manage a business.,CC BY 2.0 France,CC-BY 2.0 (France) Attribution: tatoeba.org #284829 (CK) & #9678862 (Eremon),false
flashcard,liderar,Ellos ponen en duda su capacidad para liderar.,They question your ability to lead.,CC BY 2.0 France,CC-BY 2.0 (France) Attribution: tatoeba.org #6927540 (Eccles17) & #7790528 (Eremon),false
flashcard,colaborar,Tom fue acusado de colaborar con el enemigo.,Tom was accused of collaborating with the enemy.,CC BY 2.0 France,CC-BY 2.0 (France) Attribution: tatoeba.org #2958491 (CK) & #3295262 (Shishir),false
flashcard,participar,No pude participar en el encuentro por estar enfermo.,I wasn't able to attend the meeting due to illness.,CC BY 2.0 France,CC-BY 2.0 (France) Attribution: tatoeba.org #3074288 (ulymarrero) & #2987841 (marcelostockle),false
flashcard,asistir,¿Vas a asistir a la reunión de esta noche?,Are you going to attend the meeting tonight?,CC BY 2.0 France,CC-BY 2.0 (France) Attribution: tatoeba.org #243322 (CK) & #4956007 (DarkHollow),false
flashcard,proponer,Está claro que nadie más tiene algo nuevo que proponer.,It is clear that no one has anything new to suggest.,CC BY 2.0 France,CC-BY 2.0 (France) Attribution: tatoeba.org #1565732 (CM) & #1714069 (teskmon),false
flashcard,negociar,Mi amigo quiere negociar con casas sudamericanas.,My friend wants to do business with South American firms.,CC BY 2.0 France,CC-BY 2.0 (France) Attribution: tatoeba.org #2267589 (_undertoad) & #2267590 (cueyayotl),false
flashcard,contratar,Queremos contratar a alguien que hable un francés fluido.,We want to hire someone who can speak French fluently.,CC BY 2.0 France,CC-BY 2.0 (France) Attribution: tatoeba.org #2451110 (CK) & #2688459 (Shishir),false
flashcard,despedir,Ha salido al aeropuerto a despedir a un amigo.,He went to the airport to see his friend off.,CC BY 2.0 France,CC-BY 2.0 (France) Attribution: tatoeba.org #295591 (CK) & #330109 (tatoerique),false
flashcard,emplear,Tom convenció a Mary de emplear a John.,Tom convinced Mary to hire John.,CC BY 2.0 France,CC-BY 2.0 (France) Attribution: tatoeba.org #5649330 (CK) & #5797179 (arh),false
flashcard,solicitar,Eres demasiado joven para solicitar el empleo.,You're too young to apply for the job.,CC BY 2.0 France,CC-BY 2.0 (France) Attribution: tatoeba.org #6245503 (CK) & #10363120 (Seael),false
flashcard,contactar,"Un caballero lo intentó contactar durante su ausencia, señor.","A gentleman called in your absence, sir.",CC BY 2.0 France,CC-BY 2.0 (France) Attribution: tatoeba.org #63880 (CM) & #2693841 (leoruilova),false
flashcard,apoyar,Tom está aquí para apoyar a Mary.,Tom is here to support Mary.,CC BY 2.0 France,CC-BY 2.0 (France) Attribution: tatoeba.org #6531223 (CK) & #8786602 (Shishir),false
flashcard,resolver,"A fin de cuentas, nadie pudo resolver el problema.",No one could solve the problem after all.,CC BY 2.0 France,CC-BY 2.0 (France) Attribution: tatoeba.org #238665 (CK) & #1367253 (marcelostockle),false
flashcard,solucionar,Aquí no hay nadie que pueda solucionar el problema.,There's no one here who can deal with the problem.,CC BY 2.0 France,CC-BY 2.0 (France) Attribution: tatoeba.org #43730 (CK) & #13681501 (Seael),false
flashcard,implementar,El hospital tardará meses en implementar el nuevo protocolo.,The hospital will take months to implement the new protocol.,CC BY 4.0,Spanish Editorial Learning; original project content; https://creativecommons.org/licenses/by/4.0/,true
flashcard,diseñar,No te sería muy difícil diseñar un nuevo sitio web.,It wouldn't be too hard to design a new website for you.,CC BY 2.0 France,CC-BY 2.0 (France) Attribution: tatoeba.org #954064 (CK) & #988278 (hundo),false
flashcard,programar,"Te enseñaré a programar, pero no hoy.","I will teach you to program, but not today.",CC BY 2.0 France,CC-BY 2.0 (France) Attribution: tatoeba.org #1493434 (CM) & #1712395 (teskmon),false
flashcard,depurar,Necesitamos depurar el programa antes de mostrárselo al cliente.,We need to debug the program before showing it to the client.,CC BY 4.0,Spanish Editorial Learning; original project content; https://creativecommons.org/licenses/by/4.0/,true
flashcard,desplegar,El equipo acordó desplegar la actualización durante la madrugada.,The team agreed to deploy the update overnight.,CC BY 4.0,Spanish Editorial Learning; original project content; https://creativecommons.org/licenses/by/4.0/,true
flashcard,documentar,Cada investigador debe documentar los cambios en el experimento.,Each researcher must document the changes to the experiment.,CC BY 4.0,Spanish Editorial Learning; original project content; https://creativecommons.org/licenses/by/4.0/,true
flashcard,planificar,Reunimos varios mapas para planificar la ruta por los Pirineos.,We gathered several maps to plan the route through the Pyrenees.,CC BY 4.0,Spanish Editorial Learning; original project content; https://creativecommons.org/licenses/by/4.0/,true
flashcard,estimar,Resulta difícil estimar el coste sin conocer las medidas exactas.,It is difficult to estimate the cost without knowing the exact measurements.,CC BY 4.0,Spanish Editorial Learning; original project content; https://creativecommons.org/licenses/by/4.0/,true
flashcard,priorizar,"Ante tantas averías, el taller debe priorizar las reparaciones urgentes.","With so many faults, the garage must prioritise urgent repairs.",CC BY 4.0,Spanish Editorial Learning; original project content; https://creativecommons.org/licenses/by/4.0/,true
flashcard,asignar,Corresponde a la coordinadora asignar un tutor a cada alumno.,It is the coordinator's responsibility to assign a tutor to each pupil.,CC BY 4.0,Spanish Editorial Learning; original project content; https://creativecommons.org/licenses/by/4.0/,true
flashcard,monitorizar,Instalaron sensores para monitorizar la humedad del invernadero.,They installed sensors to monitor the humidity in the greenhouse.,CC BY 4.0,Spanish Editorial Learning; original project content; https://creativecommons.org/licenses/by/4.0/,true
flashcard,controlar,Tom hizo lo que pudo para controlar su temperamento.,Tom did his best to keep temper under control.,CC BY 2.0 France,CC-BY 2.0 (France) Attribution: tatoeba.org #1094854 (CK) & #1396778 (marcelostockle),false
flashcard,asegurar,Te puedo asegurar que tu honestidad paga a la larga.,I can assure you that honesty pays in the long run.,CC BY 2.0 France,CC-BY 2.0 (France) Attribution: tatoeba.org #275738 (CM) & #1463332 (nullsoul9),false
flashcard,proteger,Ella arriesgó su vida para proteger a su hijo.,She risked her life to protect her child.,CC BY 2.0 France,CC-BY 2.0 (France) Attribution: tatoeba.org #317151 (CK) & #1155897 (nancy),false
flashcard,bloquear,Tom admitió que fue quien se dejó las ventanas sin bloquear.,Tom admitted he was the one who left the windows unlocked.,CC BY 2.0 France,CC-BY 2.0 (France) Attribution: tatoeba.org #6231188 (CK) & #6549331 (arh),false
flashcard,desbloquear,Una huella dactilar permite desbloquear el teléfono sin contraseña.,A fingerprint lets you unlock the phone without a password.,CC BY 4.0,Spanish Editorial Learning; original project content; https://creativecommons.org/licenses/by/4.0/,true
flashcard,registrarse,Quien quiera asistir deberá registrarse antes del viernes.,Anyone wishing to attend must register before Friday.,CC BY 4.0,Spanish Editorial Learning; original project content; https://creativecommons.org/licenses/by/4.0/,true
flashcard,iniciar,¿Has visto a Tom intentar iniciar un fuego?,Have you seen Tom try to start a fire?,CC BY 2.0 France,CC-BY 2.0 (France) Attribution: tatoeba.org #1839464 (CK) & #2769570 (teskmon),false
flashcard,acceder,Parece que Tom no puede acceder a sus datos.,Tom can't seem to access his data.,CC BY 2.0 France,CC-BY 2.0 (France) Attribution: tatoeba.org #1095557 (CK) & #1368105 (marcelostockle),false
flashcard,denegar,El banco puede denegar el préstamo si faltan documentos.,The bank may refuse the loan if any documents are missing.,CC BY 4.0,Spanish Editorial Learning; original project content; https://creativecommons.org/licenses/by/4.0/,true
flashcard,recuperar,Tengo que trabajar duro para recuperar el tiempo perdido.,I have to work hard to make up for lost time.,CC BY 2.0 France,CC-BY 2.0 (France) Attribution: tatoeba.org #7714890 (CK) & #7714983 (arh),false
flashcard,renombrar,Decidieron renombrar la plaza en honor a la poeta local.,They decided to rename the square in honour of the local poet.,CC BY 4.0,Spanish Editorial Learning; original project content; https://creativecommons.org/licenses/by/4.0/,true
flashcard,sincronizar,"Al conectar el reloj, empieza a sincronizar los datos automáticamente.","When you connect the watch, it starts synchronising the data automatically.",CC BY 4.0,Spanish Editorial Learning; original project content; https://creativecommons.org/licenses/by/4.0/,true
flashcard,exportar,No puedo averiguar cómo exportar mis direcciones de correo electrónico a un archivo de texto.,I can't figure out how to export my email addresses to a text file.,CC BY 2.0 France,CC-BY 2.0 (France) Attribution: tatoeba.org #953385 (CK) & #1305501 (marcelostockle),false
flashcard,filtrar,"Si tus ventanas no son herméticas, se va a filtrar humedad.","If your windows are not airtight, moisture will seep in.",CC BY 2.0 France,CC-BY 2.0 (France) Attribution: tatoeba.org #20271 (CK) & #1207709 (marcelostockle),false
flashcard,desmarcar,"Para dejar de recibir publicidad, debes desmarcar esta casilla.","To stop receiving advertising, you must untick this box.",CC BY 4.0,Spanish Editorial Learning; original project content; https://creativecommons.org/licenses/by/4.0/,true
flashcard,avanzar,¿Puedes avanzar para que podamos cerrar la puerta?,Could you move forward so we can close the door?,CC BY 2.0 France,CC-BY 2.0 (France) Attribution: tatoeba.org #39095 (CK) & #888579 (sarostegui),false
flashcard,retroceder,Es mejor retroceder que perderse.,It's better to walk back than to get lost.,CC BY 2.0 France,CC-BY 2.0 (France) Attribution: tatoeba.org #1287197 (jakov) & #1288118 (marcelostockle),false
flashcard,ocultar,Él trató de ocultar lo que realmente estaba pasando.,He tried to hide what was really going on.,CC BY 2.0 France,CC-BY 2.0 (France) Attribution: tatoeba.org #1655465 (Spamster) & #1658450 (hayastan),false
flashcard,expandir,Quisiera expandir mi vocabulario.,I want to increase my vocabulary.,CC BY 2.0 France,CC-BY 2.0 (France) Attribution: tatoeba.org #681201 (Source_VOA) & #5021720 (don_ramon),false
flashcard,contraer,Compartir agujas aumenta el riesgo de contraer una infección.,Sharing needles increases the risk of contracting an infection.,CC BY 4.0,Spanish Editorial Learning; original project content; https://creativecommons.org/licenses/by/4.0/,true
flashcard,activar,Tienes que activar el sonido de tu micrófono.,You have to unmute your microphone.,CC BY 2.0 France,CC-BY 2.0 (France) Attribution: tatoeba.org #10094828 (ddnktr) & #10095058 (manufrutos),false
flashcard,desactivar,Me gustaría averiguar cómo desactivar comentarios en mi blog.,I wish I could figure out how to disable comments on my blog.,CC BY 2.0 France,CC-BY 2.0 (France) Attribution: tatoeba.org #953728 (CK) & #970704 (hundo),false
flashcard,configurar,El técnico regresará mañana para configurar el rúter.,The technician will return tomorrow to configure the router.,CC BY 4.0,Spanish Editorial Learning; original project content; https://creativecommons.org/licenses/by/4.0/,true
flashcard,ajustar,Tom trató de ajustar la temperatura de la ducha.,Tom tried to adjust the temperature of the shower.,CC BY 2.0 France,CC-BY 2.0 (France) Attribution: tatoeba.org #1092638 (CK) & #1508892 (marcelostockle),false
flashcard,restablecer,Introduce tu correo electrónico para restablecer la contraseña.,Enter your email address to reset your password.,CC BY 4.0,Spanish Editorial Learning; original project content; https://creativecommons.org/licenses/by/4.0/,true
flashcard,duplicar,Un buen verano podría duplicar la cosecha de tomates.,A good summer could double the tomato harvest.,CC BY 4.0,Spanish Editorial Learning; original project content; https://creativecommons.org/licenses/by/4.0/,true
flashcard,arrastrar,Evita arrastrar la mesa porque podrías rayar el suelo.,Avoid dragging the table because you might scratch the floor.,CC BY 4.0,Spanish Editorial Learning; original project content; https://creativecommons.org/licenses/by/4.0/,true
flashcard,soltar,El pescador decidió soltar el pez en el río.,The fisherman decided to release the fish into the river.,CC BY 4.0,Spanish Editorial Learning; original project content; https://creativecommons.org/licenses/by/4.0/,true
flashcard,deslizar,Hay que deslizar la tarjeta por la ranura con la banda hacia abajo.,You need to swipe the card through the slot with the strip facing downwards.,CC BY 4.0,Spanish Editorial Learning; original project content; https://creativecommons.org/licenses/by/4.0/,true
flashcard,acercar,¿Te puedes acercar más?,Can you get any closer?,CC BY 2.0 France,CC-BY 2.0 (France) Attribution: tatoeba.org #3327807 (CK) & #3564858 (ficion),false
flashcard,alejar,La policía intentó alejar a los curiosos del edificio.,The police tried to move the onlookers away from the building.,CC BY 4.0,Spanish Editorial Learning; original project content; https://creativecommons.org/licenses/by/4.0/,true
flashcard,escanear,Me pidieron escanear el pasaporte y enviar una copia legible.,They asked me to scan my passport and send a legible copy.,CC BY 4.0,Spanish Editorial Learning; original project content; https://creativecommons.org/licenses/by/4.0/,true
flashcard,archivar,Tom se olvidó de archivar sus impuestos.,Tom forgot to file his taxes.,CC BY 2.0 France,CC-BY 2.0 (France) Attribution: tatoeba.org #1094065 (CK) & #1287964 (marcelostockle),false
flashcard,mencionar,"Él tiene muchos sellos extranjeros, sin mencionar los japoneses.","He has many foreign stamps, not to mention Japanese ones.",CC BY 2.0 France,CC-BY 2.0 (France) Attribution: tatoeba.org #281326 (CM) & #858399 (krash),false
flashcard,notificar,La clínica se comprometió a notificar cualquier cambio de horario.,The clinic undertook to notify us of any change to the timetable.,CC BY 4.0,Spanish Editorial Learning; original project content; https://creativecommons.org/licenses/by/4.0/,true
flashcard,suscribir,Puedes suscribir a toda la oficina al boletín mensual.,You can subscribe the whole office to the monthly newsletter.,CC BY 4.0,Spanish Editorial Learning; original project content; https://creativecommons.org/licenses/by/4.0/,true
flashcard,renovar,Tom necesita renovar su pasaporte antes del quince del próximo mes.,Tom needs to renew his passport before the fifteenth of next month.,CC BY 2.0 France,CC-BY 2.0 (France) Attribution: tatoeba.org #1024400 (CK) & #2036568 (marcelostockle),false
flashcard,vencer,Cuatro ases es una mano difícil de vencer.,Four aces is a tough hand to beat.,CC BY 2.0 France,CC-BY 2.0 (France) Attribution: tatoeba.org #11490855 (CK) & #13009225 (Eremon),false
flashcard,caducar,Este permiso suele caducar dos años después de su expedición.,This permit usually expires two years after it is issued.,CC BY 4.0,Spanish Editorial Learning; original project content; https://creativecommons.org/licenses/by/4.0/,true
flashcard,reclamar,Los pasajeros hicieron cola para reclamar una indemnización.,The passengers queued to claim compensation.,CC BY 4.0,Spanish Editorial Learning; original project content; https://creativecommons.org/licenses/by/4.0/,true
flashcard,reembolsar,La tienda prometió reembolsar el importe en cinco días laborables.,The shop promised to refund the amount within five working days.,CC BY 4.0,Spanish Editorial Learning; original project content; https://creativecommons.org/licenses/by/4.0/,true
flashcard,donar,La biblioteca anima a los vecinos a donar libros usados.,The library encourages residents to donate used books.,CC BY 4.0,Spanish Editorial Learning; original project content; https://creativecommons.org/licenses/by/4.0/,true
flashcard,regalar,Te voy a regalar una bicicleta para tu cumpleaños.,I will give you a bicycle for your birthday.,CC BY 2.0 France,CC-BY 2.0 (France) Attribution: tatoeba.org #16998 (CK) & #637107 (Leono),false
flashcard,inspeccionar,Dos ingenieros bajaron al túnel para inspeccionar las grietas.,Two engineers went down into the tunnel to inspect the cracks.,CC BY 4.0,Spanish Editorial Learning; original project content; https://creativecommons.org/licenses/by/4.0/,true
flashcard,pesar,Puedes pesar la harina directamente en este recipiente.,You can weigh the flour directly in this bowl.,CC BY 4.0,Spanish Editorial Learning; original project content; https://creativecommons.org/licenses/by/4.0/,true
flashcard,registrar,El termómetro puede registrar variaciones de una décima de grado.,The thermometer can record variations of one tenth of a degree.,CC BY 4.0,Spanish Editorial Learning; original project content; https://creativecommons.org/licenses/by/4.0/,true
flashcard,vigilar,No necesito vigilar a Tom todo el tiempo.,I don't need to watch Tom all the time.,CC BY 2.0 France,CC-BY 2.0 (France) Attribution: tatoeba.org #1887265 (CK) & #3353717 (marcelostockle),false
flashcard,denunciar,No te voy a denunciar.,I won't press charges.,CC BY 2.0 France,CC-BY 2.0 (France) Attribution: tatoeba.org #2271983 (CK) & #8583561 (Orphneus),false
flashcard,rescatar,Estuve a punto de ahogarme al intentar rescatar a un chico.,"I came near being drowned, trying to rescue a boy.",CC BY 2.0 France,CC-BY 2.0 (France) Attribution: tatoeba.org #268058 (CK) & #2912764 (teskmon),false
flashcard,salvar,Tom es el único que puede salvar al mundo.,Tom is the only one who can save the world.,CC BY 2.0 France,CC-BY 2.0 (France) Attribution: tatoeba.org #1523730 (Spamster) & #1934921 (marinoli),false
flashcard,atacar,Este hongo puede atacar las raíces de los árboles jóvenes.,This fungus can attack the roots of young trees.,CC BY 4.0,Spanish Editorial Learning; original project content; https://creativecommons.org/licenses/by/4.0/,true
flashcard,defender,Tenemos que defender nuestro país cueste lo que cueste.,We have to defend our country at any cost.,CC BY 2.0 France,CC-BY 2.0 (France) Attribution: tatoeba.org #248243 (CM) & #2062905 (lazarus1907),false
flashcard,luchar,Debe usted luchar contra esa tendencia que tiene.,You've got to fight that tendency of yours.,CC BY 2.0 France,CC-BY 2.0 (France) Attribution: tatoeba.org #2069341 (_undertoad) & #2252879 (cueyayotl),false
flashcard,matar,Una helada tardía puede matar los brotes jóvenes.,A late frost can kill young shoots.,CC BY 4.0,Spanish Editorial Learning; original project content; https://creativecommons.org/licenses/by/4.0/,true
flashcard,herir,Tom no quiso herir los sentimientos de Mary.,Tom didn't mean to hurt Mary's feelings.,CC BY 2.0 France,CC-BY 2.0 (France) Attribution: tatoeba.org #1029279 (CK) & #1477179 (marcelostockle),false
flashcard,curar,La fisioterapia ayudó a curar la lesión sin cirugía.,Physiotherapy helped heal the injury without surgery.,CC BY 4.0,Spanish Editorial Learning; original project content; https://creativecommons.org/licenses/by/4.0/,true
flashcard,sanar,La herida necesita tiempo y reposo para sanar por completo.,The wound needs time and rest to heal completely.,CC BY 4.0,Spanish Editorial Learning; original project content; https://creativecommons.org/licenses/by/4.0/,true
flashcard,diagnosticar,Solo un especialista puede diagnosticar esa enfermedad con certeza.,Only a specialist can diagnose that illness with certainty.,CC BY 4.0,Spanish Editorial Learning; original project content; https://creativecommons.org/licenses/by/4.0/,true
flashcard,recetar,La médica decidió recetar un antibiótico distinto.,The doctor decided to prescribe a different antibiotic.,CC BY 4.0,Spanish Editorial Learning; original project content; https://creativecommons.org/licenses/by/4.0/,true
flashcard,respirar,¿Tienes dificultades para respirar con facilidad cuando caminas?,Do you get short of breath easily when walking?,CC BY 2.0 France,CC-BY 2.0 (France) Attribution: tatoeba.org #9853833 (NurseMeeks) & #10111040 (manufrutos),false
flashcard,toser,Yo paré de toser luego de dos días.,I stopped coughing after two days.,CC BY 2.0 France,CC-BY 2.0 (France) Attribution: tatoeba.org #531701 (CM) & #1257792 (marcelostockle),false
flashcard,estornudar,"He visto estornudar a mi perro, pero nunca a mi gato.",I've seen my dog sneeze but never my cat.,CC BY 2.0 France,CC-BY 2.0 (France) Attribution: tatoeba.org #665508 (darinmex) & #665775 (Shishir),false
flashcard,sangrar,Me rasqué la cabeza tanto que me comenzó a sangrar.,I scratched my head so hard it started bleeding.,CC BY 2.0 France,CC-BY 2.0 (France) Attribution: tatoeba.org #10004449 (DJ_Saidez) & #10004457 (arh),false
flashcard,suceder,Tom me preguntó qué pensaba que iba a suceder.,Tom asked me what I thought was going to happen.,CC BY 2.0 France,CC-BY 2.0 (France) Attribution: tatoeba.org #2956023 (CK) & #3445474 (marcelostockle),false
flashcard,pertenecer,Esos países solían pertenecer a Francia.,Those countries used to belong to France.,CC BY 2.0 France,CC-BY 2.0 (France) Attribution: tatoeba.org #41998 (CK) & #1313110 (marcelostockle),false
flashcard,depender,No debes depender de la ayuda de los demás.,You mustn't depend on others for help.,CC BY 2.0 France,CC-BY 2.0 (France) Attribution: tatoeba.org #15923 (Swift) & #10184529 (manufrutos),false
flashcard,significar,Un cambio de color puede significar que la fruta está madura.,A change in colour can mean that the fruit is ripe.,CC BY 4.0,Spanish Editorial Learning; original project content; https://creativecommons.org/licenses/by/4.0/,true
flashcard,representar,Cada símbolo puede representar una estación distinta del año.,Each symbol can represent a different season of the year.,CC BY 4.0,Spanish Editorial Learning; original project content; https://creativecommons.org/licenses/by/4.0/,true
flashcard,establecer,El comité acordó establecer un horario fijo para las reuniones.,The committee agreed to establish a fixed schedule for meetings.,CC BY 4.0,Spanish Editorial Learning; original project content; https://creativecommons.org/licenses/by/4.0/,true
flashcard,celebrar,Es solo que no tengo ganas de celebrar mi cumpleaños.,I just don't feel like celebrating my birthday.,CC BY 2.0 France,CC-BY 2.0 (France) Attribution: tatoeba.org #2362144 (CK) & #2516522 (Shishir),false
flashcard,aprovechar,Las literas son una forma de aprovechar el espacio.,Bunk beds are a way to save space.,CC BY 2.0 France,CC-BY 2.0 (France) Attribution: tatoeba.org #2342646 (Hybrid) & #4929330 (albrusgher),false
flashcard,manejar,No tengo ni idea de cómo manejar este problema.,I have no idea how to handle this problem.,CC BY 2.0 France,CC-BY 2.0 (France) Attribution: tatoeba.org #2662901 (CK) & #5177832 (albrusgher),false
flashcard,admitir,"Cuesta admitir un error, pero hacerlo permite corregirlo.","It is hard to admit a mistake, but doing so makes it possible to correct it.",CC BY 4.0,Spanish Editorial Learning; original project content; https://creativecommons.org/licenses/by/4.0/,true
flashcard,abandonar,El capitán dio la orden de abandonar el barco.,The captain gave the order to abandon the ship.,CC BY 2.0 France,CC-BY 2.0 (France) Attribution: tatoeba.org #1265015 (Eldad) & #1264827 (hayastan),false
flashcard,aplicar,Tom se hizo aplicar una inyección para la gripa.,Tom got a flu shot.,CC BY 2.0 France,CC-BY 2.0 (France) Attribution: tatoeba.org #2548610 (CK) & #4364612 (pchamorro),false
flashcard,causar,Esto significó que eran demasiado débiles para causar más problemas.,This meant they were too weak to cause more trouble.,CC BY 2.0 France,CC-BY 2.0 (France) Attribution: tatoeba.org #802699 (Source_VOA) & #4463279 (cueyayotl),false
flashcard,conceder,"Tras revisar la solicitud, el juez optó por conceder la libertad provisional.","After reviewing the application, the judge chose to grant bail.",CC BY 4.0,Spanish Editorial Learning; original project content; https://creativecommons.org/licenses/by/4.0/,true
flashcard,conservar,Me gusta conservar mi ropa el máximo tiempo posible.,I like to keep my clothes for as long as possible.,CC BY 2.0 France,CC-BY 2.0 (France) Attribution: tatoeba.org #261601 (CM) & #1707987 (wallebot),false
flashcard,contener,Tuve que contener la risa durante la representación.,I had to hold back my laughter during the performance.,CC BY 4.0,Spanish Editorial Learning; original project content; https://creativecommons.org/licenses/by/4.0/,true
flashcard,contribuir,Tom me preguntó si acaso estaría dispuesto a contribuir algo de dinero.,Tom asked me if I would be willing to contribute some money.,CC BY 2.0 France,CC-BY 2.0 (France) Attribution: tatoeba.org #2956003 (CK) & #3445437 (marcelostockle),false
flashcard,desaparecer,Mi dinero parece desaparecer para el final de mes.,My money seems to disappear by the end of the month.,CC BY 2.0 France,CC-BY 2.0 (France) Attribution: tatoeba.org #680701 (Source_VOA) & #1178828 (marcelostockle),false
flashcard,exigir,Tenemos derecho a exigir un futuro seguro para nosotros y las generaciones futuras.,We have a right to demand a safe future for ourselves and future generations.,CC BY 2.0 France,CC-BY 2.0 (France) Attribution: tatoeba.org #247761 (CM) & #2783615 (marcelostockle),false
flashcard,expresar,No existen palabras para expresar lo increíble que eres.,No words can express how amazing you are.,CC BY 2.0 France,CC-BY 2.0 (France) Attribution: tatoeba.org #618394 (TRANG) & #1011397 (DanaDescalza),false
flashcard,indicar,Las flechas azules van a indicar la salida más cercana.,The blue arrows will indicate the nearest exit.,CC BY 4.0,Spanish Editorial Learning; original project content; https://creativecommons.org/licenses/by/4.0/,true
