type,topic,spanish,english,answer_or_form,explanation_or_example,status,example_english
quiz-gustar,gustar,A la niña pequeña no ___ usar zapatos.,The little girl doesn't like to wear shoes.,le gusta,"Usar zapatos is the subject, and an infinitive subject always takes singular gusta. A la niña pequeña is one person, so le.",ok,
quiz-gustar,gustar,___ los conciertos de rock.,I like rock concerts.,me gustan,"Los conciertos is the subject and is plural, so gustan. Me is the pronoun for I.",ok,
quiz-gustar,gustar,¿ ___ viajar en tren?,Do you like travelling by train?,te gusta,"Viajar is the subject, and an infinitive subject always takes singular gusta. Te is the pronoun for you.",ok,
quiz-gustar,gustar,___ esta canción española.,We like this Spanish song.,nos gusta,"Esta canción is the subject and is singular, so gusta. Nos is the pronoun for we.",ok,
quiz-gustar,gustar,A mis padres ___ las ciudades pequeñas.,My parents like small towns.,les gustan,"Las ciudades is the subject and is plural, so gustan. A mis padres is more than one person, so les.",ok,
quiz-gustar,gustar,No ___ levantarse temprano.,He or she does not like getting up early.,le gusta,"Levantarse is the subject, and an infinitive subject always takes singular gusta. Le is the pronoun for he or she.",ok,
quiz-gustar,gustar,A Juan ___ la comida picante.,Juan likes spicy food.,le gusta,"La comida is the subject and is singular, so gusta. A Juan is one person, so le.",ok,
quiz-gustar,gustar,¿A ustedes ___ estos ejercicios?,Do you all like these exercises?,les gustan,"Estos ejercicios is the subject and is plural, so gustan. A ustedes takes les.",ok,
quiz-gustar,gustar,___ caminar por la montaña.,They like walking in the mountains.,les gusta,"Caminar is the subject, and an infinitive subject always takes singular gusta. Les is the pronoun for they.",ok,
quiz-gustar,gustar,A mí ___ las películas antiguas.,I like old films.,me gustan,"Las películas is the subject and is plural, so gustan. A mí goes with me.",ok,
quiz-gustar,gustar,A Laura ___ bailar salsa.,Laura likes dancing salsa.,le gusta,"Bailar is the subject, and an infinitive subject always takes singular gusta. A Laura is one person, so le.",ok,
quiz-gustar,gustar,No ___ los hoteles grandes.,We do not like large hotels.,nos gustan,"Los hoteles is the subject and is plural, so gustan. Nos is the pronoun for we.",ok,
quiz-gustar,gustar,¿ ___ esta chaqueta azul?,Does he or she like this blue jacket?,le gusta,"Esta chaqueta is the subject and is singular, so gusta. Le is the pronoun for he or she.",ok,
quiz-gustar,gustar,A los niños ___ los cuentos cortos.,The children like short stories.,les gustan,"Los cuentos is the subject and is plural, so gustan. A los niños is more than one person, so les.",ok,
quiz-gustar,gustar,___ cocinar para tus amigos.,You like cooking for your friends.,te gusta,"Cocinar is the subject, and an infinitive subject always takes singular gusta. Te is the pronoun for you.",ok,
quiz-gustar,gustar,___ la música en directo.,I like live music.,me gusta,"La música is the subject and is singular, so gusta. Me is the pronoun for I.",ok,
quiz-gustar,gustar,A Pedro y Ana ___ las rutas en bicicleta.,Pedro and Ana like cycling routes.,les gustan,"Las rutas is the subject and is plural, so gustan. A Pedro y Ana is more than one person, so les.",ok,
quiz-gustar,gustar,___ aprender idiomas.,We like learning languages.,nos gusta,"Aprender is the subject, and an infinitive subject always takes singular gusta. Nos is the pronoun for we.",ok,
quiz-gustar,gustar,¿ ___ el nuevo restaurante?,Do they like the new restaurant?,les gusta,"El nuevo restaurante is the subject and is singular, so gusta. Les is the pronoun for they.",ok,
quiz-gustar,gustar,No ___ estas botas negras.,You do not like these black boots.,te gustan,"Estas botas is the subject and is plural, so gustan. Te is the pronoun for you.",ok,
quiz-gustar,gustar,A usted ___ leer antes de dormir.,You like reading before going to sleep.,le gusta,"Leer is the subject, and an infinitive subject always takes singular gusta. A usted takes le.",ok,
quiz-gustar,gustar,___ los domingos tranquilos.,I like quiet Sundays.,me gustan,"Los domingos is the subject and is plural, so gustan. Me is the pronoun for I.",ok,
quiz-gustar,gustar,A Carlos ___ la cerveza checa.,Carlos likes Czech beer.,le gusta,"La cerveza is the subject and is singular, so gusta. A Carlos is one person, so le.",ok,
quiz-gustar,gustar,___ las excursiones largas.,We like long excursions.,nos gustan,"Las excursiones is the subject and is plural, so gustan. Nos is the pronoun for we.",ok,
quiz-gustar,gustar,¿ ___ trabajar desde casa?,Do you like working from home?,te gusta,"Trabajar is the subject, and an infinitive subject always takes singular gusta. Te is the pronoun for you.",ok,
quiz-gustar,gustar,A ellas ___ este barrio.,They like this neighbourhood.,les gusta,"Este barrio is the subject and is singular, so gusta. A ellas takes les.",ok,
quiz-gustar,gustar,No ___ los vuelos nocturnos.,I do not like night flights.,me gustan,"Los vuelos is the subject and is plural, so gustan. Me is the pronoun for I.",ok,
quiz-gustar,gustar,A Pablo ___ nadar en el mar.,Pablo likes swimming in the sea.,le gusta,"Nadar is the subject, and an infinitive subject always takes singular gusta. A Pablo is one person, so le.",ok,
quiz-gustar,gustar,¿A ustedes ___ la paella?,Do you all like paella?,les gusta,"La paella is the subject and is singular, so gusta. A ustedes takes les.",ok,
quiz-gustar,gustar,___ estas fotografías.,They like these photographs.,les gustan,"Estas fotografías is the subject and is plural, so gustan. Les is the pronoun for they.",ok,
quiz-gustar,gustar,A nosotros ___ salir los viernes.,We like going out on Fridays.,nos gusta,"Salir is the subject, and an infinitive subject always takes singular gusta. A nosotros goes with nos.",ok,
quiz-gustar,gustar,___ el clima de España.,You like Spain's climate.,te gusta,"El clima is the subject and is singular, so gusta. Te is the pronoun for you.",ok,
quiz-gustar,gustar,A Sofía ___ los libros de historia.,Sofía likes history books.,le gustan,"Los libros is the subject and is plural, so gustan. A Sofía is one person, so le.",ok,
quiz-gustar,gustar,___ conducir por carreteras tranquilas.,I like driving on quiet roads.,me gusta,"Conducir is the subject, and an infinitive subject always takes singular gusta. Me is the pronoun for I.",ok,
quiz-gustar,gustar,¿ ___ las clases de español?,Does he or she like Spanish classes?,le gustan,"Las clases is the subject and is plural, so gustan. Le is the pronoun for he or she.",ok,
quiz-gustar,encantar,___ esta banda.,I love this band.,me encanta,"Esta banda is the subject and is singular, so encanta. Me is the pronoun for I.",ok,
quiz-gustar,encantar,A Elena ___ los mercados locales.,Elena loves local markets.,le encantan,"Los mercados is the subject and is plural, so encantan. A Elena is one person, so le.",ok,
quiz-gustar,encantar,___ viajar sin prisa.,We love travelling without rushing.,nos encanta,"Viajar is the subject, and an infinitive subject always takes singular encanta. Nos is the pronoun for we.",ok,
quiz-gustar,encantar,¿ ___ estas tapas?,Do you love these tapas?,te encantan,"Estas tapas is the subject and is plural, so encantan. Te is the pronoun for you.",ok,
quiz-gustar,encantar,A los niños ___ el chocolate.,The children love chocolate.,les encanta,"El chocolate is the subject and is singular, so encanta. A los niños is more than one person, so les.",ok,
quiz-gustar,encantar,___ bailar flamenco.,He or she loves dancing flamenco.,le encanta,"Bailar is the subject, and an infinitive subject always takes singular encanta. Le is the pronoun for he or she.",ok,
quiz-gustar,encantar,A ustedes ___ las playas del norte.,You all love the northern beaches.,les encantan,"Las playas is the subject and is plural, so encantan. A ustedes takes les.",ok,
quiz-gustar,encantar,A mí ___ la guitarra eléctrica.,I love the electric guitar.,me encanta,"La guitarra is the subject and is singular, so encanta. A mí goes with me.",ok,
quiz-gustar,encantar,___ hacer senderismo.,They love hiking.,les encanta,"Hacer is the subject, and an infinitive subject always takes singular encanta. Les is the pronoun for they.",ok,
quiz-gustar,encantar,¿ ___ los pueblos blancos?,Do we love the white villages?,nos encantan,"Los pueblos is the subject and is plural, so encantan. Nos is the pronoun for we.",ok,
quiz-gustar,encantar,A Julia ___ esta novela.,Julia loves this novel.,le encanta,"Esta novela is the subject and is singular, so encanta. A Julia is one person, so le.",ok,
quiz-gustar,encantar,___ los desayunos largos.,You love long breakfasts.,te encantan,"Los desayunos is the subject and is plural, so encantan. Te is the pronoun for you.",ok,
quiz-gustar,encantar,A mis amigos ___ cocinar juntos.,My friends love cooking together.,les encanta,"Cocinar is the subject, and an infinitive subject always takes singular encanta. A mis amigos is more than one person, so les.",ok,
quiz-gustar,encantar,___ las montañas.,I love the mountains.,me encantan,"Las montañas is the subject and is plural, so encantan. Me is the pronoun for I.",ok,
quiz-gustar,encantar,A usted ___ el arte moderno.,You love modern art.,le encanta,"El arte is the subject and is singular, so encanta. A usted takes le.",ok,
quiz-gustar,encantar,___ escuchar música en vivo.,We love listening to live music.,nos encanta,"Escuchar is the subject, and an infinitive subject always takes singular encanta. Nos is the pronoun for we.",ok,
quiz-gustar,encantar,¿ ___ estas vistas?,Do they love these views?,les encantan,"Estas vistas is the subject and is plural, so encantan. Les is the pronoun for they.",ok,
quiz-gustar,encantar,A Roberto ___ la arquitectura antigua.,Roberto loves old architecture.,le encanta,"La arquitectura is the subject and is singular, so encanta. A Roberto is one person, so le.",ok,
quiz-gustar,encantar,A ustedes ___ los viajes en bicicleta.,You all love cycling trips.,les encantan,"Los viajes is the subject and is plural, so encantan. A ustedes takes les.",ok,
quiz-gustar,encantar,___ aprender palabras nuevas.,You love learning new words.,te encanta,"Aprender is the subject, and an infinitive subject always takes singular encanta. Te is the pronoun for you.",ok,
quiz-gustar,interesar,___ la historia de España.,I am interested in Spanish history.,me interesa,"La historia is the subject and is singular, so interesa. Me is the pronoun for I.",ok,
quiz-gustar,interesar,A Daniel ___ los idiomas.,Daniel is interested in languages.,le interesan,"Los idiomas is the subject and is plural, so interesan. A Daniel is one person, so le.",ok,
quiz-gustar,interesar,___ aprender sobre otras culturas.,We are interested in learning about other cultures.,nos interesa,"Aprender is the subject, and an infinitive subject always takes singular interesa. Nos is the pronoun for we.",ok,
quiz-gustar,interesar,¿ ___ estas noticias?,Are you interested in this news?,te interesan,"Estas noticias is the subject and is plural, so interesan. Te is the pronoun for you.",ok,
quiz-gustar,interesar,A ellos ___ el ciclismo.,They are interested in cycling.,les interesa,"El ciclismo is the subject and is singular, so interesa. A ellos takes les.",ok,
quiz-gustar,interesar,No ___ hablar de política.,He or she is not interested in talking about politics.,le interesa,"Hablar is the subject, and an infinitive subject always takes singular interesa. Le is the pronoun for he or she.",ok,
quiz-gustar,interesar,A ustedes ___ los museos pequeños.,You all are interested in small museums.,les interesan,"Los museos is the subject and is plural, so interesan. A ustedes takes les.",ok,
quiz-gustar,interesar,A mí ___ la tecnología.,I am interested in technology.,me interesa,"La tecnología is the subject and is singular, so interesa. A mí goes with me.",ok,
quiz-gustar,interesar,___ conocer gente nueva.,They are interested in meeting new people.,les interesa,"Conocer is the subject, and an infinitive subject always takes singular interesa. Les is the pronoun for they.",ok,
quiz-gustar,interesar,¿ ___ estos cursos?,Are we interested in these courses?,nos interesan,"Estos cursos is the subject and is plural, so interesan. Nos is the pronoun for we.",ok,
quiz-gustar,interesar,A Paula ___ la fotografía.,Paula is interested in photography.,le interesa,"La fotografía is the subject and is singular, so interesa. A Paula is one person, so le.",ok,
quiz-gustar,interesar,___ los documentales.,You are interested in documentaries.,te interesan,"Los documentales is the subject and is plural, so interesan. Te is the pronoun for you.",ok,
quiz-gustar,interesar,A mis compañeros ___ mejorar su español.,My colleagues are interested in improving their Spanish.,les interesa,"Mejorar is the subject, and an infinitive subject always takes singular interesa. A mis compañeros is more than one person, so les.",ok,
quiz-gustar,interesar,___ las rutas históricas.,I am interested in historical routes.,me interesan,"Las rutas is the subject and is plural, so interesan. Me is the pronoun for I.",ok,
quiz-gustar,interesar,A usted ___ el proyecto nuevo.,You are interested in the new project.,le interesa,"El proyecto is the subject and is singular, so interesa. A usted takes le.",ok,
quiz-gustar,interesar,___ entender la gramática.,We are interested in understanding grammar.,nos interesa,"Entender is the subject, and an infinitive subject always takes singular interesa. Nos is the pronoun for we.",ok,
quiz-gustar,interesar,¿ ___ estas propuestas?,Are they interested in these proposals?,les interesan,"Estas propuestas is the subject and is plural, so interesan. Les is the pronoun for they.",ok,
quiz-gustar,interesar,A Tomás ___ la economía.,Tomás is interested in economics.,le interesa,"La economía is the subject and is singular, so interesa. A Tomás is one person, so le.",ok,
quiz-gustar,interesar,A ustedes ___ los deportes de montaña.,You all are interested in mountain sports.,les interesan,"Los deportes is the subject and is plural, so interesan. A ustedes takes les.",ok,
quiz-gustar,interesar,___ leer en español.,You are interested in reading in Spanish.,te interesa,"Leer is the subject, and an infinitive subject always takes singular interesa. Te is the pronoun for you.",ok,
quiz-gustar,molestar,___ el ruido de la calle.,The street noise bothers me.,me molesta,"El ruido is the subject and is singular, so molesta. Me is the pronoun for I.",ok,
quiz-gustar,molestar,A Sara ___ las luces fuertes.,Bright lights bother Sara.,le molestan,"Las luces is the subject and is plural, so molestan. A Sara is one person, so le.",ok,
quiz-gustar,molestar,___ esperar mucho tiempo.,Waiting a long time bothers us.,nos molesta,"Esperar is the subject, and an infinitive subject always takes singular molesta. Nos is the pronoun for we.",ok,
quiz-gustar,molestar,¿ ___ estos comentarios?,Do these comments bother you?,te molestan,"Estos comentarios is the subject and is plural, so molestan. Te is the pronoun for you.",ok,
quiz-gustar,molestar,A ellos ___ el humo.,Smoke bothers them.,les molesta,"El humo is the subject and is singular, so molesta. A ellos takes les.",ok,
quiz-gustar,molestar,No ___ trabajar los sábados.,Working on Saturdays does not bother him or her.,le molesta,"Trabajar is the subject, and an infinitive subject always takes singular molesta. Le is the pronoun for he or she.",ok,
quiz-gustar,molestar,A ustedes ___ los precios altos.,High prices bother you all.,les molestan,"Los precios is the subject and is plural, so molestan. A ustedes takes les.",ok,
quiz-gustar,molestar,A mí ___ la música demasiado alta.,Music that is too loud bothers me.,me molesta,"La música is the subject and is singular, so molesta. A mí goes with me.",ok,
quiz-gustar,molestar,___ levantarse tan temprano.,Getting up so early bothers them.,les molesta,"Levantarse is the subject, and an infinitive subject always takes singular molesta. Les is the pronoun for they.",ok,
quiz-gustar,molestar,¿ ___ estas interrupciones?,Do these interruptions bother us?,nos molestan,"Estas interrupciones is the subject and is plural, so molestan. Nos is the pronoun for we.",ok,
quiz-gustar,molestar,A David ___ el frío.,The cold bothers David.,le molesta,"El frío is the subject and is singular, so molesta. A David is one person, so le.",ok,
quiz-gustar,molestar,___ los vuelos con escalas.,Flights with connections bother you.,te molestan,"Los vuelos is the subject and is plural, so molestan. Te is the pronoun for you.",ok,
quiz-gustar,molestar,A mis vecinos ___ oír al perro por la noche.,Hearing the dog at night bothers my neighbours.,les molesta,"Oír is the subject, and an infinitive subject always takes singular molesta. A mis vecinos is more than one person, so les.",ok,
quiz-gustar,molestar,___ las habitaciones oscuras.,Dark rooms bother me.,me molestan,"Las habitaciones is the subject and is plural, so molestan. Me is the pronoun for I.",ok,
quiz-gustar,molestar,A usted ___ este olor.,Does this smell bother you?,le molesta,"Este olor is the subject and is singular, so molesta. A usted takes le.",ok,
quiz-gustar,importar,___ la calidad del servicio.,The quality of the service matters to me.,me importa,"La calidad is the subject and is singular, so importa. Me is the pronoun for I.",ok,
quiz-gustar,importar,A Luis ___ los pequeños detalles.,Small details matter to Luis.,le importan,"Los pequeños detalles is the subject and is plural, so importan. A Luis is one person, so le.",ok,
quiz-gustar,importar,___ llegar a tiempo.,Arriving on time matters to us.,nos importa,"Llegar is the subject, and an infinitive subject always takes singular importa. Nos is the pronoun for we.",ok,
quiz-gustar,importar,¿ ___ estas diferencias?,Do these differences matter to you?,te importan,"Estas diferencias is the subject and is plural, so importan. Te is the pronoun for you.",ok,
quiz-gustar,importar,A ellos ___ el resultado final.,The final result matters to them.,les importa,"El resultado is the subject and is singular, so importa. A ellos takes les.",ok,
quiz-gustar,importar,No ___ trabajar solo.,Working alone does not matter to him or her.,le importa,"Trabajar is the subject, and an infinitive subject always takes singular importa. Le is the pronoun for he or she.",ok,
quiz-gustar,importar,A ustedes ___ los horarios flexibles.,Flexible schedules matter to you all.,les importan,"Los horarios is the subject and is plural, so importan. A ustedes takes les.",ok,
quiz-gustar,importar,A mí ___ la opinión de mi familia.,My family's opinion matters to me.,me importa,"La opinión is the subject and is singular, so importa. A mí goes with me.",ok,
quiz-gustar,importar,___ mantenerse activos.,Staying active matters to them.,les importa,"Mantenerse is the subject, and an infinitive subject always takes singular importa. Les is the pronoun for they.",ok,
quiz-gustar,importar,¿ ___ estos cambios?,Do these changes matter to us?,nos importan,"Estos cambios is the subject and is plural, so importan. Nos is the pronoun for we.",ok,
quiz-gustar,importar,A Eva ___ el medio ambiente.,The environment matters to Eva.,le importa,"El medio ambiente is the subject and is singular, so importa. A Eva is one person, so le.",ok,
quiz-gustar,importar,___ las condiciones del viaje.,The travel conditions matter to you.,te importan,"Las condiciones is the subject and is plural, so importan. Te is the pronoun for you.",ok,
quiz-gustar,importar,A mis colegas ___ terminar bien el proyecto.,Finishing the project well matters to my colleagues.,les importa,"Terminar is the subject, and an infinitive subject always takes singular importa. A mis colegas is more than one person, so les.",ok,
quiz-gustar,importar,___ las respuestas claras.,Clear answers matter to me.,me importan,"Las respuestas is the subject and is plural, so importan. Me is the pronoun for I.",ok,
quiz-gustar,importar,A usted ___ esta decisión.,Does this decision matter to you?,le importa,"Esta decisión is the subject and is singular, so importa. A usted takes le.",ok,
quiz-gustar,faltar,___ un billete para Madrid.,I am missing a ticket to Madrid.,me falta,"Un billete is the subject and is singular, so falta. Me is the pronoun for I.",ok,
quiz-gustar,faltar,A Clara ___ dos documentos.,Clara is missing two documents.,le faltan,"Dos documentos is the subject and is plural, so faltan. A Clara is one person, so le.",ok,
quiz-gustar,faltar,___ terminar el último ejercicio.,We still need to finish the last exercise.,nos falta,"Terminar is the subject, and an infinitive subject always takes singular falta. Nos is the pronoun for we.",ok,
quiz-gustar,faltar,¿ ___ estas páginas?,Are you missing these pages?,te faltan,"Estas páginas is the subject and is plural, so faltan. Te is the pronoun for you.",ok,
quiz-gustar,faltar,A ellos ___ un poco de tiempo.,They are short of time.,les falta,"Un poco de tiempo is the subject and is singular, so falta. A ellos takes les.",ok,
quiz-gustar,faltar,___ practicar más.,He or she needs to practise more.,le falta,"Practicar is the subject, and an infinitive subject always takes singular falta. Le is the pronoun for he or she.",ok,
quiz-gustar,faltar,A ustedes ___ las entradas para el concierto.,You all are missing the concert tickets.,les faltan,"Las entradas is the subject and is plural, so faltan. A ustedes takes les.",ok,
quiz-gustar,faltar,A mí ___ una buena mochila.,I need a good backpack.,me falta,"Una buena mochila is the subject and is singular, so falta. A mí goes with me.",ok,
quiz-gustar,faltar,___ visitar dos ciudades.,They still need to visit two cities.,les falta,"Visitar is the subject, and an infinitive subject always takes singular falta. Les is the pronoun for they.",ok,
quiz-gustar,faltar,¿ ___ algunas sillas?,Are we missing some chairs?,nos faltan,"Algunas sillas is the subject and is plural, so faltan. Nos is the pronoun for we.",ok,
quiz-gustar,quedar,___ una semana de vacaciones.,I have one week of holiday left.,me queda,"Una semana is the subject and is singular, so queda. Me is the pronoun for I.",ok,
quiz-gustar,quedar,A Raúl ___ tres preguntas.,Raúl has three questions left.,le quedan,"Tres preguntas is the subject and is plural, so quedan. A Raúl is one person, so le.",ok,
quiz-gustar,quedar,___ reservar el hotel.,We still need to book the hotel.,nos queda,"Reservar is the subject, and an infinitive subject always takes singular queda. Nos is the pronoun for we.",ok,
quiz-gustar,quedar,¿ ___ bien estos pantalones?,Do these trousers fit you well?,te quedan,"Estos pantalones is the subject and is plural, so quedan. Te is the pronoun for you.",ok,
quiz-gustar,quedar,A ellos ___ poco dinero.,They have little money left.,les queda,"Poco dinero is the subject and is singular, so queda. A ellos takes les.",ok,
quiz-gustar,quedar,___ preparar la cena.,He or she still needs to prepare dinner.,le queda,"Preparar is the subject, and an infinitive subject always takes singular queda. Le is the pronoun for he or she.",ok,
quiz-gustar,quedar,A ustedes ___ dos días libres.,You all have two free days left.,les quedan,"Dos días is the subject and is plural, so quedan. A ustedes takes les.",ok,
quiz-gustar,quedar,A mí ___ bien esta camisa.,This shirt fits me well.,me queda,"Esta camisa is the subject and is singular, so queda. A mí goes with me.",ok,
quiz-gustar,quedar,___ recorrer diez kilómetros.,They still have ten kilometres to cover.,les queda,"Recorrer is the subject, and an infinitive subject always takes singular queda. Les is the pronoun for they.",ok,
quiz-gustar,quedar,¿ ___ suficientes botellas de agua?,Do we have enough bottles of water left?,nos quedan,"Suficientes botellas is the subject and is plural, so quedan. Nos is the pronoun for we.",ok,
quiz-gustar,doler,___ la espalda.,My back hurts.,me duele,"La espalda is the subject and is singular, so duele. Me is the pronoun for I.",ok,
quiz-gustar,doler,A Carmen ___ las rodillas.,Carmen's knees hurt.,le duelen,"Las rodillas is the subject and is plural, so duelen. A Carmen is one person, so le.",ok,
quiz-gustar,doler,___ caminar con estas botas.,Walking in these boots hurts us.,nos duele,"Caminar is the subject, and an infinitive subject always takes singular duele. Nos is the pronoun for we.",ok,
quiz-gustar,doler,¿ ___ los hombros?,Do your shoulders hurt?,te duelen,"Los hombros is the subject and is plural, so duelen. Te is the pronoun for you.",ok,
quiz-gustar,doler,A ellos ___ la cabeza.,Their heads hurt.,les duele,"La cabeza is the subject and is singular, so duele. A ellos takes les.",ok,
quiz-gustar,doler,___ subir escaleras.,Climbing stairs hurts him or her.,le duele,"Subir is the subject, and an infinitive subject always takes singular duele. Le is the pronoun for he or she.",ok,
quiz-gustar,doler,A ustedes ___ los pies.,Your feet hurt.,les duelen,"Los pies is the subject and is plural, so duelen. A ustedes takes les.",ok,
quiz-gustar,doler,A mí ___ el brazo derecho.,My right arm hurts.,me duele,"El brazo is the subject and is singular, so duele. A mí goes with me.",ok,
quiz-gustar,doler,___ hacer este movimiento.,Making this movement hurts them.,les duele,"Hacer is the subject, and an infinitive subject always takes singular duele. Les is the pronoun for they.",ok,
quiz-gustar,doler,¿ ___ las piernas después de correr?,Do our legs hurt after running?,nos duelen,"Las piernas is the subject and is plural, so duelen. Nos is the pronoun for we.",ok,
quiz-gustar,doler,A Andrés ___ la garganta.,Andrés's throat hurts.,le duele,"La garganta is the subject and is singular, so duele. A Andrés is one person, so le.",ok,
quiz-gustar,doler,___ los dedos.,Your fingers hurt.,te duelen,"Los dedos is the subject and is plural, so duelen. Te is the pronoun for you.",ok,
quiz-gustar,doler,A mis amigos ___ dormir en el suelo.,Sleeping on the floor hurts my friends.,les duele,"Dormir is the subject, and an infinitive subject always takes singular duele. A mis amigos is more than one person, so les.",ok,
quiz-gustar,doler,___ las muñecas.,My wrists hurt.,me duelen,"Las muñecas is the subject and is plural, so duelen. Me is the pronoun for I.",ok,
quiz-gustar,doler,A usted ___ el cuello.,Does your neck hurt?,le duele,"El cuello is the subject and is singular, so duele. A usted takes le.",ok,
quiz-gustar,parecer,___ interesante esta idea.,This idea seems interesting to me.,me parece,"Esta idea is the subject and is singular, so parece. Me is the pronoun for I.",ok,
quiz-gustar,parecer,A Laura ___ caros estos hoteles.,These hotels seem expensive to Laura.,le parecen,"Estos hoteles is the subject and is plural, so parecen. A Laura is one person, so le.",ok,
quiz-gustar,parecer,___ útil practicar cada día.,Practising every day seems useful to us.,nos parece,"Practicar is the subject, and an infinitive subject always takes singular parece. Nos is the pronoun for we.",ok,
quiz-gustar,parecer,¿ ___ claras estas instrucciones?,Do these instructions seem clear to you?,te parecen,"Estas instrucciones is the subject and is plural, so parecen. Te is the pronoun for you.",ok,
quiz-gustar,parecer,A ellos ___ buena la propuesta.,The proposal seems good to them.,les parece,"La propuesta is the subject and is singular, so parece. A ellos takes les.",ok,
quiz-gustar,parecer,___ difícil conducir de noche.,Driving at night seems difficult to him or her.,le parece,"Conducir is the subject, and an infinitive subject always takes singular parece. Le is the pronoun for he or she.",ok,
quiz-gustar,parecer,A ustedes ___ largos los ejercicios.,The exercises seem long to you all.,les parecen,"Los ejercicios is the subject and is plural, so parecen. A ustedes takes les.",ok,
quiz-gustar,parecer,A mí ___ perfecta esta solución.,This solution seems perfect to me.,me parece,"Esta solución is the subject and is singular, so parece. A mí goes with me.",ok,
quiz-gustar,parecer,___ mejor salir temprano.,Leaving early seems better to them.,les parece,"Salir is the subject, and an infinitive subject always takes singular parece. Les is the pronoun for they.",ok,
quiz-gustar,parecer,¿ ___ correctas estas respuestas?,Do these answers seem correct to us?,nos parecen,"Estas respuestas is the subject and is plural, so parecen. Nos is the pronoun for we.",ok,
quiz-ser-estar,ser / estar,Yo ___ de México.,I am from Mexico.,soy,"De México states where you come from, and origin uses ser.",ok,
quiz-ser-estar,ser / estar,Marta ___ médica.,Marta is a doctor.,es,"Médica is a profession, and professions use ser.",ok,
quiz-ser-estar,ser / estar,Nosotros ___ estudiantes de español.,We are Spanish students.,somos,"Estudiantes says what you are, an identity or role, so ser.",ok,
quiz-ser-estar,ser / estar,¿Crees que la falda de María ___ muy corta?,Do you think María's skirt is too short?,es,"Muy corta judges the skirt itself, so ser. Está would also work if you meant it looks short right now, for example after washing.",ok,
quiz-ser-estar,ser / estar,Hoy ___ lunes.,Today is Monday.,es,"Lunes names the day, and days and dates use ser.",ok,
quiz-ser-estar,ser / estar,Las llaves ___ de Ana.,The keys belong to Ana.,son,"De Ana says who owns the keys, and possession uses ser de.",ok,
quiz-ser-estar,ser / estar,El concierto ___ en el teatro.,The concert is at the theatre.,es,"El concierto is an event, and where an event takes place uses ser, not estar.",ok,
quiz-ser-estar,ser / estar,La ventana ___ grande y luminosa.,The window is large and bright.,es,"Grande y luminosa describes what the window is like, a defining description, so ser.",ok,
quiz-ser-estar,ser / estar,Yo ___ en casa ahora.,I am at home now.,estoy,"En casa says where you are, and physical location uses estar.",ok,
quiz-ser-estar,ser / estar,Las mochilas ___ debajo de la mesa.,The backpacks are under the table.,están,"Debajo de la mesa says where the bags are, and physical location uses estar.",ok,
quiz-ser-estar,ser / estar,¿Cómo ___ tú esta mañana?,How are you this morning?,estás,"Esta mañana asks how you are right now, a current state, so estar.",ok,
quiz-ser-estar,ser / estar,El café ___ caliente.,The coffee is hot.,está,"Caliente is how the coffee is at the moment, a temporary state, so estar.",ok,
quiz-ser-estar,ser / estar,Mis amigos ___ cansados después del viaje.,My friends are tired after the trip.,están,"Después del viaje shows cansados is a result of the trip, a resulting state, so estar.",ok,
quiz-ser-estar,ser / estar,La puerta ___ cerrada.,The door is closed.,está,"Cerrada is the door's current condition, so estar.",ok,
quiz-ser-estar,ser / estar,El museo ___ cerca de la estación.,The museum is near the station.,está,"Cerca de la estación says where the museum is, and physical location uses estar.",ok,
quiz-ser-estar,ser / estar,La sopa ___ muy buena hoy.,The soup tastes very good today.,está,"Hoy shows muy buena is how the soup tastes today, an experienced result, so estar.",ok,
quiz-ser-estar,ser / estar,Mi hermano ___ listo para salir.,My brother is ready to leave.,está,"Listo para salir means ready to go, and estar listo means to be ready.",ok,
quiz-ser-estar,ser / estar,Clara ___ lista y curiosa.,Clara is clever and curious.,es,"Lista sits next to curiosa, a trait, so it means clever: ser listo is to be smart. Estar lista would mean ready.",ok,
quiz-ser-estar,ser / estar,El barrio ___ tranquilo por la noche.,The neighbourhood is quiet at night.,es,"Por la noche describes what the area is normally like at night, a characteristic, so ser.",ok,
quiz-ser-estar,ser / estar,El barrio ___ vacío esta noche.,The neighbourhood is empty tonight.,está,"Esta noche limits vacío to tonight, a current state, so estar.",ok,
quiz-ser-estar,ser / estar,La camisa ___ azul.,The shirt is blue.,es,"Azul is the shirt's colour, a characteristic, so ser.",ok,
quiz-ser-estar,ser / estar,La camisa ___ mojada.,The shirt is wet.,está,"Mojada is a temporary condition of the shirt, so estar.",ok,
quiz-ser-estar,ser / estar,La reunión ___ a las tres.,The meeting is at three.,es,"A las tres gives when the meeting happens, and event time uses ser.",ok,
quiz-ser-estar,ser / estar,Los niños ___ en el jardín.,The children are in the garden.,están,"En el jardín says where the children are, and people's location uses estar.",ok,
quiz-ser-estar,ser / estar,La película ___ aburrida para mí.,The film is boring to me.,es,"Aburrida para mí presents boring as a quality of the film, so ser. Estar aburrido would describe a bored person.",ok,
quiz-ser-estar,ser / estar,Yo ___ aburrido durante la película.,I am bored during the film.,estoy,"Durante la película shows aburrido is how you feel at that time, a current state, so estar.",ok,
quiz-ser-estar,ser / estar,El profesor ___ enfermo esta semana.,The teacher is ill this week.,está,"Esta semana marks enfermo as a temporary health state, and health states use estar.",ok,
quiz-ser-estar,ser / estar,El profesor ___ muy paciente.,The teacher is very patient.,es,"Muy paciente is a personal characteristic of the teacher, so ser.",ok,
quiz-ser-estar,ser / estar,La puerta ___ abierta porque hace calor.,The door is open because it is hot.,está,"Abierta is the door's current condition, a result of someone opening it, so estar.",ok,
quiz-ser-estar,ser / estar,La conferencia ___ en el auditorio principal.,The conference is in the main auditorium.,es,"La conferencia is an event, and an event's location uses ser.",ok,
quiz-ser-estar,ser / estar,Yo ___ ingeniera.,I am an engineer.,soy,"Ingeniera is a profession, and professions use ser.",ok,
quiz-ser-estar,ser / estar,Tú ___ mi mejor amigo.,You are my best friend.,eres,"Mi mejor amigo states a relationship, who you are to me, so ser.",ok,
quiz-ser-estar,ser / estar,Ella ___ periodista.,She is a journalist.,es,"Periodista is a profession, and professions use ser.",ok,
quiz-ser-estar,ser / estar,Nosotros ___ vecinos desde hace años.,We have been neighbours for years.,somos,"Vecinos is a lasting relationship, so ser, even with desde hace años.",ok,
quiz-ser-estar,ser / estar,Ellos ___ los dueños de la tienda.,They are the owners of the shop.,son,"Los dueños says who they are, an identity, so ser.",ok,
quiz-ser-estar,ser / estar,Mi tío ___ abogado en Madrid.,My uncle is a lawyer in Madrid.,es,"Abogado is a profession, so ser, even though en Madrid follows.",ok,
quiz-ser-estar,ser / estar,Yo ___ la capitana del equipo.,I am the team captain.,soy,"La capitana is a role or title, and roles use ser.",ok,
quiz-ser-estar,ser / estar,Mis padres ___ dentistas.,My parents are dentists.,son,"Dentistas is a profession, and professions use ser.",ok,
quiz-ser-estar,ser / estar,Tú ___ un buen compañero de trabajo.,You are a good coworker.,eres,"Un buen compañero describes your role and character, so ser.",ok,
quiz-ser-estar,ser / estar,El señor García ___ el director del colegio.,Mr. García is the school principal.,es,"El director is a title or position, so ser.",ok,
quiz-ser-estar,ser / estar,"Nosotros ___ hermanos, no primos.","We are brothers, not cousins.",somos,"Hermanos is a family relationship, so ser.",ok,
quiz-ser-estar,ser / estar,Ana y Luis ___ los organizadores del evento.,Ana and Luis are the organisers of the event.,son,"Los organizadores is their role at the event, and roles use ser.",ok,
quiz-ser-estar,ser / estar,Yo ___ cliente habitual de esta cafetería.,I am a regular customer at this café.,soy,"Cliente habitual is an ongoing role, so ser.",ok,
quiz-ser-estar,ser / estar,Ustedes ___ los nuevos socios de la empresa.,You all are the new partners in the company.,son,"Los nuevos socios is a role or position, so ser.",ok,
quiz-ser-estar,ser / estar,Ella ___ la autora de esta novela.,She is the author of this novel.,es,"La autora says who she is in relation to the novel, an identity, so ser.",ok,
quiz-ser-estar,ser / estar,Yo ___ de Polonia.,I am from Poland.,soy,"De Polonia states where you come from, and origin uses ser.",ok,
quiz-ser-estar,ser / estar,Tú ___ de una familia italiana.,You are from an Italian family.,eres,"De una familia italiana states your origin, so ser.",ok,
quiz-ser-estar,ser / estar,Estos quesos ___ de Francia.,These cheeses are from France.,son,"De Francia says where the cheeses come from, and origin uses ser.",ok,
quiz-ser-estar,ser / estar,El vino ___ de la región de Rioja.,The wine is from the Rioja region.,es,"De la región de Rioja says where the wine comes from, and origin uses ser.",ok,
quiz-ser-estar,ser / estar,Nosotros ___ de la misma ciudad.,We are from the same city.,somos,"De la misma ciudad states where you come from, and origin uses ser.",ok,
quiz-ser-estar,ser / estar,Mi abuela ___ de un pueblo pequeño.,My grandmother is from a small village.,es,"De un pueblo pequeño states where she comes from, and origin uses ser.",ok,
quiz-ser-estar,ser / estar,Esas naranjas ___ de Valencia.,Those oranges are from Valencia.,son,"De Valencia says where the oranges come from, and origin uses ser.",ok,
quiz-ser-estar,ser / estar,Tú ___ de padres extranjeros.,You are the child of foreign parents.,eres,"De padres extranjeros states your background, and origin uses ser.",ok,
quiz-ser-estar,ser / estar,El profesor ___ de Argentina.,The teacher is from Argentina.,es,"De Argentina states where the teacher comes from, and origin uses ser.",ok,
quiz-ser-estar,ser / estar,Estas telas ___ de la India.,These fabrics are from India.,son,"De la India says where the fabrics come from, and origin uses ser.",ok,
quiz-ser-estar,ser / estar,Yo ___ originaria de un pueblo costero.,I originally come from a coastal town.,soy,"Originaria de says where you come from, and origin uses ser.",ok,
quiz-ser-estar,ser / estar,Mis compañeros ___ de distintas partes del país.,My colleagues are from different parts of the country.,son,"De distintas partes del país states where they come from, and origin uses ser.",ok,
quiz-ser-estar,ser / estar,Este café ___ de Colombia.,This coffee is from Colombia.,es,"De Colombia says where the coffee comes from, and origin uses ser.",ok,
quiz-ser-estar,ser / estar,Nosotros ___ de una tradición familiar muy antigua.,We come from a very old family tradition.,somos,"De una tradición familiar states your heritage, and origin uses ser.",ok,
quiz-ser-estar,ser / estar,Ella ___ de ascendencia mexicana.,She is of Mexican descent.,es,"De ascendencia mexicana states her heritage, and origin uses ser.",ok,
quiz-ser-estar,ser / estar,"""Una piedra rodante no junta musgo"" ___ un refrán.","""A rolling stone gathers no moss"" is a proverb.",es,"Un refrán classifies what the quote is, so ser. Estar never links two nouns like this.",ok,
quiz-ser-estar,ser / estar,Tú ___ alto y delgado.,You are tall and thin.,eres,"Alto y delgado describes your build, a physical characteristic, so ser.",ok,
quiz-ser-estar,ser / estar,Este edificio ___ muy antiguo.,This building is very old.,es,"Muy antiguo is a defining quality of the building, so ser.",ok,
quiz-ser-estar,ser / estar,Los niños ___ curiosos por naturaleza.,Children are curious by nature.,son,"Por naturaleza marks curiosos as an inherent trait, so ser.",ok,
quiz-ser-estar,ser / estar,Yo ___ bastante paciente.,I am quite patient.,soy,"Paciente is a personality trait, so ser.",ok,
quiz-ser-estar,ser / estar,Esta ciudad ___ muy ruidosa.,This city is very noisy.,es,"Muy ruidosa is what the city is like in general, a defining characteristic, so ser.",ok,
quiz-ser-estar,ser / estar,Nosotros ___ muy trabajadores.,We are very hardworking.,somos,"Trabajadores is a personality trait, so ser.",ok,
quiz-ser-estar,ser / estar,El examen ___ bastante difícil.,The exam is quite difficult.,es,"Bastante difícil is a quality of the exam itself, so ser.",ok,
quiz-ser-estar,ser / estar,Sus ojos ___ verdes.,Her eyes are green.,son,"Verdes is the colour of the eyes, a physical feature, so ser.",ok,
quiz-ser-estar,ser / estar,Este barrio ___ conocido por sus restaurantes.,This neighbourhood is known for its restaurants.,es,"Conocido por sus restaurantes is a defining feature of the area, so ser.",ok,
quiz-ser-estar,ser / estar,Tú ___ muy creativa.,You are very creative.,eres,"Muy creativa is a personality trait, so ser.",ok,
quiz-ser-estar,ser / estar,El profesor ___ muy exigente.,The teacher is very demanding.,es,"Muy exigente is a personality trait of the teacher, so ser.",ok,
quiz-ser-estar,ser / estar,Mis padres ___ bastante estrictos.,My parents are quite strict.,son,"Bastante estrictos is a personality trait, so ser.",ok,
quiz-ser-estar,ser / estar,Esta película ___ larga y lenta.,This film is long and slow.,es,"Larga y lenta describes what the film is like, a defining quality, so ser.",ok,
quiz-ser-estar,ser / estar,El río ___ ancho y profundo en esta parte.,The river is wide and deep in this part.,es,"Ancho y profundo is a geographic characteristic of the river, so ser.",ok,
quiz-ser-estar,ser / estar,La silla ___ de plástico.,The chair is made of plastic.,es,"De plástico says what the chair is made of, and material uses ser.",ok,
quiz-ser-estar,ser / estar,Hoy ___ miércoles.,Today is Wednesday.,es,"Miércoles names the day, and days of the week use ser.",ok,
quiz-ser-estar,ser / estar,___ las ocho de la mañana.,It is eight in the morning.,son,"Las ocho gives the time, and clock time uses ser.",ok,
quiz-ser-estar,ser / estar,El concierto ___ el próximo sábado.,The concert is next Saturday.,es,"El próximo sábado gives when the concert happens, and event dates use ser.",ok,
quiz-ser-estar,ser / estar,Esta mesa ___ de metal.,This table is made of metal.,es,"De metal says what the table is made of, and material uses ser.",ok,
quiz-ser-estar,ser / estar,Mañana ___ el cumpleaños de Sara.,Tomorrow is Sara's birthday.,es,"El cumpleaños is a date on the calendar, and dates use ser.",ok,
quiz-ser-estar,ser / estar,El anillo ___ de oro.,The ring is made of gold.,es,"De oro says what the ring is made of, and material uses ser.",ok,
quiz-ser-estar,ser / estar,Hoy ___ tres de mayo.,Today is the third of May.,es,"Tres de mayo is a calendar date, and dates use ser.",ok,
quiz-ser-estar,ser / estar,La entrevista ___ a las cinco.,The interview is at five o'clock.,es,"A las cinco gives when the interview happens, and event time uses ser.",ok,
quiz-ser-estar,ser / estar,Estas copas ___ de cristal.,These glasses are made of crystal.,son,"De cristal says what the glasses are made of, and material uses ser.",ok,
quiz-ser-estar,ser / estar,___ la una y media.,It is half past one.,es,"La una y media gives the time, and clock time uses ser.",ok,
quiz-ser-estar,ser / estar,El examen final ___ el viernes.,The final exam is on Friday.,es,"El viernes gives when the exam happens, and event dates use ser.",ok,
quiz-ser-estar,ser / estar,La estatua ___ de bronce.,The statue is made of bronze.,es,"De bronce says what the statue is made of, and material uses ser.",ok,
quiz-ser-estar,ser / estar,La boda ___ en agosto.,The wedding is in August.,es,"En agosto gives when the wedding happens, and event dates use ser.",ok,
quiz-ser-estar,ser / estar,Esta manta ___ de lana.,This blanket is made of wool.,es,"De lana says what the blanket is made of, and material uses ser.",ok,
quiz-ser-estar,ser / estar,El supermercado ___ a dos calles de aquí.,The supermarket is two streets from here.,está,"A dos calles de aquí says where the supermarket is, and physical location uses estar.",ok,
quiz-ser-estar,ser / estar,Mis gafas ___ encima de la mesa.,My glasses are on the table.,están,"Encima de la mesa says where the glasses are, and physical location uses estar.",ok,
quiz-ser-estar,ser / estar,La boda ___ en un jardín.,The wedding is in a garden.,es,"La boda is an event, and where an event takes place uses ser.",ok,
quiz-ser-estar,ser / estar,El hospital ___ al lado de la farmacia.,The hospital is next to the pharmacy.,está,"Al lado de la farmacia says where the hospital is, and physical location uses estar.",ok,
quiz-ser-estar,ser / estar,La exposición ___ en el centro cultural.,The exhibition is at the cultural centre.,es,"La exposición is an event, and where an event takes place uses ser.",ok,
quiz-ser-estar,ser / estar,Los libros ___ en la estantería.,The books are on the shelf.,están,"En la estantería says where the books are, and physical location uses estar.",ok,
quiz-ser-estar,ser / estar,Yo ___ en la sala de espera.,I am in the waiting room.,estoy,"En la sala de espera says where you are, and physical location uses estar.",ok,
quiz-ser-estar,ser / estar,La ceremonia ___ en la plaza principal.,The ceremony is in the main square.,es,"La ceremonia is an event, and where an event takes place uses ser.",ok,
quiz-ser-estar,ser / estar,El parque ___ detrás del colegio.,The park is behind the school.,está,"Detrás del colegio says where the park is, and physical location uses estar.",ok,
quiz-ser-estar,ser / estar,Nosotros ___ en la última fila.,We are in the last row.,estamos,"En la última fila says where you are, and physical location uses estar.",ok,
quiz-ser-estar,ser / estar,La feria ___ fuera de la ciudad este año.,The fair is outside the city this year.,es,"La feria is an event, and where an event takes place uses ser.",ok,
quiz-ser-estar,ser / estar,Tus llaves ___ dentro del cajón.,Your keys are inside the drawer.,están,"Dentro del cajón says where the keys are, and physical location uses estar.",ok,
quiz-ser-estar,ser / estar,El aeropuerto ___ lejos del centro.,The airport is far from the city centre.,está,"Lejos del centro says where the airport is, and physical location uses estar.",ok,
quiz-ser-estar,ser / estar,La reunión anual ___ en otra ciudad este año.,The annual meeting is in another city this year.,es,"La reunión anual is an event, and where an event takes place uses ser.",ok,
quiz-ser-estar,ser / estar,Los niños ___ en el patio.,The children are in the playground.,están,"En el patio says where the children are, and people's location uses estar.",ok,
quiz-ser-estar,ser / estar,Yo ___ muy cansada hoy.,I am very tired today.,estoy,"Hoy marks muy cansada as how you feel today, a temporary physical state, so estar.",ok,
quiz-ser-estar,ser / estar,La ventana ___ abierta.,The window is open.,está,"Abierta is the window's current condition, so estar.",ok,
quiz-ser-estar,ser / estar,Mi hermano ___ enfadado conmigo.,My brother is angry with me.,está,"Enfadado conmigo is an emotional state, so estar.",ok,
quiz-ser-estar,ser / estar,El agua ___ helada.,The water is freezing cold.,está,"Helada is the water's temperature right now, a temporary condition, so estar.",ok,
quiz-ser-estar,ser / estar,Nosotros ___ preocupados por el examen.,We are worried about the exam.,estamos,"Preocupados is a temporary emotional state, so estar.",ok,
quiz-ser-estar,ser / estar,Las tiendas ___ cerradas los domingos.,The shops are closed on Sundays.,están,"Cerradas is a resulting condition, so estar, even though los domingos makes it regular.",ok,
quiz-ser-estar,ser / estar,Yo ___ emocionada por el viaje.,I am excited about the trip.,estoy,"Emocionada is a temporary emotional state, so estar.",ok,
quiz-ser-estar,ser / estar,El pastel ___ todavía caliente.,The cake is still warm.,está,"Todavía caliente is a temporary condition that will change, so estar.",ok,
quiz-ser-estar,ser / estar,Mis padres ___ de vacaciones esta semana.,My parents are on vacation this week.,están,"De vacaciones is a temporary situation, so estar.",ok,
quiz-ser-estar,ser / estar,"Tú ___ resfriado, ¿verdad?","You have a cold, right?",estás,"Resfriado is a temporary health condition, so estar.",ok,
quiz-ser-estar,ser / estar,La leche ___ a punto de caducar.,The milk is about to expire.,está,"A punto de caducar describes the milk's situation right now, so estar.",ok,
quiz-ser-estar,ser / estar,El equipo ___ nervioso antes del partido.,The team is nervous before the match.,está,"Antes del partido marks nervioso as a temporary emotional state, so estar.",ok,
quiz-ser-estar,ser / estar,Las calles ___ mojadas después de la lluvia.,The streets are wet after the rain.,están,"Después de la lluvia shows mojadas is a result of the rain, so estar.",ok,
quiz-ser-estar,ser / estar,Yo ___ un poco confundida con esta pregunta.,I am a bit confused by this question.,estoy,"Con esta pregunta ties confundida to this moment, a temporary mental state, so estar.",ok,
quiz-ser-estar,ser / estar,El ambiente ___ tenso en la oficina hoy.,The atmosphere is tense in the office today.,está,"Hoy limits tenso to today, a temporary state of the atmosphere, so estar.",ok,
quiz-ser-estar,ser / estar,El trabajo ___ ya terminado.,The work is already finished.,está,"Terminado is the result of finishing the work, a resulting condition, so estar.",ok,
quiz-ser-estar,ser / estar,La puerta ___ rota desde ayer.,The door has been broken since yesterday.,está,"Desde ayer shows rota is the result of something that happened, so estar.",ok,
quiz-ser-estar,ser / estar,"Después de la operación, mi abuelo ___ mucho mejor.","After the surgery, my grandfather is much better.",está,"Después de la operación shows mucho mejor is a changed condition, so estar.",ok,
quiz-ser-estar,ser / estar,El pan ___ duro; llevaba días fuera.,The bread is hard; it had been out for days.,está,"Llevaba días fuera explains why the bread became duro, a resulting condition, so estar.",ok,
quiz-ser-estar,ser / estar,"Desde que empezó a estudiar más, ella ___ mucho más segura en los exámenes.","Since she started studying more, she is much more confident in exams.",está,"Desde que empezó a estudiar más shows más segura is a change over time, so estar.",ok,
quiz-ser-estar,ser / estar,El jarrón ___ roto en pedazos.,The vase is broken into pieces.,está,"Roto en pedazos is the vase's state after breaking, a resulting state, so estar.",ok,
quiz-ser-estar,ser / estar,"Después de tantos cambios, la empresa ___ irreconocible.","After so many changes, the company is unrecognisable.",está,"Después de tantos cambios shows irreconocible is a result of change, so estar.",ok,
quiz-ser-estar,ser / estar,La fruta ___ madura ya.,The fruit is ripe now.,está,"Ya shows madura is a condition the fruit has reached, so estar.",ok,
quiz-ser-estar,ser / estar,El niño ___ más alto que el año pasado.,The boy has gotten taller than last year.,está,"Más alto que el año pasado describes a change you notice, so estar. Es alto would describe his normal height.",ok,
quiz-ser-estar,ser / estar,La habitación ___ ordenada por fin.,The room is tidy at last.,está,"Por fin shows ordenada is a result someone finally achieved, so estar.",ok,
quiz-ser-estar,ser / estar,"Después del susto, todos ___ más tranquilos.","After the scare, everyone is calmer now.",están,"Después del susto shows más tranquilos is a resulting emotional state, so estar.",ok,
quiz-ser-estar,ser / estar,El proyecto ___ casi acabado.,The project is almost finished.,está,"Casi acabado describes how far the project has got, a resulting condition, so estar.",ok,
quiz-ser-estar,ser / estar,Tu español ___ mucho mejor que antes.,Your Spanish is much better than before.,está,"Mucho mejor que antes describes an improvement you notice, so estar.",ok,
quiz-ser-estar,ser / estar,Las plantas ___ secas después de tantos días de calor.,The plants are dry after so many hot days.,están,"Después de tantos días de calor shows secas is a result of the heat, so estar.",ok,
quiz-ser-estar,ser / estar,El coche ___ reparado desde el lunes.,The car has been repaired since Monday.,está,"Desde el lunes shows reparado is the result of a repair, so estar.",ok,
quiz-ser-estar,ser / estar,Ese documental ___ bastante aburrido.,That documentary is quite boring.,es,"Ese documental is the boring thing itself, and ser aburrido describes a boring quality.",ok,
quiz-ser-estar,ser / estar,Yo ___ aburrido en la clase de historia.,I am bored in history class.,estoy,"En la clase de historia shows aburrido is how you feel there, and estar aburrido means feeling bored.",ok,
quiz-ser-estar,ser / estar,Mi tío ___ muy rico.,My uncle is very wealthy.,es,"Muy rico describes a person, and ser rico means to be wealthy. Estar rico is for how food tastes.",ok,
quiz-ser-estar,ser / estar,Esta sopa ___ riquísima.,This soup tastes delicious.,está,"Esta sopa is food, and estar rico describes how food tastes. Ser rico would mean wealthy.",ok,
quiz-ser-estar,ser / estar,Este puente ___ seguro para cruzar.,This bridge is safe to cross.,es,"Seguro para cruzar describes the bridge as safe, a reliable quality, so ser.",ok,
quiz-ser-estar,ser / estar,Yo ___ segura de mi respuesta.,I am sure of my answer.,estoy,"Segura de mi respuesta means feeling certain, and estar seguro means to feel sure.",ok,
quiz-ser-estar,ser / estar,Este plato ___ malo; no lo pruebes.,This dish is bad quality; don't try it.,es,"No lo pruebes warns about the dish, and ser malo describes poor quality. Está malo would mean it has gone off.",ok,
quiz-ser-estar,ser / estar,Mi hijo ___ malo desde ayer.,My son has been sick since yesterday.,está,"Desde ayer shows malo is a recent condition, and estar malo means to feel unwell.",ok,
quiz-ser-estar,ser / estar,Este plátano ___ verde todavía.,This banana is still unripe.,está,"Todavía shows verde is a stage the banana will pass, so estar verde means unripe.",ok,
quiz-ser-estar,ser / estar,Su color favorito ___ verde.,Her favourite colour is green.,es,"Su color favorito is identified as green, an inherent colour, so ser.",ok,
quiz-ser-estar,ser / estar,Mi abuelo ___ muy vivo para su edad.,My grandfather is very lively for his age.,está,"Muy vivo para su edad describes how lively he is now, so estar.",ok,
quiz-ser-estar,ser / estar,Esta ciudad ___ muy viva por las noches.,This city is very lively at night.,es,"Muy viva por las noches describes the city's lively character, so ser.",ok,
quiz-ser-estar,ser / estar,Tú ___ muy despierto para ser tan temprano.,You are very alert for it being so early.,estás,"Tan temprano shows despierto means awake or alert right now, so estar.",ok,
quiz-ser-estar,ser / estar,Mi sobrina ___ muy despierta; aprende rápido.,My niece is very sharp; she learns quickly.,es,"Aprende rápido shows despierta means quick-witted, a personality trait, so ser.",ok,
quiz-ser-estar,ser / estar,Ellos ___ atentos a cada detalle del proyecto.,They are attentive to every detail of the project right now.,están,"Atentos a cada detalle describes their attention on this project now, so estar.",ok,
quiz-preterite-imperfect,ir,Ayer yo ___ al mercado.,Yesterday I went to the market.,fui,"Ayer marks one completed past action, so preterite fui.",ok,
quiz-preterite-imperfect,ir,"De niño, yo ___ al parque cada tarde.","As a child, I used to go to the park every afternoon.",iba,"De niño and cada tarde describe a repeated past habit, so imperfect iba.",ok,
quiz-preterite-imperfect,preparar,Anoche Marta ___ la cena a las ocho.,Last night Marta prepared dinner at eight.,preparó,"Anoche and a las ocho frame one completed event, so preterite preparó.",ok,
quiz-preterite-imperfect,preparar,"Cuando llegaban los primeros clientes, Nuria ___ café en la barra.","As the first customers arrived, Nuria was making coffee at the counter.",preparaba,"Cuando llegaban sets a repeated background scene in the past, so imperfect preparaba. The preterite would make it one finished event.",ok,
quiz-preterite-imperfect,salir,El sábado nosotros ___ temprano.,On Saturday we left early.,salimos,"El sábado points to one completed occasion, so preterite salimos.",ok,
quiz-preterite-imperfect,salir,Normalmente nosotros ___ temprano para la escuela.,Normally we used to leave early for school.,salíamos,"Normalmente signals a repeated past routine, so imperfect salíamos.",ok,
quiz-preterite-imperfect,llegar,"De repente, el tren ___ a la estación.","Suddenly, the train arrived at the station.",llegó,"De repente introduces a sudden completed action, so preterite llegó.",ok,
quiz-preterite-imperfect,llegar,El tren ___ cuando empezó la lluvia.,The train was arriving when the rain started.,llegaba,"Cuando empezó la lluvia interrupts the arrival, which was in progress, so imperfect llegaba.",ok,
quiz-preterite-imperfect,vivir,En 2020 Ana ___ en Sevilla.,In 2020 Ana lived in Seville.,vivió,"En 2020 closes off a bounded period, so preterite vivió presents it as a finished whole.",ok,
quiz-preterite-imperfect,vivir,"Cuando la conocí, Ana ___ en Sevilla.","When I met her, Ana was living in Seville.",vivía,"Cuando la conocí is the event; where Ana lived is background to it, so imperfect vivía.",ok,
quiz-preterite-imperfect,explicar,El profesor ___ la regla y luego dio ejemplos.,The teacher explained the rule and then gave examples.,explicó,"Y luego links a sequence of completed actions, so preterite explicó.",ok,
quiz-preterite-imperfect,explicar,El profesor ___ la regla cuando entró el director.,The teacher was explaining the rule when the principal came in.,explicaba,"Cuando entró el director interrupts the explanation, which was in progress, so imperfect explicaba.",ok,
quiz-preterite-imperfect,ponerse,"Al ver las noticias, Luis ___ nervioso.","When he saw the news, Luis became nervous.",se puso,"Al ver las noticias marks the moment the change happened, so preterite se puso.",ok,
quiz-preterite-imperfect,ponerse,"Cada vez que hablaba en público, Luis ___ nervioso.","Every time he spoke in public, Luis would get nervous.",se ponía,"Cada vez que describes repeated past behaviour, so imperfect se ponía.",ok,
quiz-preterite-imperfect,empezar,La reunión ___ a las diez.,The meeting started at ten.,empezó,"A las diez pins the start to one moment, a completed event, so preterite empezó.",ok,
quiz-preterite-imperfect,empezar,La reunión ya ___ cuando llegué.,The meeting was already starting when I arrived.,empezaba,"Cuando llegué is the event; the meeting starting was already in progress, so imperfect empezaba.",ok,
quiz-preterite-imperfect,escribir,"Ayer, Marta ___ una carta a su amiga.","Yesterday, Marta wrote a letter to her friend.",escribió,"Ayer marks one completed past action, so preterite escribió.",ok,
quiz-preterite-imperfect,comer,Anoche nosotros ___ en aquel restaurante nuevo.,Last night we ate at that new restaurant.,comimos,"Anoche marks one completed event, so preterite comimos.",ok,
quiz-preterite-imperfect,comprar,"El lunes pasado, yo ___ un coche nuevo.","Last Monday, I bought a new car.",compré,"El lunes pasado is a specific past date, so the purchase is a completed event: preterite compré.",ok,
quiz-preterite-imperfect,hacer,Diego ___ toda la tarea anoche.,Diego did all the homework last night.,hizo,"Anoche marks a completed action, and toda la tarea shows it was finished, so preterite hizo.",ok,
quiz-preterite-imperfect,poner,"El sábado, mis padres ___ la mesa para la cena especial.","On Saturday, my parents set the table for the special dinner.",pusieron,"El sábado points to one specific occasion, so preterite pusieron.",ok,
quiz-preterite-imperfect,decir,Ella ___ la verdad por fin.,She finally told the truth.,dijo,"Por fin marks the moment she finally did it, a completed action, so preterite dijo.",ok,
quiz-preterite-imperfect,poder,Nosotros ___ terminar el proyecto a tiempo.,We managed to finish the project on time.,pudimos,"Terminar a tiempo is one successful attempt, and preterite pudimos means managed to.",ok,
quiz-preterite-imperfect,decir,Yo le ___ la noticia esta mañana.,I told him the news this morning.,dije,"Esta mañana marks a specific completed action, so preterite dije.",ok,
quiz-preterite-imperfect,llegar,El tren ___ con dos horas de retraso.,The train arrived two hours late.,llegó,"Con dos horas de retraso describes one specific arrival, a completed event, so preterite llegó.",ok,
quiz-preterite-imperfect,escribir,Yo les ___ un mensaje a mis abuelos el domingo.,I wrote a message to my grandparents on Sunday.,escribí,"El domingo marks one completed action, so preterite escribí.",ok,
quiz-preterite-imperfect,hacer,Los estudiantes ___ el examen sin problemas.,The students did the exam without any problems.,hicieron,"Sin problemas sums up one finished exam, a single completed event, so preterite hicieron.",ok,
quiz-preterite-imperfect,decir,Carla ___ que sí sin dudarlo.,Carla said yes without hesitation.,dijo,"Sin dudarlo describes one answer given at one moment, a single completed statement, so preterite dijo.",ok,
quiz-preterite-imperfect,hablar,Tú ___ muy bien en la entrevista.,You spoke very well in the interview.,hablaste,"En la entrevista refers to one specific past event, so preterite hablaste.",ok,
quiz-preterite-imperfect,decidir,Mi jefe ___ el proyecto la semana pasada.,My boss decided on the project last week.,decidió,"La semana pasada marks when the decision was made, a completed action, so preterite decidió.",ok,
quiz-preterite-imperfect,leer,Yo ___ toda la novela en un fin de semana.,I read the whole novel in one weekend.,leí,"En un fin de semana shows the novel was read from start to finish, so preterite leí.",ok,
quiz-preterite-imperfect,saber,Nosotros ___ la respuesta correcta enseguida.,We found out the correct answer right away.,supimos,"Enseguida marks the moment of finding out, and preterite supimos means found out.",ok,
quiz-preterite-imperfect,vivir,Ana ___ tres años en Londres antes de mudarse.,Ana lived in London for three years before moving.,vivió,"Tres años is a bounded period that ended antes de mudarse, so preterite vivió.",ok,
quiz-preterite-imperfect,explicar,El médico ___ el diagnóstico al paciente.,The doctor explained the diagnosis to the patient.,explicó,"Explaining el diagnóstico is a single completed action, so preterite explicó.",ok,
quiz-preterite-imperfect,dar,Yo ___ mi opinión en la reunión.,I gave my opinion at the meeting.,di,"En la reunión places one specific completed action, so preterite di.",ok,
quiz-preterite-imperfect,llegar,Mis amigos ___ a la fiesta a las nueve.,My friends arrived at the party at nine.,llegaron,"A las nueve marks the moment they arrived, a completed event, so preterite llegaron.",ok,
quiz-preterite-imperfect,preparar,Primero yo ___ la cena y luego llamé a mi hermana.,First I made dinner and then I called my sister.,preparé,"Primero and y luego list completed steps in a sequence, so preterite preparé.",ok,
quiz-preterite-imperfect,escribir,"Luego, Sara ___ su nombre en el registro.","Then, Sara wrote her name in the register.",escribió,"Luego marks the next step in a sequence, so preterite escribió.",ok,
quiz-preterite-imperfect,salir,"Después de desayunar, nosotros ___ al trabajo juntos.","After having breakfast, we left for work together.",salimos,"Después de desayunar marks the next step in a sequence, so preterite salimos.",ok,
quiz-preterite-imperfect,empezar,Entonces el profesor ___ la lección con un ejemplo.,Then the teacher started the lesson with an example.,empezó,"Entonces marks the next step in a sequence, so preterite empezó.",ok,
quiz-preterite-imperfect,decir,"Finalmente, ellos ___ que sí a la propuesta.","Finally, they said yes to the proposal.",dijeron,"Finalmente marks the last step in a sequence, so preterite dijeron.",ok,
quiz-preterite-imperfect,escribir,"Después, yo ___ un correo a mi jefe.","Afterwards, I wrote an email to my boss.",escribí,"Después marks the next step in a sequence, so preterite escribí.",ok,
quiz-preterite-imperfect,preparar,"Luego, el camarero ___ la mesa rápidamente.","Then, the waiter prepared the table quickly.",preparó,"Luego marks the next step in a sequence, so preterite preparó.",ok,
quiz-preterite-imperfect,leer,"Primero, Luis ___ las instrucciones con cuidado.","First, Luis read the instructions carefully.",leyó,"Primero marks the first step in a sequence, so preterite leyó.",ok,
quiz-preterite-imperfect,comprar,"Después de eso, nosotros ___ un café rápido.","After that, we bought a quick coffee.",compramos,"Después de eso marks the next step in a sequence, so preterite compramos.",ok,
quiz-preterite-imperfect,explicar,"Finalmente, el director ___ el nuevo plan al equipo.","Finally, the director explained the new plan to the team.",explicó,"Finalmente marks the last step in a sequence, so preterite explicó.",ok,
quiz-preterite-imperfect,hablar,Primero yo ___ con mi hermana y después con mis padres.,First I talked with my sister and then with my parents.,hablé,"Primero and después list steps in a sequence, so preterite hablé.",ok,
quiz-preterite-imperfect,preparar,"Luego, Ana ___ toda la casa antes de la fiesta.","Then, Ana got the whole house ready before the party.",preparó,"Luego marks the next step, and antes de la fiesta shows it was completed, so preterite preparó.",ok,
quiz-preterite-imperfect,dar,"Después, el camarero nos ___ la cuenta.","Afterwards, the waiter gave us the bill.",dio,"Después marks the next step in a sequence, so preterite dio.",ok,
quiz-preterite-imperfect,decir,"Entonces, ella ___ que necesitaba más tiempo.","Then, she said she needed more time.",dijo,"Entonces marks the next step in a sequence, so preterite dijo.",ok,
quiz-preterite-imperfect,escribir,"Primero, nosotros ___ el correo con cuidado.","First, we wrote the email carefully.",escribimos,"Primero marks the first step in a sequence, so preterite escribimos.",ok,
quiz-preterite-imperfect,llegar,"Luego, mis padres ___ a casa y descansaron.","Then, my parents arrived home and rested.",llegaron,"Luego and y descansaron list completed steps in a sequence, so preterite llegaron.",ok,
quiz-preterite-imperfect,leer,"Antes de firmar, ellos ___ el contrato con calma.","Before signing, they read the contract calmly.",leyeron,"Antes de firmar places this as one step before the next, so preterite leyeron.",ok,
quiz-preterite-imperfect,decir,"Finalmente, yo ___ la verdad a mi amigo.","Finally, I told my friend the truth.",dije,"Finalmente marks the last step in a sequence, so preterite dije.",ok,
quiz-preterite-imperfect,dar,"Después del discurso, el público ___ un fuerte aplauso.","After the speech, the audience gave a big round of applause.",dio,"Después del discurso marks the next step, one completed reaction, so preterite dio.",ok,
quiz-preterite-imperfect,empezar,"De repente, la niña ___ a llorar.","Suddenly, the girl started crying.",empezó,"De repente marks the sudden start of an action, so preterite empezó.",ok,
quiz-preterite-imperfect,empezar,El partido ___ a las cuatro en punto.,The match started at four o'clock sharp.,empezó,"A las cuatro en punto gives an exact starting time, so preterite empezó.",ok,
quiz-preterite-imperfect,ponerse,"Cuando oyó la noticia, Marta ___ muy contenta.","When she heard the news, Marta became very happy.",se puso,"Cuando oyó la noticia marks the moment of a change of state, so preterite se puso.",ok,
quiz-preterite-imperfect,decidir,"Al final del año, ellos ___ trasladarse a otra ciudad.","At the end of the year, they decided to move to another city.",decidieron,"Al final del año marks when one decision was taken, so preterite decidieron.",ok,
quiz-preterite-imperfect,ponerse,"Tras el accidente, Luis ___ mucho más cuidadoso.","After the accident, Luis became much more careful.",se puso,"Tras el accidente marks the point where his behaviour changed, so preterite se puso.",ok,
quiz-preterite-imperfect,empezar,Yo ___ a trabajar aquí en enero.,I started working here in January.,empecé,"En enero gives a specific starting point, so preterite empecé.",ok,
quiz-preterite-imperfect,saber,"En ese momento, nosotros ___ que el plan no iba a funcionar.","At that moment, we found out the plan wasn't going to work.",supimos,"En ese momento marks the moment of finding out, and preterite supimos means found out.",ok,
quiz-preterite-imperfect,ponerse,"Después de la charla, los estudiantes ___ muy motivados.","After the talk, the students became very motivated.",se pusieron,"Después de la charla marks the point of a change of state, so preterite se pusieron.",ok,
quiz-preterite-imperfect,empezar,La tormenta ___ de repente por la tarde.,The storm started suddenly in the afternoon.,empezó,"De repente marks a sudden starting point, so preterite empezó.",ok,
quiz-preterite-imperfect,ponerse,"Cuando vio el examen, él ___ pálido.","When he saw the exam, he turned pale.",se puso,"Cuando vio el examen marks the moment of a sudden change, so preterite se puso.",ok,
quiz-preterite-imperfect,empezar,El curso ___ el mes pasado.,The course started last month.,empezó,"El mes pasado gives a specific starting date, so preterite empezó.",ok,
quiz-preterite-imperfect,decidir,Nosotros ___ hacer las maletas la noche antes.,We decided to pack the night before.,decidimos,"La noche antes places one specific decision, so preterite decidimos.",ok,
quiz-preterite-imperfect,empezar,"Tan pronto como llegó la carta, ella ___ a llorar de alegría.","As soon as the letter arrived, she started crying with joy.",empezó,"Tan pronto como marks the precise moment she started, so preterite empezó.",ok,
quiz-preterite-imperfect,decidir,"Después de años dudando, mi padre ___ cambiar de trabajo.","After years of hesitating, my father decided to change jobs.",decidió,"Después de años dudando leads to one turning-point decision, so preterite decidió.",ok,
quiz-preterite-imperfect,ponerse,"Cuando sonó la alarma, todos ___ nerviosos.","When the alarm went off, everyone got nervous.",se pusieron,"Cuando sonó la alarma marks the moment of a sudden change of state, so preterite se pusieron.",ok,
quiz-preterite-imperfect,empezar,La construcción ___ hace dos años.,The construction started two years ago.,empezó,"Hace dos años gives a specific starting point, so preterite empezó.",ok,
quiz-preterite-imperfect,empezar,"Al oír el ruido, el perro ___ a ladrar.","Upon hearing the noise, the dog started barking.",empezó,"Al oír el ruido is the trigger, and the barking starts at that moment, so preterite empezó.",ok,
quiz-preterite-imperfect,decidir,"En esa reunión, ellos ___ cambiar toda la estrategia.","In that meeting, they decided to change the whole strategy.",decidieron,"En esa reunión places one specific decision, so preterite decidieron.",ok,
quiz-preterite-imperfect,ponerse,"Al saber la verdad, Carla ___ muy seria.","On learning the truth, Carla became very serious.",se puso,"Al saber la verdad marks the moment of a change of state, so preterite se puso.",ok,
quiz-preterite-imperfect,comer,"De niño, yo ___ mucho pan con mantequilla.","As a child, I used to eat a lot of bread with butter.",comía,"De niño signals a repeated past habit, so imperfect comía.",ok,
quiz-preterite-imperfect,escribir,"Todos los veranos, mis abuelos nos ___ muchas cartas.","Every summer, my grandparents used to write us many letters.",escribían,"Todos los veranos signals a repeated habit, so imperfect escribían.",ok,
quiz-preterite-imperfect,comprar,"Antes, nosotros ___ en aquella tienda pequeña.","Before, we used to shop at that small store.",comprábamos,"Antes signals a past habit that no longer happens, so imperfect comprábamos.",ok,
quiz-preterite-imperfect,estudiar,"Cuando era estudiante, Marta ___ todas las noches hasta tarde.","When she was a student, Marta used to study every night until late.",estudiaba,"Cuando era estudiante and todas las noches frame a repeated habit, so imperfect estudiaba.",ok,
quiz-preterite-imperfect,decir,"Siempre, mi padre nos ___ la misma historia antes de dormir.",My father always used to tell us the same story before bed.,decía,"Siempre and antes de dormir signal a repeated habit, so imperfect decía.",ok,
quiz-preterite-imperfect,hablar,"Cada domingo, nosotros ___ con mis abuelos por teléfono.","Every Sunday, we used to talk with my grandparents on the phone.",hablábamos,"Cada domingo signals a repeated habit, so imperfect hablábamos.",ok,
quiz-preterite-imperfect,trabajar,"En aquella época, yo ___ muy poco.","At that time, I used to work very little.",trabajaba,"En aquella época signals an ongoing past situation, so imperfect trabajaba.",ok,
quiz-preterite-imperfect,leer,"De pequeños, nosotros ___ libros de aventuras todo el verano.","As kids, we used to read adventure books all summer.",leíamos,"De pequeños and todo el verano signal a repeated habit, so imperfect leíamos.",ok,
quiz-preterite-imperfect,tener,"A menudo, los vecinos ___ quejas sobre el ruido.",The neighbours often had complaints about the noise.,tenían,"A menudo signals something that happened again and again, so imperfect tenían.",ok,
quiz-preterite-imperfect,hacer,"Cuando vivíamos en el pueblo, mi madre ___ el pan en casa.","When we lived in the village, my mother used to make bread at home.",hacía,"Cuando vivíamos en el pueblo frames a repeated past routine, so imperfect hacía.",ok,
quiz-preterite-imperfect,decir,"Normalmente, yo le ___ la verdad a todo el mundo.","Normally, I used to tell everyone the truth.",decía,"Normalmente signals a repeated habit, so imperfect decía.",ok,
quiz-preterite-imperfect,preparar,"Cada verano, mis padres ___ la casa de la playa.","Every summer, my parents used to get the beach house ready.",preparaban,"Cada verano signals a repeated habit, so imperfect preparaban.",ok,
quiz-preterite-imperfect,hablar,"De adolescente, tú ___ muchísimo con tus amigos.","As a teenager, you used to talk a lot with your friends.",hablabas,"De adolescente signals a habit from that stage of life, so imperfect hablabas.",ok,
quiz-preterite-imperfect,comprar,"Habitualmente, ellos ___ café en la misma cafetería.",They habitually used to buy coffee at the same café.,compraban,"Habitualmente signals a repeated habit, so imperfect compraban.",ok,
quiz-preterite-imperfect,poner,"En esos años, mi abuelo ___ la radio todas las tardes.","In those years, my grandfather used to put the radio on every afternoon.",ponía,"En esos años and todas las tardes describe a repeated routine, so imperfect ponía.",ok,
quiz-preterite-imperfect,escribir,"Cuando éramos niños, nosotros ___ cartas a nuestros primos todos los veranos.","When we were children, we used to write letters to our cousins every summer.",escribíamos,"Cuando éramos niños and todos los veranos describe a childhood habit, so imperfect escribíamos.",ok,
quiz-preterite-imperfect,dar,"Frecuentemente, el jefe nos ___ instrucciones muy detalladas.",The boss would frequently give us very detailed instructions.,daba,"Frecuentemente signals a repeated habit, so imperfect daba.",ok,
quiz-preterite-imperfect,preparar,"Cada mañana, mi madre ___ el desayuno para todos.","Every morning, my mother used to prepare breakfast for everyone.",preparaba,"Cada mañana signals a repeated habit, so imperfect preparaba.",ok,
quiz-preterite-imperfect,poder,"De joven, ella ___ resolver cualquier problema sola.","As a young woman, she could handle any problem on her own.",podía,"De joven describes a general ability she had at that stage of life, so imperfect podía.",ok,
quiz-preterite-imperfect,hacer,"Todos los años, la empresa ___ una fiesta de fin de año.","Every year, the company used to hold an end-of-year party.",hacía,"Todos los años signals a repeated habit, so imperfect hacía.",ok,
quiz-preterite-imperfect,trabajar,"A esa hora, yo todavía ___ en la oficina.","At that hour, I was still working at the office.",trabajaba,"A esa hora and todavía show an action in progress at that time, so imperfect trabajaba.",ok,
quiz-preterite-imperfect,preparar,"En aquel momento, nosotros ___ un plan para el fin de semana.","At that moment, we were preparing a plan for the weekend.",preparábamos,"En aquel momento frames an action in progress, so imperfect preparábamos.",ok,
quiz-preterite-imperfect,leer,"Aquella tarde, los niños ___ tranquilamente en el jardín.","That afternoon, the children were reading quietly in the garden.",leían,"Aquella tarde sets the scene with a background action in progress, so imperfect leían.",ok,
quiz-preterite-imperfect,escribir,"Mientras tanto, Ana ___ un correo importante.","Meanwhile, Ana was writing an important email.",escribía,"Mientras tanto frames a background action happening at the same time, so imperfect escribía.",ok,
quiz-preterite-imperfect,saber,"A esa edad, yo no ___ nada sobre política.","At that age, I didn't know anything about politics.",sabía,"A esa edad describes a background mental state, not an event, so imperfect sabía.",ok,
quiz-preterite-imperfect,tener,"En esos días, mi hermano ___ un trabajo nuevo.","In those days, my brother had a new job.",tenía,"En esos días describes a background situation, so imperfect tenía.",ok,
quiz-preterite-imperfect,tener,"Aquel verano, nosotros ___ mucho tiempo libre.","That summer, we had a lot of free time.",teníamos,"Aquel verano describes a background situation, so imperfect teníamos.",ok,
quiz-preterite-imperfect,trabajar,"Por aquel entonces, ella ___ en una empresa pequeña.","Back then, she was working at a small company.",trabajaba,"Por aquel entonces frames a background situation, so imperfect trabajaba.",ok,
quiz-preterite-imperfect,hacer,Esa mañana ___ mucho frío.,That morning it was very cold.,hacía,"Esa mañana sets the scene with the weather, a background description, so imperfect hacía.",ok,
quiz-preterite-imperfect,hacer,"En aquella casa, los vecinos ___ mucho ruido a esa hora.","In that house, the neighbours used to make a lot of noise at that hour.",hacían,"A esa hora describes what usually went on in that house, a background situation, so imperfect hacían.",ok,
quiz-preterite-imperfect,tener,"Aquel día, yo ___ un poco de fiebre.","That day, I had a slight fever.",tenía,"Aquel día describes how you were, a background physical state, so imperfect tenía.",ok,
quiz-preterite-imperfect,tener,"En aquella época, el equipo ___ un entrenador muy exigente.","At that time, the team had a very demanding coach.",tenía,"En aquella época describes a background situation, so imperfect tenía.",ok,
quiz-preterite-imperfect,preparar,"A esa hora, nosotros todavía ___ la cena.","At that hour, we were still preparing dinner.",preparábamos,"A esa hora and todavía show an action in progress at that time, so imperfect preparábamos.",ok,
quiz-preterite-imperfect,hablar,"Aquel invierno, mis padres ___ de vender la casa.","That winter, my parents were talking about selling the house.",hablaban,"Aquel invierno frames an ongoing topic of conversation, so imperfect hablaban.",ok,
quiz-preterite-imperfect,tener,"En aquellos años, yo ___ muy poco dinero.","In those years, I had very little money.",tenía,"En aquellos años describes a background situation, so imperfect tenía.",ok,
quiz-preterite-imperfect,tener,"Por entonces, la ciudad no ___ tanto tráfico como ahora.","Back then, the city didn't have as much traffic as now.",tenía,"Tanto tráfico como ahora compares how the city used to be, a background description, so imperfect tenía.",ok,
quiz-preterite-imperfect,hacer,"Esa noche, afuera ___ mucho viento.","That night, it was very windy outside.",hacía,"Esa noche sets the scene with the weather, a background description, so imperfect hacía.",ok,
quiz-preterite-imperfect,dar,"En aquel restaurante, los camareros ___ muy buen servicio.","At that restaurant, the waiters used to give very good service.",daban,"En aquel restaurante describes what the service was like in general, so imperfect daban.",ok,
quiz-preterite-imperfect,dar,"Mientras tanto, mi jefe ___ instrucciones por teléfono.","Meanwhile, my boss was giving instructions over the phone.",daba,"Mientras tanto frames a background action happening at the same time, so imperfect daba.",ok,
quiz-preterite-imperfect,tener,"En aquella foto, mi madre ___ solo veinte años.","In that photo, my mother was only twenty years old.",tenía,"En aquella foto describes her age at the time, and past age uses imperfect tenía.",ok,
quiz-preterite-imperfect,tener,"Cuando lo conocí, él ___ barba y el pelo largo.","When I met him, he had a beard and long hair.",tenía,"Cuando lo conocí is the event; his appearance is background description, so imperfect tenía.",ok,
quiz-preterite-imperfect,hacer,Aquella tarde ___ un día precioso.,That afternoon it was a beautiful day.,hacía,"Aquella tarde sets the scene with the weather, so imperfect hacía.",ok,
quiz-preterite-imperfect,hacer,Esa mañana ___ mucho sol.,That morning it was very sunny.,hacía,"Esa mañana sets the scene with the weather, so imperfect hacía.",ok,
quiz-preterite-imperfect,saber,"De joven, mi abuelo ___ mucho de historia.","As a young man, my grandfather knew a lot about history.",sabía,"De joven describes knowledge he had at that stage of life, so imperfect sabía.",ok,
quiz-preterite-imperfect,saber,Mi tía ___ tocar el piano de oído.,My aunt knew how to play the piano by ear.,sabía,"Tocar el piano de oído is a skill she had, a background description, so imperfect sabía.",ok,
quiz-preterite-imperfect,poder,"De niño, yo ___ correr muy rápido.","As a child, I could run very fast.",podía,"De niño describes a general past ability, so imperfect podía.",ok,
quiz-preterite-imperfect,poder,Mi padre ___ levantar mucho peso cuando era joven.,My father could lift a lot of weight when he was young.,podía,"Cuando era joven describes a general past ability, so imperfect podía.",ok,
quiz-preterite-imperfect,poder,"En aquella empresa, los empleados ___ trabajar desde casa dos días a la semana.","At that company, employees could work from home two days a week.",podían,"Dos días a la semana describes a general arrangement, so imperfect podían.",ok,
quiz-preterite-imperfect,querer,"De pequeño, yo siempre ___ ser piloto.","As a little kid, I always wanted to be a pilot.",quería,"De pequeño and siempre describe a lasting childhood wish, so imperfect quería.",ok,
quiz-preterite-imperfect,querer,Mi hermana ___ ayudar a los demás siempre.,My sister always wanted to help others.,quería,"Siempre describes a lasting trait or wish, so imperfect quería.",ok,
quiz-preterite-imperfect,tener,"Antes de la operación, mi abuelo ___ mucho miedo.","Before the surgery, my grandfather was very afraid.",tenía,"Antes de la operación describes how he felt, a background emotional state, so imperfect tenía.",ok,
quiz-preterite-imperfect,tener,"Antes de mudarnos, nuestro piso ___ muy poca luz natural.","Before we moved, our flat had very little natural light.",tenía,"Antes de mudarnos describes what the flat was like, a background description, so imperfect tenía.",ok,
quiz-preterite-imperfect,dar,"Por las tardes, el sol ___ directamente en la ventana.","In the afternoons, the sun used to shine directly into the window.",daba,"Por las tardes describes something that happened every afternoon, so imperfect daba.",ok,
quiz-preterite-imperfect,tener,"En aquel momento, la habitación ___ un olor extraño.","At that moment, the room had a strange smell.",tenía,"En aquel momento describes what the room was like, a background description, so imperfect tenía.",ok,
quiz-preterite-imperfect,tener,"Cuando era joven, mi abuela ___ una voz preciosa.","When she was young, my grandmother had a beautiful voice.",tenía,"Cuando era joven describes a quality she had, a background description, so imperfect tenía.",ok,
quiz-preterite-imperfect,tener,"Ese día, el examen ___ cinco preguntas muy difíciles.","That day, the exam had five very difficult questions.",tenía,"Ese día describes what the exam was like, a background description, so imperfect tenía.",ok,
quiz-preterite-imperfect,tener,"Cuando yo tenía diez años, mi familia ___ un perro enorme.","When I was ten, my family had a huge dog.",tenía,"Cuando yo tenía diez años sets the time frame for a background description, so imperfect tenía.",ok,
quiz-preterite-imperfect,tener,"Esa tarde, el parque ___ mucha gente paseando.","That afternoon, the park had a lot of people strolling around.",tenía,"Esa tarde describes the scene in the park, a background description, so imperfect tenía.",ok,
quiz-preterite-imperfect,preparar,"Mientras yo ___ la cena, se apagó la luz.","While I was preparing dinner, the light went out.",preparaba,"Mientras sets an ongoing background action, and se apagó la luz interrupts it, so imperfect preparaba.",ok,
quiz-preterite-imperfect,escribir,Yo ___ cuando sonó el teléfono.,I was writing when the phone rang.,escribía,"Cuando sonó el teléfono interrupts an ongoing action, so imperfect escribía.",ok,
quiz-preterite-imperfect,comer,Nosotros ___ cuando empezó a llover.,We were eating when it started to rain.,comíamos,"Cuando empezó a llover interrupts an ongoing action, so imperfect comíamos.",ok,
quiz-preterite-imperfect,explicar,"Mientras el profesor ___ el examen, un alumno llegó tarde.","While the teacher was explaining the exam, a student arrived late.",explicaba,"Mientras sets an ongoing action, and un alumno llegó tarde interrupts it, so imperfect explicaba.",ok,
quiz-preterite-imperfect,trabajar,Ana ___ cuando se cortó la luz.,Ana was working when the power went out.,trabajaba,"Cuando se cortó la luz interrupts an ongoing action, so imperfect trabajaba.",ok,
quiz-preterite-imperfect,hablar,"Mientras nosotros ___ del problema, llegó la solución por correo.","While we were talking about the problem, the solution arrived by email.",hablábamos,"Mientras sets an ongoing action, and llegó la solución interrupts it, so imperfect hablábamos.",ok,
quiz-preterite-imperfect,leer,Los niños ___ cuando su madre los llamó.,The children were reading when their mother called them.,leían,"Cuando su madre los llamó interrupts an ongoing action, so imperfect leían.",ok,
quiz-preterite-imperfect,decir,"Mientras yo le ___ la verdad, él empezó a llorar.","While I was telling him the truth, he started to cry.",decía,"Mientras sets an ongoing action, and él empezó a llorar happens during it, so imperfect decía.",ok,
quiz-preterite-imperfect,estudiar,Tú ___ cuando te llamé por primera vez.,You were studying when I called you for the first time.,estudiabas,"Cuando te llamé interrupts an ongoing action, so imperfect estudiabas.",ok,
quiz-preterite-imperfect,preparar,"Mientras el camarero ___ la mesa, se rompió un vaso.","While the waiter was setting the table, a glass broke.",preparaba,"Mientras sets an ongoing action, and se rompió un vaso interrupts it, so imperfect preparaba.",ok,
quiz-preterite-imperfect,trabajar,Nosotros ___ cuando empezó el incendio.,We were working when the fire started.,trabajábamos,"Cuando empezó el incendio interrupts an ongoing action, so imperfect trabajábamos.",ok,
quiz-preterite-imperfect,escribir,Yo le ___ el mensaje cuando se cortó internet.,I was writing him the message when the internet cut out.,escribía,"Cuando se cortó internet interrupts an ongoing action, so imperfect escribía.",ok,
quiz-preterite-imperfect,trabajar,"Mientras Carla ___ en el jardín, empezó a nevar.","While Carla was working in the garden, it started to snow.",trabajaba,"Mientras sets an ongoing action, and empezó a nevar happens during it, so imperfect trabajaba.",ok,
quiz-preterite-imperfect,hablar,El público ___ cuando se apagaron las luces del teatro.,The audience was talking when the theatre lights went out.,hablaba,"Cuando se apagaron las luces interrupts an ongoing action, so imperfect hablaba.",ok,
quiz-preterite-imperfect,preparar,"Mientras mis padres ___ la cena, yo puse la mesa.","While my parents were preparing dinner, I set the table.",preparaban,"Mientras sets an ongoing action, and yo puse la mesa happens during it, so imperfect preparaban.",ok,
quiz-preterite-imperfect,trabajar,Yo ___ cuando por fin llegó la noticia.,I was working when the news finally arrived.,trabajaba,"Cuando por fin llegó la noticia interrupts an ongoing action, so imperfect trabajaba.",ok,
quiz-preterite-imperfect,leer,"Mientras el director ___ el discurso, se fue la luz.","While the director was reading the speech, the power went out.",leía,"Mientras sets an ongoing action, and se fue la luz interrupts it, so imperfect leía.",ok,
quiz-preterite-imperfect,estudiar,Los estudiantes ___ cuando sonó la alarma de incendios.,The students were studying when the fire alarm went off.,estudiaban,"Cuando sonó la alarma interrupts an ongoing action, so imperfect estudiaban.",ok,
quiz-por-para,por / para,Voy a estudiar ___ dos horas esta tarde.,I am going to study for two hours this afternoon.,por,A length of time uses por.,ok,
quiz-por-para,por / para,Ella trabajó ___ seis meses en esa empresa.,She worked for six months at that company.,por,A length of time uses por.,ok,
quiz-por-para,por / para,Vivimos en Chile ___ tres años.,We lived in Chile for three years.,por,A length of time uses por.,ok,
quiz-por-para,por / para,Practicaré español ___ media hora cada día.,I will practise Spanish for half an hour every day.,por,A length of time uses por.,ok,
quiz-por-para,por / para,El bebé durmió ___ diez horas anoche.,The baby slept for ten hours last night.,por,A length of time uses por.,ok,
quiz-por-para,por / para,Estuvimos en la playa ___ todo el día.,We were at the beach for the whole day.,por,A length of time uses por.,ok,
quiz-por-para,por / para,Van a viajar ___ dos semanas.,They are going to travel for two weeks.,por,A length of time uses por.,ok,
quiz-por-para,por / para,Esperamos ___ veinte minutos en la parada.,We waited for twenty minutes at the stop.,por,A length of time uses por.,ok,
quiz-por-para,por / para,Trabajó ___ muchos años como enfermera.,She worked for many years as a nurse.,por,A length of time uses por.,ok,
quiz-por-para,por / para,Caminamos ___ una hora antes de cenar.,We walked for an hour before dinner.,por,A length of time uses por.,ok,
quiz-por-para,por / para,Cancelaron el partido ___ la lluvia.,They cancelled the match because of the rain.,por,The cause of something uses por.,ok,
quiz-por-para,por / para,Llegué tarde ___ el tráfico.,I arrived late because of the traffic.,por,The cause of something uses por.,ok,
quiz-por-para,por / para,"Lo hago ___ amor, no por dinero.","I do it out of love, not for money.",por,The motive behind an action uses por.,ok,
quiz-por-para,por / para,Se disculpó ___ su error.,He apologised for his mistake.,por,The reason for an apology uses por.,ok,
quiz-por-para,por / para,Está preocupada ___ los exámenes.,She is worried about the exams.,por,The cause of worry uses por.,ok,
quiz-por-para,por / para,Perdimos el vuelo ___ el retraso del taxi.,We missed the flight because of the taxi's delay.,por,The cause of something uses por.,ok,
quiz-por-para,por / para,Ganó el premio ___ su esfuerzo.,She won the prize because of her effort.,por,The reason behind a result uses por.,ok,
quiz-por-para,por / para,No pudimos salir ___ el mal tiempo.,We couldn't go out because of the bad weather.,por,The cause of something uses por.,ok,
quiz-por-para,por / para,Te doy las gracias ___ tu ayuda.,I thank you for your help.,por,The reason for gratitude uses por.,ok,
quiz-por-para,por / para,Ella lloró ___ la triste noticia.,She cried because of the sad news.,por,The cause of an emotion uses por.,ok,
quiz-por-para,por / para,El puente se cerró ___ las obras.,The bridge was closed because of the construction work.,por,The cause of something uses por.,ok,
quiz-por-para,por / para,Nos preocupamos ___ su salud.,We worry about his health.,por,The cause of worry uses por.,ok,
quiz-por-para,por / para,Se enfermó ___ comer tanto.,He got sick from eating so much.,por,The cause of a result uses por.,ok,
quiz-por-para,por / para,Todos aplaudieron ___ su valentía.,Everyone applauded because of her bravery.,por,The reason behind a reaction uses por.,ok,
quiz-por-para,por / para,Renunció al trabajo ___ el estrés.,She quit the job because of the stress.,por,The cause of a decision uses por.,ok,
quiz-por-para,por / para,Compré esta bicicleta ___ cien euros.,I bought this bike for one hundred euros.,por,A price paid in exchange uses por.,ok,
quiz-por-para,por / para,Cambié mi coche viejo ___ uno nuevo.,I traded my old car for a new one.,por,An exchange of one thing for another uses por.,ok,
quiz-por-para,por / para,Pagó treinta dólares ___ el libro.,She paid thirty dollars for the book.,por,A price paid uses por.,ok,
quiz-por-para,por / para,Vendí mi guitarra ___ ciento cincuenta euros.,I sold my guitar for one hundred fifty euros.,por,A price received uses por.,ok,
quiz-por-para,por / para,Te doy mi entrada ___ la tuya.,I'll give you my ticket for yours.,por,A trade of one thing for another uses por.,ok,
quiz-por-para,por / para,Compramos la casa ___ un buen precio.,We bought the house for a good price.,por,A price paid uses por.,ok,
quiz-por-para,por / para,Pagué diez euros ___ el taxi.,I paid ten euros for the taxi.,por,A price paid uses por.,ok,
quiz-por-para,por / para,Cambiamos euros ___ dólares en el banco.,We exchanged euros for dollars at the bank.,por,A currency exchange uses por.,ok,
quiz-por-para,por / para,Ofreció cincuenta euros ___ el cuadro.,He offered fifty euros for the painting.,por,A price offered uses por.,ok,
quiz-por-para,por / para,Compré este vestido ___ muy poco dinero.,I bought this dress for very little money.,por,A price paid uses por.,ok,
quiz-por-para,por / para,Te llamo ___ teléfono esta noche.,I'll call you by phone tonight.,por,A means of communication uses por.,ok,
quiz-por-para,por / para,Mandaron el paquete ___ correo.,They sent the package by mail.,por,A means of sending something uses por.,ok,
quiz-por-para,por / para,Viajamos ___ avión hasta Madrid.,We travelled by plane to Madrid.,por,A means of transport uses por.,ok,
quiz-por-para,por / para,Nos comunicamos ___ videollamada.,We communicate by video call.,por,A means of communication uses por.,ok,
quiz-por-para,por / para,Envié el documento ___ correo electrónico.,I sent the document by email.,por,A means of sending something uses por.,ok,
quiz-por-para,por / para,Hablamos ___ Skype la semana pasada.,We spoke over Skype last week.,por,A means of communication uses por.,ok,
quiz-por-para,por / para,Vinieron ___ barco desde Argentina.,They came by boat from Argentina.,por,A means of transport uses por.,ok,
quiz-por-para,por / para,Se enteraron de la noticia ___ la radio.,They found out about the news through the radio.,por,A means through which information travels uses por.,ok,
quiz-por-para,por / para,Reservamos el hotel ___ internet.,We booked the hotel through the internet.,por,A means used to do something uses por.,ok,
quiz-por-para,por / para,Nos avisaron ___ mensaje de texto.,They notified us by text message.,por,A means of communication uses por.,ok,
quiz-por-para,por / para,Caminamos ___ el parque esta mañana.,We walked through the park this morning.,por,Movement through a place uses por.,ok,
quiz-por-para,por / para,El río pasa ___ el centro de la ciudad.,The river runs through the centre of the city.,por,Movement through a place uses por.,ok,
quiz-por-para,por / para,Fuimos ___ la autopista para llegar más rápido.,We went by the highway to arrive faster.,por,A route travelled uses por.,ok,
quiz-por-para,por / para,Paseamos ___ la playa al atardecer.,We strolled along the beach at sunset.,por,Movement along a place uses por.,ok,
quiz-por-para,por / para,Entramos ___ la puerta principal.,We came in through the main door.,por,Movement through a place uses por.,ok,
quiz-por-para,por / para,El ladrón escapó ___ la ventana.,The thief escaped through the window.,por,Movement through a place uses por.,ok,
quiz-por-para,por / para,"Subimos ___ las escaleras, no por el ascensor.","We went up by the stairs, not the elevator.",por,A route or means used uses por.,ok,
quiz-por-para,por / para,Conducimos ___ las montañas todo el fin de semana.,We drove through the mountains all weekend.,por,Movement through a place uses por.,ok,
quiz-por-para,por / para,Pasamos ___ tu casa antes de la fiesta.,We'll swing by your house before the party.,por,Movement past or through a place uses por.,ok,
quiz-por-para,por / para,Los turistas caminan ___ las calles antiguas.,The tourists walk through the old streets.,por,Movement through a place uses por.,ok,
quiz-por-para,por / para,Firmé el documento ___ mi jefe porque estaba de viaje.,I signed the document on behalf of my boss because he was travelling.,por,Acting in someone else's place uses por.,ok,
quiz-por-para,por / para,Trabajé ___ mi compañera porque ella estaba enferma.,I worked in place of my colleague because she was sick.,por,Substituting for someone uses por.,ok,
quiz-por-para,por / para,Hablé ___ todo el equipo en la reunión.,I spoke on behalf of the whole team at the meeting.,por,Speaking on someone's behalf uses por.,ok,
quiz-por-para,por / para,Ella respondió ___ su hermano menor.,She answered on behalf of her younger brother.,por,Acting on someone's behalf uses por.,ok,
quiz-por-para,por / para,El abogado habló ___ su cliente.,The lawyer spoke on behalf of his client.,por,Speaking on someone's behalf uses por.,ok,
quiz-por-para,por / para,Voté ___ mi madre porque no pudo ir.,I voted on behalf of my mother because she couldn't go.,por,Acting in someone's place uses por.,ok,
quiz-por-para,por / para,Terminé el informe ___ ti anoche.,I finished the report for you (in your place) last night.,por,Doing something instead of someone uses por.,ok,
quiz-por-para,por / para,Ana cocinó ___ su madre ese día.,Ana cooked in place of her mother that day.,por,Substituting for someone uses por.,ok,
quiz-por-para,por / para,Pagué la cuenta ___ mis amigos.,I paid the bill on behalf of my friends.,por,Acting on someone's behalf uses por.,ok,
quiz-por-para,por / para,El asistente respondió el correo ___ el director.,The assistant answered the email on behalf of the director.,por,Acting in someone's place uses por.,ok,
quiz-por-para,por / para,Vamos al gimnasio tres veces ___ semana.,We go to the gym three times a week.,por,A rate or frequency uses por.,ok,
quiz-por-para,por / para,El médico me visita dos veces ___ mes.,The doctor visits me twice a month.,por,A rate or frequency uses por.,ok,
quiz-por-para,por / para,El coche corre a cien kilómetros ___ hora.,The car goes one hundred kilometres per hour.,por,A rate uses por.,ok,
quiz-por-para,por / para,Cobra veinte euros ___ hora de clase.,He charges twenty euros per hour of class.,por,A rate uses por.,ok,
quiz-por-para,por / para,Comemos pescado una vez ___ semana.,We eat fish once a week.,por,A rate or frequency uses por.,ok,
quiz-por-para,por / para,La novela fue escrita ___ un autor famoso.,The novel was written by a famous author.,por,The agent of a passive verb uses por.,ok,
quiz-por-para,por / para,El puente fue construido ___ ingenieros españoles.,The bridge was built by Spanish engineers.,por,The agent of a passive verb uses por.,ok,
quiz-por-para,por / para,La ciudad fue fundada ___ los romanos.,The city was founded by the Romans.,por,The agent of a passive verb uses por.,ok,
quiz-por-para,por / para,El cuadro fue pintado ___ Picasso.,The painting was painted by Picasso.,por,The agent of a passive verb uses por.,ok,
quiz-por-para,por / para,La empresa fue creada ___ dos hermanos.,The company was created by two brothers.,por,The agent of a passive verb uses por.,ok,
quiz-por-para,por / para,Estudio español ___ viajar a México.,I study Spanish (in order) to travel to Mexico.,para,The purpose of an action uses para.,ok,
quiz-por-para,por / para,Ahorro dinero ___ comprar una casa.,I'm saving money (in order) to buy a house.,para,The goal of an action uses para.,ok,
quiz-por-para,por / para,Trabaja mucho ___ mantener a su familia.,He works hard to support his family.,para,The purpose of an action uses para.,ok,
quiz-por-para,por / para,Uso gafas ___ leer mejor.,I wear glasses to read better.,para,The purpose of using something uses para.,ok,
quiz-por-para,por / para,Necesito una llave ___ abrir la puerta.,I need a key to open the door.,para,The purpose of an object uses para.,ok,
quiz-por-para,por / para,Practicamos cada día ___ mejorar.,We practise every day to improve.,para,The goal of an action uses para.,ok,
quiz-por-para,por / para,Compré harina ___ hacer pan.,I bought flour to make bread.,para,The purpose of buying something uses para.,ok,
quiz-por-para,por / para,Llamé ___ pedir información.,I called to ask for information.,para,The purpose of an action uses para.,ok,
quiz-por-para,por / para,Fuimos al mercado ___ comprar frutas.,We went to the market to buy fruit.,para,The purpose of an action uses para.,ok,
quiz-por-para,por / para,Estudia de noche ___ aprobar el examen.,She studies at night to pass the exam.,para,The goal of an action uses para.,ok,
quiz-por-para,por / para,Necesitamos más tiempo ___ terminar el proyecto.,We need more time to finish the project.,para,The purpose of something needed uses para.,ok,
quiz-por-para,por / para,Usamos un mapa ___ no perdernos.,We used a map so as not to get lost.,para,The purpose of using something uses para.,ok,
quiz-por-para,por / para,Ella corre todos los días ___ mantenerse en forma.,She runs every day to stay in shape.,para,The goal of an action uses para.,ok,
quiz-por-para,por / para,Escribí una carta ___ explicar la situación.,I wrote a letter to explain the situation.,para,The purpose of an action uses para.,ok,
quiz-por-para,por / para,Compramos entradas ___ ver la película.,We bought tickets to see the movie.,para,The purpose of an action uses para.,ok,
quiz-por-para,por / para,Este regalo es ___ ti.,This gift is for you.,para,The recipient of something uses para.,ok,
quiz-por-para,por / para,Compré flores ___ mi madre.,I bought flowers for my mother.,para,The recipient of something uses para.,ok,
quiz-por-para,por / para,Hice una tarta ___ los invitados.,I made a cake for the guests.,para,The recipient of something uses para.,ok,
quiz-por-para,por / para,Traje un café ___ mi jefe.,I brought a coffee for my boss.,para,The recipient of something uses para.,ok,
quiz-por-para,por / para,Guardé un trozo de pastel ___ ti.,I saved a piece of cake for you.,para,The recipient of something uses para.,ok,
quiz-por-para,por / para,Este mensaje es ___ todos los estudiantes.,This message is for all the students.,para,The recipient of something uses para.,ok,
quiz-por-para,por / para,Compramos juguetes ___ los niños.,We bought toys for the children.,para,The recipient of something uses para.,ok,
quiz-por-para,por / para,Escribí esta canción ___ mi esposa.,I wrote this song for my wife.,para,The recipient of something uses para.,ok,
quiz-por-para,por / para,Reservé una mesa ___ nosotros.,I reserved a table for us.,para,The recipient of something uses para.,ok,
quiz-por-para,por / para,Preparé la cena ___ mis padres.,I prepared dinner for my parents.,para,The recipient of something uses para.,ok,
quiz-por-para,por / para,Compré un libro ___ mi sobrino.,I bought a book for my nephew.,para,The recipient of something uses para.,ok,
quiz-por-para,por / para,Hicimos una fiesta sorpresa ___ ella.,We threw a surprise party for her.,para,The recipient of something uses para.,ok,
quiz-por-para,por / para,Traje regalos ___ toda la familia.,I brought gifts for the whole family.,para,The recipient of something uses para.,ok,
quiz-por-para,por / para,Este consejo es ___ ustedes.,This advice is for you all.,para,The recipient of something uses para.,ok,
quiz-por-para,por / para,Compré un ramo de flores ___ mi abuela.,I bought a bouquet of flowers for my grandmother.,para,The recipient of something uses para.,ok,
quiz-por-para,por / para,La tarea es ___ el lunes.,The homework is due (for) Monday.,para,A deadline uses para.,ok,
quiz-por-para,por / para,Necesito el informe ___ mañana.,I need the report by tomorrow.,para,A deadline uses para.,ok,
quiz-por-para,por / para,El proyecto debe estar listo ___ el viernes.,The project must be ready by Friday.,para,A deadline uses para.,ok,
quiz-por-para,por / para,Reserva la mesa ___ las ocho.,Book the table for eight o'clock.,para,A set point in time uses para.,ok,
quiz-por-para,por / para,Termina esto ___ el final del día.,Finish this by the end of the day.,para,A deadline uses para.,ok,
quiz-por-para,por / para,El pago vence ___ fin de mes.,The payment is due by the end of the month.,para,A deadline uses para.,ok,
quiz-por-para,por / para,Quiero el coche reparado ___ el sábado.,I want the car fixed by Saturday.,para,A deadline uses para.,ok,
quiz-por-para,por / para,Necesito la respuesta ___ esta tarde.,I need the answer by this afternoon.,para,A deadline uses para.,ok,
quiz-por-para,por / para,El regalo debe llegar ___ su cumpleaños.,The gift must arrive by her birthday.,para,A deadline uses para.,ok,
quiz-por-para,por / para,Tenemos que entregar el examen ___ las diez.,We have to hand in the exam by ten o'clock.,para,A deadline uses para.,ok,
quiz-por-para,por / para,Este tren sale ___ Barcelona.,This train leaves for Barcelona.,para,A destination uses para.,ok,
quiz-por-para,por / para,Salimos ___ el aeropuerto en una hora.,We are leaving for the airport in an hour.,para,A destination uses para.,ok,
quiz-por-para,por / para,El autobús va ___ el centro.,The bus goes towards the centre.,para,A destination uses para.,ok,
quiz-por-para,por / para,Partimos ___ Argentina la próxima semana.,We are departing for Argentina next week.,para,A destination uses para.,ok,
quiz-por-para,por / para,El vuelo sale ___ México a las nueve.,The flight leaves for Mexico at nine.,para,A destination uses para.,ok,
quiz-por-para,por / para,Vamos ___ la playa este fin de semana.,We're heading to the beach this weekend.,para,A destination uses para.,ok,
quiz-por-para,por / para,El barco navega ___ las islas Canarias.,The ship sails towards the Canary Islands.,para,A destination uses para.,ok,
quiz-por-para,por / para,Salió ___ la oficina muy temprano.,She left for the office very early.,para,A destination uses para.,ok,
quiz-por-para,por / para,Este camino va ___ el pueblo.,This road leads to the village.,para,A destination uses para.,ok,
quiz-por-para,por / para,Partimos ___ casa después de la cena.,We headed home after dinner.,para,A destination uses para.,ok,
quiz-por-para,por / para,"___ mí, esta película es aburrida.","For me, this movie is boring.",para,An opinion or point of view uses para.,ok,
quiz-por-para,por / para,"___ nosotros, el examen fue muy difícil.","For us, the exam was very difficult.",para,An opinion or point of view uses para.,ok,
quiz-por-para,por / para,"___ ella, el español es fácil.","For her, Spanish is easy.",para,An opinion or point of view uses para.,ok,
quiz-por-para,por / para,"___ mis padres, la puntualidad es muy importante.","For my parents, punctuality is very important.",para,An opinion or point of view uses para.,ok,
quiz-por-para,por / para,"___ ti, todo parece sencillo.","For you, everything seems simple.",para,An opinion or point of view uses para.,ok,
quiz-por-para,por / para,Trabajo ___ una empresa internacional.,I work for an international company.,para,An employer uses para.,ok,
quiz-por-para,por / para,Ella trabaja ___ el gobierno.,She works for the government.,para,An employer uses para.,ok,
quiz-por-para,por / para,Mi hermano trabaja ___ un banco.,My brother works for a bank.,para,An employer uses para.,ok,
quiz-por-para,por / para,Trabajamos ___ una organización sin fines de lucro.,We work for a non-profit organisation.,para,An employer uses para.,ok,
quiz-por-para,por / para,Él trabaja ___ sí mismo como diseñador.,He works for himself as a designer.,para,"An employer, even oneself, uses para.",ok,
quiz-por-para,por / para,"___ ser principiante, hablas muy bien.","For a beginner, you speak very well.",para,A contrast against expectation uses para.,ok,
quiz-por-para,por / para,"___ tener solo diez años, dibuja increíblemente bien.","For being only ten years old, she draws incredibly well.",para,A contrast against expectation uses para.,ok,
quiz-por-para,por / para,"___ ser tan joven, tiene mucha experiencia.","For being so young, he has a lot of experience.",para,A contrast against expectation uses para.,ok,
quiz-por-para,por / para,"___ ser invierno, hace bastante calor.","For winter, it's quite warm.",para,A contrast against expectation uses para.,ok,
quiz-por-para,por / para,"___ llevar poco tiempo aquí, conoces la ciudad muy bien.","For having been here a short time, you know the city very well.",para,A contrast against expectation uses para.,ok,
quiz-por-para,por / para,Necesitamos voluntarios ___ organizar el evento.,We need volunteers to organise the event.,para,The purpose of a need uses para.,ok,
quiz-por-para,por / para,Ahorramos ___ viajar por toda Europa algún día.,We're saving up to travel all over Europe someday.,para,The goal of an action uses para.,ok,
quiz-por-para,por / para,Estudia biología ___ convertirse en médica.,She studies biology to become a doctor.,para,The goal of an action uses para.,ok,
quiz-por-para,por / para,Compramos ingredientes ___ preparar una paella.,We bought ingredients to make a paella.,para,The purpose of an action uses para.,ok,
quiz-por-para,por / para,Practican cada tarde ___ ganar el campeonato.,They practise every afternoon to win the championship.,para,The goal of an action uses para.,ok,
quiz-por-para,por / para,Este premio es ___ el mejor estudiante del año.,This prize is for the best student of the year.,para,The recipient of something uses para.,ok,
quiz-por-para,por / para,Dejé una nota ___ el vecino.,I left a note for the neighbour.,para,The recipient of something uses para.,ok,
quiz-por-para,por / para,Compré un regalo especial ___ mi mejor amiga.,I bought a special gift for my best friend.,para,The recipient of something uses para.,ok,
quiz-por-para,por / para,Preparamos una sorpresa ___ nuestros abuelos.,We prepared a surprise for our grandparents.,para,The recipient of something uses para.,ok,
quiz-por-para,por / para,Este descuento es solo ___ los socios del club.,This discount is only for club members.,para,The recipient of something uses para.,ok,
quiz-object-pronouns,direct object,¿El café? Yo ___ tomo sin azúcar.,The coffee? I drink it without sugar.,lo,"El café is masculine singular, and a direct object pronoun copies its gender and number, so lo. La would replace a feminine noun, like la leche.",ok,
quiz-object-pronouns,direct object,¿La sopa? Mi hijo nunca ___ come.,The soup? My son never eats it.,la,"La sopa is feminine singular, so the direct object pronoun is la. Lo is for masculine nouns, like el pan.",ok,
quiz-object-pronouns,direct object,¿Los zapatos nuevos? Ana ___ lleva hoy.,The new shoes? Ana is wearing them today.,los,"Los zapatos is masculine plural, so the pronoun is los. Las would replace a feminine plural noun, like las botas.",ok,
quiz-object-pronouns,direct object,¿Las llaves? Pablo ___ tiene en el bolsillo.,The keys? Pablo has them in his pocket.,las,"Las llaves is feminine plural, so las, even though Pablo is a man. The pronoun takes the gender of the thing, not of the person who has it.",ok,
quiz-object-pronouns,direct object,Compré una revista y ___ leí en el tren.,I bought a magazine and read it on the train.,la,"Una revista is what I read, the direct object, and it is feminine singular, so la. Lo would need a masculine noun, like un periódico.",ok,
quiz-object-pronouns,direct object,"Tengo dos entradas, pero no ___ necesito.","I have two tickets, but I don't need them.",las,"Dos entradas is feminine plural (las entradas), so las. The order is no, then the pronoun, then the verb: no las necesito.",ok,
quiz-object-pronouns,direct object,¿Dónde está el mando? No ___ encuentro.,Where is the remote? I can't find it.,lo,"El mando, from the previous sentence, is masculine singular, so lo. La would need a feminine noun, like la llave.",ok,
quiz-object-pronouns,direct object,Esta película es muy buena; yo ___ vi el sábado.,This film is very good; I saw it on Saturday.,la,"Esta película is feminine singular, so la. Lo would mean you saw something masculine, such as el partido.",ok,
quiz-object-pronouns,direct object,"Hay galletas en la mesa, pero los niños no ___ quieren.","There are biscuits on the table, but the children don't want them.",las,"Galletas is feminine plural, so las. Los niños just before the blank is who wants them, and the pronoun agrees with what is wanted.",ok,
quiz-object-pronouns,direct object,¿Los deberes? Ya ___ terminé.,The homework? I already finished it.,los,"Los deberes is the thing I finished, a direct object, so los. Les is an indirect pronoun for people who receive something.",ok,
quiz-object-pronouns,direct object,El pan está duro; ¿por qué no ___ tiras?,The bread is hard; why don't you throw it away?,lo,"El pan is masculine singular, so lo. La would need a feminine noun, like la fruta.",ok,
quiz-object-pronouns,direct object,La maleta ya está lista; mi padre ___ lleva al coche.,The suitcase is ready; my father is taking it to the car.,la,"La maleta is feminine singular, so la. Mi padre is masculine, but the pronoun agrees with the thing carried, not the person carrying it.",ok,
quiz-object-pronouns,direct object,¿El coche? Carlos ___ aparca siempre en la calle.,The car? Carlos always parks it on the street.,lo,"El coche is masculine singular, so lo. Coche ends in -e, so the article el, not the ending, tells you the gender.",ok,
quiz-object-pronouns,direct object,"¿Tienes las gafas? No, ___ dejé en casa.","Do you have the glasses? No, I left them at home.",las,"Las gafas is always plural in Spanish, even for one pair, so las. Los would only work for a masculine plural noun, like los guantes.",ok,
quiz-object-pronouns,direct object,¿Quieres probar estas manzanas? Yo ya ___ probé.,Do you want to try these apples? I already tried them.,las,"Estas manzanas is feminine plural, as estas shows, so las. Los would need a masculine noun, like estos plátanos.",ok,
quiz-object-pronouns,direct object,Hice una tarta y mis amigos ___ probaron enseguida.,I made a cake and my friends tried it straight away.,la,"Una tarta is feminine singular, so la. Mis amigos is the subject doing the tasting, so it does not affect the pronoun.",ok,
quiz-object-pronouns,direct object,¿Las noticias? Siempre ___ escuchamos en la radio.,The news? We always listen to it on the radio.,las,"Las noticias is feminine plural and is the thing we listen to, so las. Les is an indirect pronoun for people, never for things.",ok,
quiz-object-pronouns,direct object,Mi abuela me llama y yo ___ visito los domingos.,My grandmother calls me and I visit her on Sundays.,la,"Visitar takes a direct object, and mi abuela is feminine singular, so la. Lo would be for a man, like mi abuelo.",ok,
quiz-object-pronouns,direct object,Juan está en la estación. ¿Tú ___ recoges?,Juan is at the station. Will you pick him up?,lo,"Recoger a alguien takes a direct object, and Juan is a man, so lo. La would be for a woman.",ok,
quiz-object-pronouns,direct object,"""¿Me oyes bien?"" ""Sí, ___ oigo perfectamente.""","""Can you hear me well?"" ""Yes, I can hear you perfectly.""",te,"¿Me oyes bien? asks about me, so in the reply the person heard is you: te. Me would mean I can hear myself.",ok,
quiz-object-pronouns,direct object,"Cuando llegamos tarde, el profesor ___ mira con cara seria.","When we arrive late, the teacher looks at us with a serious face.",nos,"Llegamos shows the speaker means nosotros, so the people the teacher looks at are us: nos. Los would mean them.",ok,
quiz-object-pronouns,direct object,Mis padres ___ quieren mucho.,My parents love me a lot.,me,"Mis padres love me, and me is the object pronoun for yo. Mí is only used after a preposition, as in a mí.",ok,
quiz-object-pronouns,direct object,Mis primos viven lejos y casi nunca ___ veo.,My cousins live far away and I almost never see them.,los,"Mis primos is masculine plural, so los, and a mixed group of cousins also takes los. Las would only fit a group of women, like mis primas.",ok,
quiz-object-pronouns,direct object,Ana y Lucía ___ invitaron a su boda.,Ana and Lucía invited us to their wedding.,nos,"Ana y Lucía are the ones inviting, and the people invited are us, so nos. Los would mean them.",ok,
quiz-object-pronouns,direct object,Mi hermana es muy simpática; todos ___ adoran.,My sister is very friendly; everyone adores her.,la,"Adorar takes a direct object, and mi hermana is feminine singular, so la. Le is for indirect objects, the person who receives something.",ok,
quiz-object-pronouns,direct object,"Si tienes problemas, yo ___ ayudo.","If you have problems, I'll help you.",te,"Si tienes problemas shows the person helped is you, so te. Ti only appears after a preposition.",ok,
quiz-object-pronouns,direct object,"Cuando éramos pequeños, nuestros abuelos ___ llevaban al parque.","When we were little, our grandparents took us to the park.",nos,"Éramos (we were) shows the people taken to the park are us, so nos. Los would mean other people.",ok,
quiz-object-pronouns,direct object,"""¿Me esperas?"" ""Sí, ___ espero en la puerta.""","""Will you wait for me?"" ""Yes, I'll wait for you at the door.""",te,"¿Me esperas? asks about waiting for me, so in the reply the speaker waits for you: te. Me would mean waiting for yourself.",ok,
quiz-object-pronouns,direct object,Nuestros amigos ___ llaman cada semana.,Our friends call us every week.,nos,"Nuestros amigos are the ones calling, and the people called are us, so nos. Los would make them the people called.",ok,
quiz-object-pronouns,direct object,¿Las fotos? Todavía no ___ he visto.,The photos? I still haven't seen them.,las,"Las fotos is feminine plural, so las, and in a compound tense it goes before haber: no las he visto.",ok,
quiz-object-pronouns,direct object,¿El correo de Sonia? Ya ___ he leído.,Sonia's email? I've already read it.,lo,"El correo is a masculine singular direct object, so lo goes before haber: lo he leído.",ok,
quiz-object-pronouns,direct object,¿Y la carta? Nadie ___ ha abierto.,And the letter? Nobody has opened it.,la,"La carta is feminine singular, so la goes before haber: la ha abierto.",ok,
quiz-object-pronouns,direct object,¿Los platos? Mi hermano ya ___ ha lavado.,The dishes? My brother has already washed them.,los,"Los platos is masculine plural, so los goes before haber: los ha lavado.",ok,
quiz-object-pronouns,direct object,Ese chico ___ está mirando desde la ventana.,That guy is looking at you from the window.,te,"Ese chico is looking at you, so te. With estar + gerund the pronoun can go before estar: te está mirando.",ok,
quiz-object-pronouns,direct object,¿El partido? Nosotros ___ estamos viendo en casa de Luis.,The match? We're watching it at Luis's place.,lo,"El partido is a masculine singular direct object, so lo, which can go before estar: lo estamos viendo.",ok,
quiz-object-pronouns,direct object,¿Las flores? Mi madre ___ va a poner en la mesa.,The flowers? My mother is going to put them on the table.,las,"Las flores is feminine plural, so las. With ir a + infinitive it can go before the conjugated verb: las va a poner.",ok,
quiz-object-pronouns,direct object,¿El libro? Estoy ___ ahora mismo.,The book? I'm reading it right now.,leyéndolo,"El libro gives lo, attached to the gerund: leyendo + lo = leyéndolo. The written accent keeps the stress on the same syllable.",ok,
quiz-object-pronouns,direct object,¿La cena? Mi padre está ___ en la cocina.,Dinner? My father is making it in the kitchen.,preparándola,"La cena is feminine, so la: preparándola. Preparándolo would mean preparing something masculine, like el desayuno.",ok,
quiz-object-pronouns,direct object,¿Los ejercicios? Seguimos ___ con el profesor.,The exercises? We're still doing them with the teacher.,haciéndolos,"Los ejercicios is masculine plural, so haciéndolos. Haciéndolas would need a feminine noun, like las tareas.",ok,
quiz-object-pronouns,direct object,¿Las camisas? Estoy ___ ahora.,The shirts? I'm ironing them now.,planchándolas,Las camisas gives las: planchando + las = planchándolas. Attaching a pronoun to a gerund always needs a written accent.,ok,
quiz-object-pronouns,direct object,¿Tu hermano? Estoy ___ ahora mismo.,Your brother? I'm calling him right now.,llamándolo,Tu hermano gives lo: llamando + lo = llamándolo. The accent keeps the stress on -man-.,ok,
quiz-object-pronouns,direct object,¿Esta chaqueta? Quiero ___ hoy.,This jacket? I want to buy it today.,comprarla,"Esta chaqueta is feminine, so la attaches to the infinitive: comprarla. One pronoun on an infinitive needs no accent.",ok,
quiz-object-pronouns,direct object,¿Los documentos? Tienes que ___ antes del viernes.,The documents? You have to sign them before Friday.,firmarlos,"Los documentos is masculine plural, so firmarlos. Firmarlas would need a feminine noun, like las cartas.",ok,
quiz-object-pronouns,direct object,Mi amiga llega a las seis y voy a ___ al aeropuerto.,My friend arrives at six and I'm going to pick her up at the airport.,buscarla,"Buscar a alguien takes a direct object, and mi amiga is a woman, so buscarla. Le is for indirect objects.",ok,
quiz-object-pronouns,direct object,¿El piso? Van a ___ el mes que viene.,The flat? They're going to sell it next month.,venderlo,"El piso is masculine singular, so venderlo. Venderla would need a feminine noun, like la casa.",ok,
quiz-object-pronouns,direct object,"""¿Sabes que Carla se muda?"" ""Sí, ya ___ sé.""","""Do you know that Carla is moving?"" ""Yes, I already know.""",lo,Lo stands for the whole idea that Carla se muda. A whole idea is always lo.,ok,
quiz-object-pronouns,direct object,"""¿Es verdad que cierran el museo?"" ""No ___ creo.""","""Is it true that they're closing the museum?"" ""I don't think so.""",lo,Neuter lo replaces the whole statement that cierran el museo: no lo creo.,ok,
quiz-object-pronouns,direct object,A su hermana ___ vi ayer en el mercado.,I saw his sister yesterday at the market.,la,"A su hermana is a direct object placed before the verb, so Spanish repeats it with la: a su hermana la vi.",ok,
quiz-object-pronouns,direct object,Los tomates ___ compré en el mercado.,I bought the tomatoes at the market.,los,"Los tomates is a direct object placed before the verb, so los repeats it: los tomates los compré.",ok,
quiz-object-pronouns,direct object,Esa canción ___ canta todo el mundo.,Everyone sings that song.,la,"Esa canción is the direct object placed first, so la repeats it. Todo el mundo is the subject doing the singing.",ok,
quiz-object-pronouns,indirect object,Mañana es el cumpleaños de mi madre y ___ voy a regalar flores.,Tomorrow is my mother's birthday and I'm going to give her flowers.,le,"Mi madre receives the flowers, so she is the indirect object: le. La would make your mother the thing being given.",ok,
quiz-object-pronouns,indirect object,¿Qué ___ vas a decir a tu jefe?,What are you going to tell your boss?,le,"A tu jefe receives the message, so the indirect pronoun is le. A tu jefe clarifies who le refers to.",ok,
quiz-object-pronouns,indirect object,Mis alumnos ___ escriben correos a menudo.,My students often write emails to me.,me,"Mis alumnos write emails to me, so I am the indirect object: me. Mi without an accent means my.",ok,
quiz-object-pronouns,indirect object,¿Quién ___ explicó la lección a los niños?,Who explained the lesson to the children?,les,"A los niños receives the explanation, so the plural indirect pronoun is les, even with a los niños also in the sentence.",ok,
quiz-object-pronouns,indirect object,Ana ___ prestó su bicicleta a Carlos.,Ana lent her bike to Carlos.,le,"A Carlos is who gets the bike, the indirect object, so le. Lo would make Carlos the thing being lent.",ok,
quiz-object-pronouns,indirect object,"Cuando viajo, ___ mando postales a mis padres.","When I travel, I send postcards to my parents.",les,"A mis padres is who receives the postcards, so the indirect pronoun is les. Los would mean you post your parents themselves.",ok,
quiz-object-pronouns,indirect object,¿Tu hermano ___ devolvió el dinero?,Did your brother give the money back to you?,te,"El dinero comes back to you, so you are the indirect object: te. Ti only appears after a preposition, as in a ti.",ok,
quiz-object-pronouns,indirect object,El camarero ___ trajo la cuenta.,The waiter brought us the bill.,nos,"La cuenta is what is brought, and we get it, so the indirect pronoun is nos. Los is a direct pronoun and means them.",ok,
quiz-object-pronouns,indirect object,Siempre ___ cuento mis secretos a mi mejor amiga.,I always tell my secrets to my best friend.,le,"A mi mejor amiga is the person told, the indirect object, so le, for women as well as men.",ok,
quiz-object-pronouns,indirect object,La profesora ___ preguntó a los estudiantes por el examen.,The teacher asked the students about the exam.,les,"Preguntar a alguien takes an indirect object, and a los estudiantes is plural, so les.",ok,
quiz-object-pronouns,indirect object,Tengo frío; ¿tú ___ puedes dar una manta?,I'm cold; can you give me a blanket?,me,"Una manta is the thing given, and I am the one who gets it, so the indirect pronoun is me. Mi without an accent means my.",ok,
quiz-object-pronouns,indirect object,El médico ___ recetó unas pastillas a mi padre.,The doctor prescribed some pills for my father.,le,"Unas pastillas is what is prescribed, and a mi padre is who gets it, so the indirect pronoun le. Lo would make your father the thing prescribed.",ok,
quiz-object-pronouns,indirect object,¿Qué ___ pasa a Lucía? Está muy callada.,What's wrong with Lucía? She's very quiet.,le,"Pasar works like gustar here, so a Lucía is the indirect object: le, even for a woman. La would be a direct object pronoun.",ok,
quiz-object-pronouns,indirect object,Los vecinos ___ pidieron silencio a los estudiantes del piso de arriba.,The neighbours asked the students upstairs to be quiet.,les,"Pedir treats the person asked as an indirect object, and a los estudiantes is plural, so les, not los.",ok,
quiz-object-pronouns,indirect object,"Yo ___ escribo todos los días, pero tú nunca contestas.","I write to you every day, but you never answer.",te,"The person written to is you, as tú nunca contestas shows, and escribir a alguien takes an indirect object: te. Ti only follows a preposition.",ok,
quiz-object-pronouns,indirect object,Nuestros padres ___ dieron una sorpresa el fin de semana.,Our parents gave us a surprise at the weekend.,nos,"Una sorpresa is what is given, and we receive it, so the indirect pronoun is nos. Los would mean them, and it is a direct pronoun.",ok,
quiz-object-pronouns,indirect object,"Cuando llegó el cartero, ___ di una propina.","When the postman arrived, I gave him a tip.",le,"Una propina is what is given, and el cartero is who gets it, so le. Lo would make the postman the thing given.",ok,
quiz-object-pronouns,indirect object,¿Por qué no ___ compras un regalo a tu hermana?,Why don't you buy your sister a present?,le,"A tu hermana is who the present is for, the indirect object. Indirect pronouns do not change for gender, so le, not la.",ok,
quiz-object-pronouns,indirect object,A mis hijos ___ encanta el helado.,My children love ice cream.,les,"Encantar works like gustar, so a mis hijos is the indirect object, and plural: les.",ok,
quiz-object-pronouns,indirect object,A nosotros ___ interesa mucho la historia.,We're very interested in history.,nos,"Interesar works like gustar, and a nosotros points to us, so nos.",ok,
quiz-object-pronouns,indirect object,¿Ya ___ mandaste las fotos a tus primos?,Did you already send the photos to your cousins?,les,"Las fotos is what is sent, and a tus primos receive them, so the plural indirect pronoun is les. Los would replace a plural thing.",ok,
quiz-object-pronouns,indirect object,El jefe ___ ofreció un contrato nuevo a Elena.,The boss offered Elena a new contract.,le,"A Elena is who gets the offer, the indirect object, so le even for a woman. La would treat Elena as the thing offered.",ok,
quiz-object-pronouns,indirect object,La tienda ___ devolvió el dinero a los clientes.,The shop gave the customers their money back.,les,"El dinero is returned to a los clientes, the indirect object, so les. Los would replace a plural thing being returned.",ok,
quiz-object-pronouns,indirect object,Mi novio siempre ___ trae flores.,My boyfriend always brings me flowers.,me,"Mi novio brings flowers to me, so I am the indirect object: me. Mi without an accent means my, as in mi novio.",ok,
quiz-object-pronouns,indirect object,Ella nunca ___ dice mentiras a sus amigos.,She never tells her friends lies.,les,"Mentiras is what is told, and a sus amigos is who hears it, so les. Los would replace a masculine plural thing.",ok,
quiz-object-pronouns,indirect object,El guía ___ está explicando la historia del castillo a los turistas.,The guide is explaining the history of the castle to the tourists.,les,"A los turistas receive the explanation, so les. With estar + gerund it can go before estar.",ok,
quiz-object-pronouns,indirect object,¿Qué ___ regalaste a tu novia por su cumpleaños?,What did you give your girlfriend for her birthday?,le,"A tu novia is who gets the present, the indirect object, so le. Le is used for men and women alike.",ok,
quiz-object-pronouns,indirect object,"Cuando era niño, mi madre ___ leía cuentos cada noche.","When I was a child, my mother read me stories every night.",me,"Cuando era niño shows the stories were read to me, so the indirect pronoun is me. Mi without an accent means my.",ok,
quiz-object-pronouns,indirect object,¿Ya ___ contaste a tus padres lo del viaje?,Have you told your parents about the trip yet?,les,"A tus padres are the people told, an indirect object, so les, not the direct los.",ok,
quiz-object-pronouns,indirect object,Los abuelos ___ dejaron la casa a sus nietos.,The grandparents left the house to their grandchildren.,les,"La casa is what is left, and a sus nietos receive it, so les, not los.",ok,
quiz-object-pronouns,indirect object,¿Quieres que ___ preste mi coche?,Do you want me to lend you my car?,te,"Mi coche is lent to you, so the indirect pronoun is te. Ti never stands alone before a verb.",ok,
quiz-object-pronouns,indirect object,El profesor ___ puso una mala nota a Pedro.,The teacher gave Pedro a bad mark.,le,"Una mala nota is the direct object, and a Pedro is the indirect object, so le. Lo would make Pedro the thing given.",ok,
quiz-object-pronouns,indirect object,Los niños ___ piden dulces a su abuela.,The children ask their grandmother for sweets.,le,"Pedir treats the person asked as an indirect object, so a su abuela takes le even for a woman. La would be wrong.",ok,
quiz-object-pronouns,indirect object,Mi jefe no ___ ha contestado todavía.,My boss hasn't answered me yet.,me,"Mi jefe has not answered me, and contestar a alguien takes an indirect object, so me before haber. Mi without an accent means my.",ok,
quiz-object-pronouns,indirect object,"Señora García, ___ traigo los documentos que pidió.","Mrs García, I'm bringing you the documents you asked for.",le,"Señora García is usted, the person receiving the documents, and usted as an indirect object is le, for women as well as men.",ok,
quiz-object-pronouns,indirect object,El dentista ___ sacó una muela a mi hermano.,The dentist pulled one of my brother's teeth.,le,"A mi hermano is the person affected, and Spanish marks that with the indirect pronoun le.",ok,
quiz-object-pronouns,indirect object,Hoy ___ toca a ti fregar los platos.,Today it's your turn to wash the dishes.,te,Tocar (to be someone's turn) takes an indirect object: te toca. A ti adds emphasis but never replaces te.,ok,
quiz-object-pronouns,indirect object,"A ella ___ dieron el premio, no a él.","They gave the prize to her, not to him.",le,"A ella clarifies and contrasts, but the indirect pronoun le must still appear.",ok,
quiz-object-pronouns,indirect object,A usted ___ debo una explicación.,I owe you an explanation.,le,"A usted is the person owed, so the indirect pronoun is le. The a + person phrase only adds clarity.",ok,
quiz-object-pronouns,indirect object,A ustedes ___ mando la información por correo.,I'll send you all the information by email.,les,"A ustedes receives the information, an indirect object, so les. Ustedes as an indirect object is always les, never los.",ok,
quiz-object-pronouns,indirect object,Voy a ___ un mensaje a Marta.,I'm going to write Marta a message.,escribirle,"A Marta receives the message, so le attaches to the infinitive: escribirle. La would be wrong for a receiver.",ok,
quiz-object-pronouns,indirect object,Estoy ___ la verdad a mis padres.,I'm telling my parents the truth.,diciéndoles,"La verdad is what is said, and a mis padres hear it, so les attaches to the gerund: diciéndoles.",ok,
quiz-object-pronouns,indirect object,"¿Puedes ___ la sal, por favor?","Can you pass me the salt, please?",pasarme,"La sal is passed to the speaker, so the pronoun is me: pasarme. Pasarte would mean passing it to yourself.",ok,
quiz-object-pronouns,indirect object,"Necesito ___ una pregunta, profesora.","I need to ask you a question, teacher.",hacerle,"Profesora is the usted being asked, so le attaches: hacerle. Una pregunta is the direct object.",ok,
quiz-object-pronouns,indirect object,Estamos ___ una carta a los Reyes Magos.,We're writing a letter to the Three Kings.,escribiéndoles,"A los Reyes Magos is who the letter is written to, an indirect object, so les attaches: escribiéndoles.",ok,
quiz-object-pronouns,double pronouns,¿El libro? Mi hermano ___ prestó ayer.,The book? My brother lent it to me yesterday.,me lo,"With two pronouns the person comes first, then the thing: me (to me) + lo (el libro) = me lo. Lo me is never possible.",ok,
quiz-object-pronouns,double pronouns,¿La foto? Yo ___ mando ahora.,The photo? I'll send it to you now.,te la,Indirect comes before direct: te (to you) + la (la foto) = te la. La te is the wrong order.,ok,
quiz-object-pronouns,double pronouns,¿El postre? El camarero ___ trae enseguida.,The dessert? The waiter will bring it to us right away.,nos lo,Indirect comes before direct: nos (to us) + lo (el postre) = nos lo. Lo nos is the wrong order.,ok,
quiz-object-pronouns,double pronouns,¿Las fotos del viaje? Ana ___ enseñó ayer.,The trip photos? Ana showed them to us yesterday.,nos las,"Las fotos is feminine even though foto ends in -o (short for la fotografía), so nos las, not nos los.",ok,
quiz-object-pronouns,double pronouns,"¿Mi bolígrafo? Sí, ahora ___ devuelvo.","My pen? Yes, I'll give it back to you now.",te lo,"Mi bolígrafo is masculine (el bolígrafo), so the thing is lo: te lo. Te la would need a feminine noun, like la goma.",ok,
quiz-object-pronouns,double pronouns,¿Quién te regaló esa bufanda? Mi abuela ___ regaló.,Who gave you that scarf? My grandmother gave it to me.,me la,"Me comes first because I received it, and esa bufanda is feminine, so me la. Me lo would need something masculine, like el gorro.",ok,
quiz-object-pronouns,double pronouns,"Si necesitas el coche, yo ___ presto.","If you need the car, I'll lend it to you.",te lo,"Si necesitas shows the person is tú, so the pair is te lo. Se only replaces le or les.",ok,
quiz-object-pronouns,double pronouns,El profesor explicó el ejercicio a Marta y luego ___ explicó a mí.,The teacher explained the exercise to Marta and then explained it to me.,me lo,"A mí points to me, so the pair is me lo. Se only replaces le or les.",ok,
quiz-object-pronouns,double pronouns,¿La receta? Mi tía ___ dio a nosotras.,The recipe? My aunt gave it to us.,nos la,"A nosotras means us, so the indirect pronoun is nos, not se. Only le and les turn into se.",ok,
quiz-object-pronouns,double pronouns,¿Los billetes? Yo ___ compro a ti si quieres.,The tickets? I'll buy them for you if you want.,te los,"A ti points to tú, so the pair is te los. Se only replaces le or les.",ok,
quiz-object-pronouns,double pronouns,¿Las gafas? Mamá ___ ha guardado.,The glasses? Mum has put them away for you.,te las,"Las gafas is feminine plural, so te las, placed before haber as a block. Te los would need a masculine noun, like los guantes.",ok,
quiz-object-pronouns,double pronouns,¿La mesa? Mis amigos ___ han vendido a buen precio.,The table? My friends have sold it to me at a good price.,me la,"La mesa is feminine, so me la, placed before haber. Me lo would need a masculine noun, like el sofá.",ok,
quiz-object-pronouns,double pronouns,¿El vestido? Mi madre ___ hizo a mí para la boda.,The dress? My mother made it for me for the wedding.,me lo,"El vestido is masculine, so me lo, not me la. A mí only adds emphasis; me must still appear.",ok,
quiz-object-pronouns,double pronouns,¿Necesitas mi diccionario? Ahora ___ dejo.,Do you need my dictionary? I'll lend it to you now.,te lo,"Mi diccionario is masculine (el diccionario), so te lo. Te comes first because you receive it.",ok,
quiz-object-pronouns,double pronouns,"¿Tus padres te compraron la moto? Sí, ___ compraron el año pasado.","Did your parents buy you the motorbike? Yes, they bought it for me last year.",me la,"La moto ends in -o but is feminine (short for la motocicleta), so me la, not me lo.",ok,
quiz-object-pronouns,double pronouns,"¿Me explicas el problema? Claro, ahora ___ explico.","Will you explain the problem to me? Sure, I'll explain it to you now.",te lo,"In ¿Me explicas el problema? me is the person asking, so in the answer it becomes te: te lo. Me lo would mean explaining it to yourself.",ok,
quiz-object-pronouns,double pronouns,"¿Me das tu dirección? Sí, ___ doy ahora.","Will you give me your address? Yes, I'll give it to you now.",te la,"Tu dirección ends in -ción, and those nouns are feminine, so the pair is te la, not te lo.",ok,
quiz-object-pronouns,double pronouns,"¿Me prestas tus apuntes? Sí, ___ presto mañana.","Will you lend me your notes? Yes, I'll lend them to you tomorrow.",te los,"Tus apuntes is masculine plural (los apuntes), so te los. Te las would need a feminine noun, like las notas.",ok,
quiz-object-pronouns,double pronouns,¿Las llaves? Juan ___ dio a su hermana.,The keys? Juan gave them to his sister.,se las,"Le (a su hermana) + las (the keys) cannot be le las, so le becomes se: se las. A su hermana shows who se refers to.",ok,
quiz-object-pronouns,double pronouns,¿El regalo? Nosotros ___ dimos a Pablo ayer.,The present? We gave it to Pablo yesterday.,se lo,"Le (a Pablo) + lo (the present) is never le lo: le becomes se, so se lo.",ok,
quiz-object-pronouns,double pronouns,¿Los apuntes? Carmen ___ presta a sus compañeros.,The notes? Carmen lends them to her classmates.,se los,"Les (a sus compañeros) + los (los apuntes) becomes se los, because les turns into se before lo, la, los or las.",ok,
quiz-object-pronouns,double pronouns,¿La verdad? No ___ dije a mis padres.,The truth? I didn't tell it to my parents.,se la,"Les (a mis padres) + la (la verdad) becomes se la. Spanish never puts le or les right before lo, la, los or las.",ok,
quiz-object-pronouns,double pronouns,¿La pregunta? Ya ___ hice a la profesora.,The question? I already asked the teacher.,se la,"Le + la becomes se la, and a la profesora tells you who se means.",ok,
quiz-object-pronouns,double pronouns,¿El dinero? Mañana ___ devuelvo a ustedes.,The money? I'll give it back to you all tomorrow.,se lo,"Les + lo becomes se lo, and a ustedes clarifies that se means you all.",ok,
quiz-object-pronouns,double pronouns,¿Las flores? Mi padre ___ compró a mi madre.,The flowers? My father bought them for my mother.,se las,Le (for a mi madre) + las (las flores) becomes se las. A mi madre at the end shows who se is.,ok,
quiz-object-pronouns,double pronouns,El médico revisó los resultados y ___ explicó a la paciente despacio.,The doctor reviewed the results and explained them slowly to the patient.,se los,"Le (a la paciente) + los (los resultados) cannot be le los, so le becomes se: se los. A la paciente shows who se refers to.",ok,
quiz-object-pronouns,double pronouns,¿El paquete? El cartero ___ entregó a mis vecinos.,The parcel? The postman delivered it to my neighbours.,se lo,Les + lo (el paquete) becomes se lo. Se does not show singular or plural; a mis vecinos does.,ok,
quiz-object-pronouns,double pronouns,¿La contraseña? No ___ puedo decir a nadie.,The password? I can't tell it to anyone.,se la,"Le (a nadie) + la becomes se la, and the pair goes before the conjugated verb: no se la puedo decir.",ok,
quiz-object-pronouns,double pronouns,¿El informe? Ya ___ he enviado al director.,The report? I've already sent it to the director.,se lo,"Le (al director) + lo becomes se lo, placed before haber: se lo he enviado.",ok,
quiz-object-pronouns,double pronouns,¿Las noticias? Todavía no ___ han contado a los niños.,The news? They haven't told the children yet.,se las,"Les (a los niños) + las becomes se las, placed before haber: no se las han contado.",ok,
quiz-object-pronouns,double pronouns,¿Tu número? Ya ___ he dado a Laura.,Your number? I've already given it to Laura.,se lo,"Le (a Laura) becomes se, and tu número is masculine, so the pair is se lo.",ok,
quiz-object-pronouns,double pronouns,¿La carta? Mi hermano ___ está escribiendo a su novia.,The letter? My brother is writing it to his girlfriend.,se la,Le (a su novia) + la becomes se la. With estar + gerund both pronouns can go before estar.,ok,
quiz-object-pronouns,double pronouns,¿El secreto? Mis amigos ___ están contando a todo el mundo.,The secret? My friends are telling it to everyone.,se lo,"Le (a todo el mundo) + lo (the secret) becomes se lo, placed before estar.",ok,
quiz-object-pronouns,double pronouns,¿La tarta? Nosotros ___ vamos a llevar a la abuela.,The cake? We're going to take it to grandma.,se la,Le (a la abuela) + la becomes se la. With ir a + infinitive the pair can go before the conjugated verb.,ok,
quiz-object-pronouns,double pronouns,¿Los juguetes? Mis padres ___ van a comprar a mi hermano.,The toys? My parents are going to buy them for my brother.,se los,"Le (for a mi hermano) + los (the toys) becomes se los, placed before ir.",ok,
quiz-object-pronouns,double pronouns,"¿El mensaje? Ya ___ mandé a él, no a ella.","The message? I already sent it to him, not to her.",se lo,"Le + lo always becomes se lo. Se could mean him, her, you or them, so a él clarifies it.",ok,
quiz-object-pronouns,double pronouns,"¿Las entradas? Ya ___ di a ustedes, ¿no?","The tickets? I already gave them to you all, didn't I?",se las,Les + las becomes se las. A ustedes clarifies who se refers to.,ok,
quiz-object-pronouns,double pronouns,"¿Le diste las llaves a Mario? Sí, ya ___ di.","Did you give the keys to Mario? Yes, I already gave them to him.",se las,The question uses le for a Mario. In the answer le meets las (the keys) and becomes se: se las.,ok,
quiz-object-pronouns,double pronouns,"¿Les mandaste la invitación a tus tíos? No, todavía no ___ he mandado.","Did you send the invitation to your aunt and uncle? No, I haven't sent it yet.",se la,"Les (a tus tíos) + la (la invitación) becomes se la, placed before haber: no se la he mandado.",ok,
quiz-object-pronouns,double pronouns,"¿Le compraste el pastel a Ana? Sí, ___ compré esta mañana.","Did you buy the cake for Ana? Yes, I bought it for her this morning.",se lo,"Le (for a Ana) + lo (el pastel) would be le lo, which Spanish never allows, so se lo.",ok,
quiz-object-pronouns,double pronouns,"¿Le regalas los pendientes a tu madre? Sí, ___ regalo para su cumpleaños.","Are you giving the earrings to your mother? Yes, I'm giving them to her for her birthday.",se los,"Le becomes se, and los pendientes is masculine plural, so se los. Se las would need a feminine noun, like las pulseras.",ok,
quiz-object-pronouns,double pronouns,¿Quién les explicó el problema a los alumnos? La directora ___ explicó.,Who explained the problem to the students? The head teacher explained it to them.,se lo,The question uses les for a los alumnos. In the answer les meets lo (el problema) and becomes se: se lo.,ok,
quiz-object-pronouns,double pronouns,"¿Le pediste permiso a tu padre? Sí, ___ pedí ayer.","Did you ask your father for permission? Yes, I asked him for it yesterday.",se lo,"Lo stands for permiso, and le (a tu padre) cannot come right before lo, so it changes to se: se lo.",ok,
quiz-object-pronouns,double pronouns,"¿Le devolviste la chaqueta a Sara? Sí, ya ___ devolví.","Did you give the jacket back to Sara? Yes, I already gave it back to her.",se la,"Se is right, so the question is gender: la chaqueta is feminine, so se la. Se lo would need a masculine noun, like el abrigo.",ok,
quiz-object-pronouns,double pronouns,¿El cuento? Estoy ___ a mi hija.,The story? I'm reading it to my daughter.,leyéndoselo,Le (a mi hija) becomes se before lo (el cuento): leyendo + se + lo = leyéndoselo. The accent keeps the stress.,ok,
quiz-object-pronouns,double pronouns,¿La lección? El profesor está ___ a los alumnos.,The lesson? The teacher is explaining it to the students.,explicándosela,Les (a los alumnos) becomes se before la (la lección): explicando + se + la = explicándosela.,ok,
quiz-object-pronouns,double pronouns,¿Las fotos? Estoy ___ ahora mismo.,The photos? I'm sending them to you right now.,mandándotelas,"Las fotos is feminine (short for las fotografías), so mandándotelas. Mandándotelos would need a masculine noun, like los vídeos.",ok,
quiz-object-pronouns,double pronouns,¿El menú? El camarero está ___ ahora.,The menu? The waiter is bringing it to us now.,trayéndonoslo,"El menú is masculine, so lo: trayéndonoslo. Trayéndonosla would need a feminine noun, like la carta.",ok,
quiz-object-pronouns,double pronouns,¿Los regalos? Papá está ___ a los niños.,The presents? Dad is giving them to the children.,dándoselos,"Les (a los niños) becomes se, and los regalos is masculine plural, so dándoselos. Dándoselas would need a feminine noun.",ok,
quiz-object-pronouns,double pronouns,¿El libro? Voy a ___ mañana.,The book? I'm going to give it back to you tomorrow.,devolvértelo,"El libro gives lo and the receiver is you: devolver + te + lo = devolvértelo. With two pronouns attached, the infinitive takes an accent.",ok,
quiz-object-pronouns,double pronouns,¿La bicicleta? Quiero ___ a mi primo.,The bike? I want to lend it to my cousin.,prestársela,Le (a mi primo) becomes se before la (la bicicleta): prestar + se + la = prestársela.,ok,
quiz-object-pronouns,double pronouns,¿Los documentos? Tengo que ___ al abogado hoy.,The documents? I have to send them to the lawyer today.,mandárselos,"Le (al abogado) becomes se, and los documentos is masculine plural: mandárselos. Mandárselas would need a feminine noun.",ok,
quiz-object-pronouns,double pronouns,¿La canción? ¿Puedes ___ otra vez?,The song? Can you sing it to me again?,cantármela,"La canción ends in -ción, so it is feminine: me + la = cantármela. Cantármelo would need a masculine noun, like el poema.",ok,
quiz-object-pronouns,double pronouns,¿El plan? Queremos ___ a nuestros jefes.,The plan? We want to explain it to our bosses.,explicárselo,"Les (a nuestros jefes) becomes se, and lo is singular because it stands for el plan: explicárselo.",ok,
quiz-object-pronouns,double pronouns,"Si quieres las fotos, puedo ___ esta noche.","If you want the photos, I can send them to you tonight.",enviártelas,"Las fotos is feminine even though foto ends in -o, so te + las: enviártelas. With two pronouns attached, the infinitive takes an accent.",ok,
quiz-saber-conocer,facts,Yo no ___ dónde está la estación.,I don't know where the station is.,sé,"Dónde introduces a piece of information, and knowing information uses saber.",ok,
quiz-saber-conocer,facts,¿Tú ___ qué hora es?,Do you know what time it is?,sabes,"Qué hora es asks for a fact, the time, and knowing facts uses saber.",ok,
quiz-saber-conocer,facts,Mi madre ___ el número de teléfono del médico.,My mother knows the doctor's phone number.,sabe,"El número de teléfono is a specific piece of information, so saber.",ok,
quiz-saber-conocer,facts,Por el aviso ___ que la carretera sigue cerrada.,We know from the notice that the road is still closed.,sabemos,"Que la carretera sigue cerrada is a fact learned from the notice, so saber. Conocer is for people, places and things you are familiar with.",ok,
quiz-saber-conocer,facts,Los niños no ___ la respuesta.,The children don't know the answer.,saben,"La respuesta is information, and knowing information uses saber.",ok,
quiz-saber-conocer,facts,¿Usted ___ cuánto cuesta el billete?,Do you know how much the ticket costs?,sabe,"Cuánto cuesta introduces a piece of information, the price, so saber.",ok,
quiz-saber-conocer,facts,Yo ___ tu dirección de memoria.,I know your address by heart.,sé,Knowing a fact de memoria (by heart) uses saber.,ok,
quiz-saber-conocer,facts,Ana ___ por qué llegaste tarde.,Ana knows why you arrived late.,sabe,"Por qué introduces a reason, a piece of information, so saber.",ok,
quiz-saber-conocer,facts,¿Vosotros ___ si el museo abre los lunes?,Do you all know if the museum opens on Mondays?,sabéis,Saber si asks whether someone has a piece of information: si el museo abre los lunes.,ok,
quiz-saber-conocer,facts,No ___ cómo se llama ese actor.,I don't know what that actor's name is.,sé,"Cómo se llama asks for a name as information, so saber.",ok,
quiz-saber-conocer,facts,Mis padres ya ___ la noticia.,My parents already know the news.,saben,"La noticia is information, and knowing news uses saber.",ok,
quiz-saber-conocer,facts,Todo el mundo ___ que el agua hierve a cien grados.,Everyone knows that water boils at one hundred degrees.,sabe,Saber que introduces a known fact: que el agua hierve a cien grados.,ok,
quiz-saber-conocer,facts,¿Tú ___ quién ganó el partido?,Do you know who won the match?,sabes,"Quién ganó introduces a piece of information, so saber.",ok,
quiz-saber-conocer,facts,Yo no ___ nada de este asunto.,I don't know anything about this matter.,sé,"No saber nada de este asunto means having no information about it, so saber.",ok,
quiz-saber-conocer,facts,El profesor ___ cuándo es la fiesta.,The teacher knows when the party is.,sabe,"Cuándo es la fiesta introduces a piece of information, so saber.",ok,
quiz-saber-conocer,facts,Ellos no ___ adónde vamos el sábado.,They don't know where we are going on Saturday.,saben,"Adónde vamos introduces a piece of information, so saber.",ok,
quiz-saber-conocer,facts,Nosotros no ___ qué pasó anoche.,We don't know what happened last night.,sabemos,"Qué pasó introduces a piece of information, so saber.",ok,
quiz-saber-conocer,facts,Ella ___ la fecha del examen.,She knows the date of the exam.,sabe,"La fecha del examen is a fact, and knowing facts uses saber.",ok,
quiz-saber-conocer,facts,¿Tú ___ el resultado del partido?,Do you know the result of the match?,sabes,"El resultado is information, so saber.",ok,
quiz-saber-conocer,facts,Yo ___ que tienes razón.,I know that you are right.,sé,Saber que introduces a fact you know: que tienes razón.,ok,
quiz-saber-conocer,facts,Carlos ___ mucho de historia.,Carlos knows a lot about history.,sabe,"Saber mucho de historia means having a lot of knowledge about a subject, so saber.",ok,
quiz-saber-conocer,facts,Mis amigos no ___ lo que pasó.,My friends don't know what happened.,saben,"Lo que pasó is information about what happened, so saber.",ok,
quiz-saber-conocer,facts,¿Alguien ___ a qué hora sale el tren?,Does anyone know what time the train leaves?,sabe,"A qué hora sale introduces a piece of information, so saber.",ok,
quiz-saber-conocer,facts,Yo no ___ si Marta viene a cenar.,I don't know if Marta is coming to dinner.,sé,Saber si asks whether you have a piece of information: si Marta viene a cenar.,ok,
quiz-saber-conocer,facts,Usted ___ muy bien lo que quiere.,You know very well what you want.,sabe,"Lo que quiere is information about what you want, so saber.",ok,
quiz-saber-conocer,facts,Los turistas no ___ cuál es el autobús correcto.,The tourists don't know which bus is the right one.,saben,"Cuál es introduces a piece of information, so saber.",ok,
quiz-saber-conocer,facts,Nadie ___ dónde dejó Pablo las llaves.,Nobody knows where Pablo left the keys.,sabe,"Dónde dejó introduces a piece of information, so saber.",ok,
quiz-saber-conocer,facts,¿Cómo ___ tú eso?,How do you know that?,sabes,"Eso refers to a fact, and knowing a fact uses saber.",ok,
quiz-saber-conocer,facts,Yo ya ___ de memoria la lista de verbos.,I already know the verb list by heart.,sé,"Saber de memoria means knowing something by heart, so saber.",ok,
quiz-saber-conocer,facts,Ella no ___ qué decir.,She doesn't know what to say.,sabe,"No saber qué decir means not knowing what to say, so saber.",ok,
quiz-saber-conocer,skills,Yo ___ nadar muy bien.,I know how to swim very well.,sé,"Nadar is an infinitive, and saber + infinitive means knowing how to do something.",ok,
quiz-saber-conocer,skills,¿Tú ___ cocinar paella?,Do you know how to cook paella?,sabes,"Cocinar is an infinitive, and saber + infinitive means knowing how to do something.",ok,
quiz-saber-conocer,skills,Mi hermana ___ tocar el piano.,My sister can play the piano.,sabe,"Tocar el piano is a learned skill, and saber + infinitive describes skills.",ok,
quiz-saber-conocer,skills,Nosotros no ___ conducir todavía.,We don't know how to drive yet.,sabemos,"Conducir is a learned skill, and saber + infinitive describes skills.",ok,
quiz-saber-conocer,skills,Mis abuelos ___ bailar tango.,My grandparents know how to dance the tango.,saben,"Bailar tango is an infinitive, and saber + infinitive means knowing how to do something.",ok,
quiz-saber-conocer,skills,El niño ya ___ leer y escribir.,The child already knows how to read and write.,sabe,"Leer y escribir are learned skills, and saber + infinitive describes skills.",ok,
quiz-saber-conocer,skills,¿Ustedes ___ hablar alemán?,Can you speak German?,saben,"Hablar alemán is a skill, and saber + infinitive describes skills such as speaking a language.",ok,
quiz-saber-conocer,skills,Yo no ___ usar este programa.,I don't know how to use this program.,sé,"Usar este programa is an infinitive, and saber + infinitive means knowing how to do something.",ok,
quiz-saber-conocer,skills,Pedro ___ arreglar bicicletas.,Pedro knows how to fix bikes.,sabe,"Arreglar bicicletas is a learned skill, and saber + infinitive describes skills.",ok,
quiz-saber-conocer,skills,¿Vosotros ___ esquiar?,Do you all know how to ski?,sabéis,"Esquiar is an infinitive, and saber + infinitive means knowing how to do something.",ok,
quiz-saber-conocer,skills,Mi perro ___ abrir la puerta solo.,My dog knows how to open the door by himself.,sabe,"Abrir la puerta is an ability, and saber + infinitive describes abilities.",ok,
quiz-saber-conocer,skills,Ellas ___ jugar al ajedrez.,They know how to play chess.,saben,"Jugar al ajedrez is an infinitive, and saber + infinitive means knowing how to do something.",ok,
quiz-saber-conocer,skills,Tú ___ escuchar a los demás.,You know how to listen to others.,sabes,"Escuchar a los demás is a personal ability, and saber + infinitive describes abilities.",ok,
quiz-saber-conocer,skills,Yo ___ hacer una tortilla de patatas.,I know how to make a Spanish omelette.,sé,"Hacer una tortilla is an infinitive, and saber + infinitive means knowing how to do something.",ok,
quiz-saber-conocer,skills,Mi padre no ___ nadar.,My father can't swim.,sabe,"Nadar is a skill, and no saber nadar means not being able to swim.",ok,
quiz-saber-conocer,skills,Los estudiantes ya ___ resolver estas ecuaciones.,The students already know how to solve these equations.,saben,"Resolver estas ecuaciones is a learned skill, and saber + infinitive describes skills.",ok,
quiz-saber-conocer,skills,¿Usted ___ montar a caballo?,Do you know how to ride a horse?,sabe,"Montar a caballo is an infinitive, and saber + infinitive means knowing how to do something.",ok,
quiz-saber-conocer,skills,Nosotros ___ cambiar una rueda.,We know how to change a tyre.,sabemos,"Cambiar una rueda is a practical skill, and saber + infinitive describes skills.",ok,
quiz-saber-conocer,skills,Lucía ___ dibujar retratos increíbles.,Lucía knows how to draw incredible portraits.,sabe,"Dibujar retratos is an ability, and saber + infinitive describes abilities.",ok,
quiz-saber-conocer,skills,Quiero ___ programar en Python.,I want to know how to program in Python.,saber,"Programar is an infinitive, and after querer, saber + infinitive still means knowing how to do something.",ok,
quiz-saber-conocer,people,Yo ___ a tu hermano.,I know your brother.,conozco,"A tu hermano is a person, with the personal a, and knowing a person uses conocer.",ok,
quiz-saber-conocer,people,¿Tú ___ a mis padres?,Do you know my parents?,conoces,"A mis padres are people, with the personal a, and knowing people uses conocer.",ok,
quiz-saber-conocer,people,Marta ___ a mucha gente en Madrid.,Marta knows a lot of people in Madrid.,conoce,"A mucha gente is people, with the personal a, and knowing people uses conocer.",ok,
quiz-saber-conocer,people,Nosotros no ___ al nuevo profesor.,We don't know the new teacher.,conocemos,"Al nuevo profesor is a person, and knowing a person uses conocer. A + el becomes al.",ok,
quiz-saber-conocer,people,Mis amigos ___ a un actor famoso.,My friends know a famous actor.,conocen,"A un actor famoso is a person, with the personal a, and knowing a person uses conocer.",ok,
quiz-saber-conocer,people,¿Usted ___ al director del hotel?,Do you know the hotel manager?,conoce,"Al director is a person, and knowing a person uses conocer. A + el becomes al.",ok,
quiz-saber-conocer,people,Yo ___ a Laura desde hace diez años.,I have known Laura for ten years.,conozco,"A Laura is a person you have known for years, and being acquainted with someone uses conocer.",ok,
quiz-saber-conocer,people,¿Vosotros ___ a alguien en esta ciudad?,Do you all know anyone in this city?,conocéis,"Conocer a alguien means being acquainted with someone, so conocer.",ok,
quiz-saber-conocer,people,Ella no ___ a nadie en la fiesta.,She doesn't know anyone at the party.,conoce,"A nadie refers to people, with the personal a, and knowing people uses conocer.",ok,
quiz-saber-conocer,people,Nosotros ___ muy bien a nuestros vecinos.,We know our neighbours very well.,conocemos,"A nuestros vecinos are people you know well, so conocer.",ok,
quiz-saber-conocer,people,Quiero ___ a tu novia.,I want to meet your girlfriend.,conocer,"A tu novia is a person, and conocer a alguien can mean meeting someone for the first time.",ok,
quiz-saber-conocer,people,Me encantaría ___ a tus abuelos.,I would love to meet your grandparents.,conocer,"A tus abuelos are people, and conocer a alguien can mean meeting someone for the first time.",ok,
quiz-saber-conocer,people,Mi madre ___ a todos mis compañeros de clase.,My mother knows all my classmates.,conoce,"A todos mis compañeros are people, with the personal a, and knowing people uses conocer.",ok,
quiz-saber-conocer,people,Tú ___ a Pablo mejor que nadie.,You know Pablo better than anyone.,conoces,"A Pablo is a person you know well, so conocer.",ok,
quiz-saber-conocer,people,Los alumnos todavía no ___ a la directora.,The students don't know the head teacher yet.,conocen,"A la directora is a person, with the personal a, and knowing a person uses conocer.",ok,
quiz-saber-conocer,people,Yo no ___ personalmente al autor.,I don't know the author personally.,conozco,"Personalmente stresses real acquaintance with the author, a person, so conocer.",ok,
quiz-saber-conocer,people,Ellos ___ al alcalde del pueblo.,They know the town's mayor.,conocen,"Al alcalde is a person, and knowing a person uses conocer. A + el becomes al.",ok,
quiz-saber-conocer,people,Mi jefe ___ a todos los clientes por su nombre.,My boss knows all the clients by name.,conoce,"A todos los clientes are people, so conocer, even when you also know their names.",ok,
quiz-saber-conocer,people,Creo que tú no me ___ de verdad.,I think you don't really know me.,conoces,"Knowing someone de verdad means knowing the person, so conocer, even when the person is the pronoun me.",ok,
quiz-saber-conocer,people,Nosotros ___ a una chica de Argentina.,We know a girl from Argentina.,conocemos,"A una chica is a person, with the personal a, and knowing a person uses conocer.",ok,
quiz-saber-conocer,people,"Usted ___ al médico de mi familia, ¿cierto?","You know my family's doctor, don't you?",conoce,"Al médico is a person, and knowing a person uses conocer. A + el becomes al.",ok,
quiz-saber-conocer,people,Yo la ___ del colegio.,I know her from school.,conozco,"Knowing someone del colegio means knowing a person, so conocer, even when the person is the pronoun la.",ok,
quiz-saber-conocer,people,Mis hijos ___ bien a su profesora de música.,My children know their music teacher well.,conocen,"A su profesora is a person they know well, so conocer.",ok,
quiz-saber-conocer,people,¿Vosotros ___ al chico que vive arriba?,Do you all know the guy who lives upstairs?,conocéis,"Al chico is a person, and knowing a person uses conocer. A + el becomes al.",ok,
quiz-saber-conocer,people,Ana quiere ___ a gente nueva en el trabajo.,Ana wants to meet new people at work.,conocer,"Conocer a gente nueva means meeting new people, so conocer.",ok,
quiz-saber-conocer,places,Yo ___ Barcelona muy bien.,I know Barcelona very well.,conozco,"Barcelona is a place, and being familiar with a place uses conocer.",ok,
quiz-saber-conocer,places,¿Tú ___ México?,Have you been to Mexico?,conoces,"México is a place, and conocer a place means having been there or knowing it.",ok,
quiz-saber-conocer,places,Mis padres no ___ Sevilla.,My parents have never been to Seville.,conocen,"Sevilla is a place, and conocer a place means having been there or knowing it.",ok,
quiz-saber-conocer,places,Nosotros ___ un restaurante muy bueno cerca de aquí.,We know a very good restaurant near here.,conocemos,"Un restaurante is a place, and knowing a place uses conocer.",ok,
quiz-saber-conocer,places,Ella ___ todos los museos de la ciudad.,She knows all the museums in the city.,conoce,"Todos los museos are places, and knowing places uses conocer.",ok,
quiz-saber-conocer,places,¿Usted ___ este barrio?,Do you know this neighbourhood?,conoce,"Este barrio is a place, and being familiar with a place uses conocer.",ok,
quiz-saber-conocer,places,Quiero ___ Japón algún día.,I want to visit Japan someday.,conocer,"Japón is a country, and conocer a country can mean getting to know it by visiting.",ok,
quiz-saber-conocer,places,Mi abuela ___ cada rincón de su pueblo.,My grandmother knows every corner of her village.,conoce,"Cada rincón de su pueblo is a place known in detail, so conocer.",ok,
quiz-saber-conocer,places,¿Vosotros ___ la playa de La Concha?,Have you all been to La Concha beach?,conocéis,"La playa de La Concha is a place, and conocer a place means having been there or knowing it.",ok,
quiz-saber-conocer,places,Yo no ___ esta parte de la ciudad.,I don't know this part of the city.,conozco,"Esta parte de la ciudad is a place, and being familiar with a place uses conocer.",ok,
quiz-saber-conocer,places,El taxista ___ todas las calles de Madrid.,The taxi driver knows all the streets of Madrid.,conoce,"Todas las calles de Madrid are places, and knowing places uses conocer.",ok,
quiz-saber-conocer,places,"Tú ___ un buen lugar para cenar, ¿no?","You know a good place to have dinner, don't you?",conoces,"Un buen lugar para cenar is a place, and knowing a place uses conocer.",ok,
quiz-saber-conocer,places,Nosotros todavía no ___ el nuevo centro comercial.,We haven't been to the new shopping centre yet.,conocemos,"El nuevo centro comercial is a place, and conocer a place means having been there.",ok,
quiz-saber-conocer,places,Mis amigos ___ muchos países de Europa.,My friends have been to many countries in Europe.,conocen,"Muchos países are places, and conocer a country means having been there.",ok,
quiz-saber-conocer,places,Me gustaría ___ Buenos Aires.,I would like to visit Buenos Aires.,conocer,"Buenos Aires is a city, and conocer a city can mean getting to know it by visiting.",ok,
quiz-saber-conocer,places,¿Tú ___ un hotel barato en el centro?,Do you know a cheap hotel in the centre?,conoces,"Un hotel barato is a place, and knowing a place uses conocer.",ok,
quiz-saber-conocer,places,Los guías ___ la catedral como la palma de su mano.,The guides know the cathedral like the back of their hand.,conocen,"Conocer algo como la palma de su mano means knowing a place thoroughly, so conocer.",ok,
quiz-saber-conocer,places,Yo ___ una tienda donde venden pan casero.,I know a shop where they sell homemade bread.,conozco,"Una tienda is a place, and knowing a place uses conocer.",ok,
quiz-saber-conocer,places,"Usted no ___ el norte de España, ¿verdad?","You haven't been to the north of Spain, have you?",conoce,"El norte de España is a region, and conocer a region means having been there or knowing it.",ok,
quiz-saber-conocer,places,Mi hermano ___ bien las montañas de Asturias.,My brother knows the mountains of Asturias well.,conoce,"Las montañas de Asturias are a place, and being familiar with a place uses conocer.",ok,
quiz-saber-conocer,familiarity,Yo ___ este libro; lo leí el año pasado.,I know this book; I read it last year.,conozco,"Este libro is a work you are familiar with, so conocer.",ok,
quiz-saber-conocer,familiarity,¿Tú ___ la música de Rosalía?,Are you familiar with Rosalía's music?,conoces,"La música de Rosalía is someone's work, and being familiar with it uses conocer.",ok,
quiz-saber-conocer,familiarity,Nosotros ___ bien la cocina peruana.,We are familiar with Peruvian cuisine.,conocemos,"La cocina peruana is a field you are familiar with, so conocer.",ok,
quiz-saber-conocer,familiarity,Mi profesor ___ muy bien la obra de Cervantes.,My teacher knows Cervantes's work very well.,conoce,"La obra de Cervantes is someone's work, and being familiar with it uses conocer.",ok,
quiz-saber-conocer,familiarity,¿Usted ___ este programa de televisión?,Are you familiar with this TV show?,conoce,"Este programa de televisión is a thing you can be familiar with, so conocer.",ok,
quiz-saber-conocer,familiarity,Ellos no ___ esa película.,They aren't familiar with that film.,conocen,"Esa película is a work, and being familiar with a film uses conocer.",ok,
quiz-saber-conocer,familiarity,Ella ___ el mercado del arte contemporáneo.,She knows the contemporary art market.,conoce,"El mercado del arte is a field, and being familiar with a field uses conocer.",ok,
quiz-saber-conocer,familiarity,Yo no ___ esta marca de café.,I'm not familiar with this coffee brand.,conozco,"Esta marca de café is a thing, and being familiar with a thing uses conocer.",ok,
quiz-saber-conocer,familiarity,¿Vosotros ___ el juego del mus?,Are you all familiar with the card game mus?,conocéis,"El juego del mus is a game you are familiar with, so conocer. Knowing how to play it would be saber jugar.",ok,
quiz-saber-conocer,familiarity,Mi hermano ___ todos los cuadros de Goya del Prado.,My brother knows all of Goya's paintings in the Prado.,conoce,"Todos los cuadros de Goya are works of art, and being familiar with them uses conocer.",ok,
quiz-saber-conocer,familiarity,Tú ___ bien este tipo de problemas.,You are familiar with this kind of problem.,conoces,"Este tipo de problemas is a kind of situation you are familiar with, so conocer.",ok,
quiz-saber-conocer,familiarity,El mecánico ___ este modelo de coche.,The mechanic knows this car model.,conoce,"Este modelo de coche is a thing, and being familiar with a thing uses conocer.",ok,
quiz-saber-conocer,familiarity,Nosotros no ___ la obra de ese pintor.,We aren't familiar with that painter's work.,conocemos,"La obra de ese pintor is someone's work, and being familiar with it uses conocer.",ok,
quiz-saber-conocer,familiarity,¿Tú ___ alguna aplicación para aprender idiomas?,Do you know any app for learning languages?,conoces,"Alguna aplicación is a thing, and being familiar with a thing uses conocer.",ok,
quiz-saber-conocer,familiarity,Los médicos ___ bien los efectos de este medicamento.,Doctors are well aware of the effects of this medicine.,conocen,"Los efectos de este medicamento are something doctors are familiar with, so conocer.",ok,
quiz-saber-conocer,familiarity,Yo ___ las novelas de Isabel Allende.,I know Isabel Allende's novels.,conozco,"Las novelas de Isabel Allende are works, and being familiar with them uses conocer.",ok,
quiz-saber-conocer,familiarity,Mi abuelo ___ todos los tipos de vino de la región.,My grandfather knows all the kinds of wine in the region.,conoce,"Todos los tipos de vino are things, and being familiar with things uses conocer.",ok,
quiz-saber-conocer,familiarity,¿Usted ___ la cultura japonesa?,Are you familiar with Japanese culture?,conoce,"La cultura japonesa is a culture, and being familiar with a culture uses conocer.",ok,
quiz-saber-conocer,familiarity,Ella ___ este estilo de arquitectura.,She is familiar with this style of architecture.,conoce,"Este estilo de arquitectura is a style, and being familiar with a style uses conocer.",ok,
quiz-saber-conocer,familiarity,"Mis alumnos ya ___ el subjuntivo, pero no lo dominan.","My students are already familiar with the subjunctive, but they haven't mastered it.",conocen,"Pero no lo dominan shows familiarity with el subjuntivo, not mastery, so conocer.",ok,
quiz-saber-conocer,past meaning,Ayer ___ a tu hermana en la fiesta.,Yesterday I met your sister at the party.,conocí,"Ayer en la fiesta marks one moment with a person, so preterite conocí means met for the first time.",ok,
quiz-saber-conocer,past meaning,Mis padres se ___ en la universidad.,My parents met at university.,conocieron,"Conocerse in the preterite means met each other, here en la universidad.",ok,
quiz-saber-conocer,past meaning,¿Dónde ___ tú a tu mejor amigo?,Where did you meet your best friend?,conociste,"A tu mejor amigo is a person, and preterite conocer means met someone for the first time.",ok,
quiz-saber-conocer,past meaning,El verano pasado ___ Lisboa por primera vez.,Last summer we visited Lisbon for the first time.,conocimos,"Por primera vez with a place, Lisboa, makes preterite conocimos mean saw or visited it for the first time.",ok,
quiz-saber-conocer,past meaning,Ana ___ a su novio en un viaje a Italia.,Ana met her boyfriend on a trip to Italy.,conoció,"A su novio is a person, and preterite conocer means met someone for the first time.",ok,
quiz-saber-conocer,past meaning,Los niños ___ al nuevo maestro el lunes.,The children met the new teacher on Monday.,conocieron,"Al nuevo maestro is a person, and preterite conocer means met someone for the first time.",ok,
quiz-saber-conocer,past meaning,"Usted ___ al presidente en 2019, ¿verdad?","You met the president in 2019, didn't you?",conoció,"Al presidente is a person, and preterite conocer means met someone for the first time.",ok,
quiz-saber-conocer,past meaning,"Cuando fuimos a Perú, ___ Machu Picchu.","When we went to Peru, we saw Machu Picchu.",conocimos,"Machu Picchu is a place, and preterite conocer with a place means saw or visited it for the first time.",ok,
quiz-saber-conocer,past meaning,Ayer ___ que te casas.,Yesterday I found out you're getting married.,supe,"Que te casas is news, and preterite saber means found out.",ok,
quiz-saber-conocer,past meaning,¿Cuándo ___ tú la noticia?,When did you find out the news?,supiste,"La noticia is information, and preterite saber means found out.",ok,
quiz-saber-conocer,past meaning,Ella ___ la verdad al leer la carta.,She found out the truth when she read the letter.,supo,"Al leer la carta marks the moment she learned la verdad, and preterite saber means found out.",ok,
quiz-saber-conocer,past meaning,Nosotros ___ el resultado esta mañana.,We found out the result this morning.,supimos,"El resultado is information, and preterite saber means found out.",ok,
quiz-saber-conocer,past meaning,Mis padres ___ lo del accidente por la radio.,My parents found out about the accident on the radio.,supieron,"Por la radio is how they heard the news, and preterite saber means found out.",ok,
quiz-saber-conocer,past meaning,Por fin ___ dónde vivía mi amigo de la infancia.,I finally found out where my childhood friend lived.,supe,"Por fin marks the moment you found out, and preterite saber means found out.",ok,
quiz-saber-conocer,past meaning,"En ese momento, el detective ___ quién era el ladrón.","At that moment, the detective found out who the thief was.",supo,"Quién era el ladrón is information, and preterite saber means found out.",ok,
quiz-saber-conocer,past meaning,¿Cómo ___ vosotros que estaba enfermo?,How did you all find out I was sick?,supisteis,"Que estaba enfermo is information, and preterite saber means found out.",ok,
quiz-saber-conocer,past meaning,Ellos nunca ___ por qué se cerró la tienda.,They never found out why the shop closed.,supieron,"Por qué se cerró is information, and nunca supieron means they never found out.",ok,
quiz-saber-conocer,past meaning,"De niño, yo ya ___ nadar.","As a child, I already knew how to swim.",sabía,"Nadar is an infinitive, and imperfect saber + infinitive describes a skill you had in the past.",ok,
quiz-saber-conocer,past meaning,Yo no ___ que tenías un hermano.,I didn't know you had a brother.,sabía,"Que tenías un hermano is information, and imperfect saber describes what you knew, or did not, in the past.",ok,
quiz-saber-conocer,past meaning,Mi abuela ___ tocar la guitarra.,My grandmother knew how to play the guitar.,sabía,"Tocar la guitarra is an infinitive, and imperfect saber + infinitive describes a past skill.",ok,
quiz-saber-conocer,past meaning,¿Tú ___ que el examen era hoy?,Did you know the exam was today?,sabías,"Que el examen era hoy is information, and imperfect saber describes what you knew in the past.",ok,
quiz-saber-conocer,past meaning,Nosotros no ___ dónde estaba el hotel.,We didn't know where the hotel was.,sabíamos,"Dónde estaba el hotel is information, and imperfect saber describes what you knew, or did not, in the past.",ok,
quiz-saber-conocer,past meaning,Todos ___ la respuesta menos yo.,Everyone knew the answer except me.,sabían,"La respuesta is information, and imperfect saber describes what people knew in the past.",ok,
quiz-saber-conocer,past meaning,"Ella ___ que iba a llover, por eso llevó paraguas.","She knew it was going to rain, so she took an umbrella.",sabía,"Que iba a llover is information, and imperfect saber describes what someone knew in the past.",ok,
quiz-saber-conocer,past meaning,"Usted ya ___ lo que pasaba, ¿no?","You already knew what was going on, didn't you?",sabía,"Lo que pasaba is information, and imperfect saber describes what someone knew in the past.",ok,
quiz-saber-conocer,past meaning,"En aquella época, yo ___ a todos los vecinos.","Back then, I knew all the neighbours.",conocía,"A todos los vecinos are people, and imperfect conocer describes being acquainted with people in the past.",ok,
quiz-saber-conocer,past meaning,Mi padre ___ muy bien la ciudad porque trabajó allí.,My father knew the city very well because he worked there.,conocía,"La ciudad is a place, and imperfect conocer describes familiarity with a place in the past.",ok,
quiz-saber-conocer,past meaning,¿Ya ___ tú a Marcos antes de la boda?,Did you already know Marcos before the wedding?,conocías,"A Marcos is a person, and imperfect conocer describes an acquaintance that already existed.",ok,
quiz-saber-conocer,past meaning,Nosotros no ___ ese restaurante hasta ayer.,We didn't know that restaurant until yesterday.,conocíamos,"Ese restaurante is a place, and imperfect conocer describes familiarity with a place in the past.",ok,
quiz-saber-conocer,past meaning,Los estudiantes no ___ al autor del libro.,The students didn't know the author of the book.,conocían,"Al autor is a person, and imperfect conocer describes being acquainted with someone in the past.",ok,
quiz-saber-conocer,past meaning,Ella ___ Roma como la palma de su mano.,She knew Rome like the back of her hand.,conocía,"Roma is a place, and imperfect conocer describes familiarity with a place in the past.",ok,
quiz-saber-conocer,past meaning,"Cuando era joven, Luis ___ a muchos músicos.","When he was young, Luis knew a lot of musicians.",conocía,"A muchos músicos are people, and imperfect conocer describes being acquainted with people in the past.",ok,
quiz-saber-conocer,past meaning,"Yo ya la ___ de vista, pero ayer hablé con ella por primera vez.","I already knew her by sight, but yesterday I talked to her for the first time.",conocía,"Conocer de vista means knowing someone by sight, and the imperfect describes that earlier state.",ok,
quiz-saber-conocer,past meaning,"Lo ___ anoche, cuando me llamó su hermana.","I found out last night, when his sister called me.",supe,"Anoche marks the moment of learning it, and preterite saber (lo supe) means found out.",ok,
quiz-saber-conocer,past meaning,Nos ___ en 2015 y desde entonces somos amigos.,We met in 2015 and we've been friends ever since.,conocimos,"En 2015 marks when it happened, and conocerse in the preterite means met each other.",ok,
flashcard,rank 1,ser,to be (essential),,Quiero ser más paciente.,ok,I want to be more patient.
flashcard,rank 2,estar,to be (state/location),,Voy a estar en casa esta tarde.,ok,I'm going to be home this afternoon.
flashcard,rank 3,haber,to have; there to be,,Tiene que haber otra solución.,ok,There has to be another solution.
flashcard,rank 4,hacer,to do; to make,,Tengo que hacer la cena.,ok,I have to make dinner.
flashcard,rank 5,poder,to be able to; can,,"Para poder entrar al laboratorio, necesitas una tarjeta especial.",ok,"To be able to enter the laboratory, you need a special pass."
flashcard,rank 6,decir,to say; to tell,,¿Me vas a decir qué debería hacer a continuación?,ok,Will you tell me what I should do next?
flashcard,rank 7,ir,to go,,Vamos a ir al mercado el sábado.,ok,We're going to go to the market on Saturday.
flashcard,rank 8,ver,to see,,¿Puedes ver ese edificio grande y blanco de allí?,ok,Can you see the big white building over there?
flashcard,rank 9,dar,to give,,Voy a dar mi opinión en la reunión.,ok,I'm going to give my opinion at the meeting.
flashcard,rank 10,saber,to know (facts),,Quiero saber la verdad.,ok,I want to know the truth.
flashcard,rank 11,querer,to want,,Quiero aprender español.,ok,I want to learn Spanish.
flashcard,rank 12,llegar,to arrive,,"Al llegar a la estación, telefoneé a mi amigo.",ok,I called my friend after arriving at the station.
flashcard,rank 13,pasar,to pass; to happen,,No sé qué va a pasar mañana.,ok,I don't know what's going to happen tomorrow.
flashcard,rank 14,deber,to owe; should,,Debes descansar un poco.,ok,You should rest a little.
flashcard,rank 15,poner,to put,,Clara decidió poner las plantas junto a la ventana.,ok,Clara decided to put the plants beside the window.
flashcard,rank 16,parecer,to seem,,"La ruta puede parecer larga, pero el paisaje merece la pena.",ok,"The route may seem long, but the scenery is worth it."
flashcard,rank 17,quedar,to stay; to remain,,Podemos quedar mañana por la tarde.,ok,We can meet up tomorrow afternoon.
flashcard,rank 18,creer,to believe,,No puedo creer esta noticia.,ok,I can't believe this news.
flashcard,rank 19,hablar,to speak; to talk,,Algunos de mis amigos saben hablar francés bastante bien.,ok,Some of my friends can speak French fairly well.
flashcard,rank 20,llevar,to carry; to take,,Puedes llevar estas carpetas a la sala de reuniones.,ok,You can take these folders to the meeting room.
flashcard,rank 21,dejar,to leave; to let,,Voy a dejar las llaves en la mesa.,ok,I'm going to leave the keys on the table.
flashcard,rank 22,seguir,to follow; to continue,,Vamos a seguir las instrucciones con cuidado.,ok,We're going to follow the instructions carefully.
flashcard,rank 23,encontrar,to find,,Espero encontrar mis gafas pronto.,ok,I hope to find my glasses soon.
flashcard,rank 24,llamar,to call,,"Ahora estamos comiendo, ¿podría volver a llamar más tarde?",ok,We are eating now. Could you please call back later?
flashcard,rank 25,venir,to come,,El que quiera venir a mi fiesta puede venir.,ok,Whoever wants to come to my party may come.
flashcard,rank 26,pensar,to think,,Necesito pensar en esta decisión.,ok,I need to think about this decision.
flashcard,rank 27,salir,to leave; to go out,,Estaba a punto de salir cuando sonó el teléfono.,ok,I was about to leave when the phone rang.
flashcard,rank 28,volver,to return,,Él prometió volver y sin embargo no lo hizo.,ok,He promised to return and yet he didn't.
flashcard,rank 29,tomar,to take; to drink,,Voy a tomar un café antes de trabajar.,ok,I'm going to have a coffee before work.
flashcard,rank 30,conocer,to know; to meet,,Es difícil conocer a gente tan agradable como tú.,ok,It's rare to meet nice people like you.
flashcard,rank 31,vivir,to live,,Quiero vivir cerca del mar algún día.,ok,I want to live near the sea someday.
flashcard,rank 32,sentir,to feel,,Puedo sentir el frío en las manos.,ok,I can feel the cold in my hands.
flashcard,rank 33,tratar,to try; to deal with,,Vamos a intentar tratar a los demás con respeto.,ok,Let's try to treat each other with respect.
flashcard,rank 34,mirar,to look at,,Pienso que mirar televisión es una pérdida de tiempo.,ok,I think watching TV is a waste of time.
flashcard,rank 35,contar,to count; to tell,,Mi abuelo siempre cuenta historias interesantes.,ok,My grandfather always tells interesting stories.
flashcard,rank 36,empezar,to begin,,Vamos a empezar la clase en cinco minutos.,ok,We're going to start class in five minutes.
flashcard,rank 37,esperar,to wait; to hope,,Voy a esperar tu respuesta con calma.,ok,I'm going to wait for your answer calmly.
flashcard,rank 38,buscar,to look for,,Necesito buscar un regalo para mi hermana.,ok,I need to look for a gift for my sister.
flashcard,rank 39,existir,to exist,,Debe existir una forma más sencilla.,ok,There must exist a simpler way.
flashcard,rank 40,entrar,to enter,,Vamos a entrar por la puerta principal.,ok,We're going to go in through the main door.
flashcard,rank 41,trabajar,to work,,El doctor le advirtió que dejara de trabajar tanto.,ok,The doctor advised him to stop working too much.
flashcard,rank 42,escribir,to write,,Él intentó escribir todo lo que el profesor dijo.,ok,He tried to write down everything the teacher said.
flashcard,rank 43,perder,to lose,,No quiero perder el autobús.,ok,I don't want to miss the bus.
flashcard,rank 44,producir,to produce,,Esta fábrica va a producir más piezas este año.,ok,This factory is going to produce more parts this year.
flashcard,rank 45,ocurrir,to occur; to happen,,Accidentes de tráfico suelen ocurrir en días de lluvia.,ok,Traffic accidents are likely to occur on rainy days.
flashcard,rank 46,entender,to understand,,Necesito entender mejor esta lección.,ok,I need to understand this lesson better.
flashcard,rank 47,pedir,to ask for; to order,,Voy a pedir ayuda a mi vecino.,ok,I'm going to ask my neighbour for help.
flashcard,rank 48,recibir,to receive,,Cada participante va a recibir una copia del programa.,ok,Each participant will receive a copy of the programme.
flashcard,rank 49,recordar,to remember,,Quiero recordar este viaje para siempre.,ok,I want to remember this trip forever.
flashcard,rank 50,terminar,to finish,,Voy a terminar el informe esta noche.,ok,I'm going to finish the report tonight.
flashcard,rank 51,permitir,to allow,,El médico no le va a permitir viajar todavía.,ok,The doctor isn't going to allow him to travel yet.
flashcard,rank 52,aparecer,to appear,,Algunas estrellas empezaron a aparecer en el cielo nocturno.,ok,Some stars began to appear in the night sky.
flashcard,rank 53,conseguir,to get; to achieve,,¿No puedes conseguir a alguien más que te ayude?,ok,Can't you get somebody else to help you?
flashcard,rank 54,comenzar,to begin,,¿Estás pensando seriamente en comenzar tu propio negocio?,ok,Are you seriously thinking about starting your own business?
flashcard,rank 55,servir,to serve,,¿Me podría servir una copa de vino blanco?,ok,Could I have a glass of white wine?
flashcard,rank 56,sacar,to take out; to get,,Necesito sacar dinero del banco.,ok,I need to take out money from the bank.
flashcard,rank 57,necesitar,to need,,Vas a necesitar un abrigo hoy.,ok,You're going to need a coat today.
flashcard,rank 58,mantener,to maintain; to keep,,Quiero mantener esta rutina de ejercicio.,ok,I want to keep up this exercise routine.
flashcard,rank 59,resultar,to result; to turn out,,"Con instrucciones claras, montar la estantería debería resultar sencillo.",ok,"With clear instructions, assembling the bookcase should prove straightforward."
flashcard,rank 60,leer,to read,,Deberías ser capaz de leer este libro con facilidad.,ok,You should be able to read this book easily.
flashcard,rank 61,caer,to fall,,El otoño llegó y las hojas comenzaron a caer.,ok,Autumn came and the leaves started to fall.
flashcard,rank 62,cambiar,to change,,Vamos a cambiar los muebles de sitio.,ok,We're going to move the furniture around.
flashcard,rank 63,presentar,to present,,Mañana Elena va a presentar los resultados de su investigación.,ok,Tomorrow Elena will present the results of her research.
flashcard,rank 64,crear,to create,,Estoy interesado en crear mis propias páginas web.,ok,I'm interested in creating my own web pages.
flashcard,rank 65,abrir,to open,,Dame las llaves para que pueda abrir la puerta.,ok,Give me the keys so I can unlock the door.
flashcard,rank 66,considerar,to consider,,Deberíamos considerar el problema desde la perspectiva de un niño.,ok,We should consider the problem from a child's perspective.
flashcard,rank 67,oír,to hear,,Creo que puedo oír música a lo lejos.,ok,I think I can hear music in the distance.
flashcard,rank 68,acabar,to finish; to end,,Voy a acabar este libro esta semana.,ok,I'm going to finish this book this week.
flashcard,rank 69,convertir,to convert; to turn into,,La reforma pretende convertir el antiguo mercado en una biblioteca.,ok,The renovation aims to turn the old market into a library.
flashcard,rank 70,ganar,to win; to earn,,Ella tiene una buena oportunidad de ganar el premio.,ok,She stands a good chance of winning the prize.
flashcard,rank 71,formar,to form,,Vamos a formar un equipo nuevo.,ok,We're going to form a new team.
flashcard,rank 72,traer,to bring,,¿Podrías ir a la tienda y traer algunos huevos?,ok,Could you go to the store and grab some eggs?
flashcard,rank 73,partir,to leave; to depart,,El tren va a partir en unos minutos.,ok,The train is about to depart in a few minutes.
flashcard,rank 74,morir,to die,,La planta puede morir si la tierra permanece seca.,ok,The plant can die if the soil remains dry.
flashcard,rank 75,aceptar,to accept,,Ella no tuvo más alternativa que aceptar su destino.,ok,She had no choice but to accept her fate.
flashcard,rank 76,realizar,to carry out; to perform,,Queremos realizar un buen trabajo este trimestre.,ok,We want to do a good job this quarter.
flashcard,rank 77,suponer,to suppose,,Voy a suponer que todo va bien.,ok,I'm going to assume everything is fine.
flashcard,rank 78,comprender,to understand,,Necesito comprender mejor este tema.,ok,I need to understand this topic better.
flashcard,rank 79,lograr,to achieve,,¿Qué te gustaría lograr en los siguientes tres años?,ok,What's something you'd like to achieve in the next three years?
flashcard,rank 80,explicar,to explain,,El profesor va a explicar la lección de nuevo.,ok,The teacher is going to explain the lesson again.
flashcard,rank 81,preguntar,to ask,,Voy a preguntar cuándo va a venir el tren.,ok,I'll ask when the train will get in.
flashcard,rank 82,tocar,to touch; to play (instrument),,Mi hermana sabe tocar el piano.,ok,My sister knows how to play the piano.
flashcard,rank 83,reconocer,to recognize,,Pude reconocer la melodía desde las primeras notas.,ok,I could recognise the melody from the first notes.
flashcard,rank 84,estudiar,to study,,No tengo ganas de ponerme a estudiar esta noche.,ok,I don't feel like studying at all tonight.
flashcard,rank 85,alcanzar,to reach,,El accidente de tráfico me impidió alcanzar el tren.,ok,The traffic accident prevented me from catching the train.
flashcard,rank 86,nacer,to be born,,El bebé va a nacer en septiembre.,ok,The baby is going to be born in September.
flashcard,rank 87,dirigir,to direct; to manage,,Una arquitecta joven va a dirigir la restauración del teatro.,ok,A young architect will lead the restoration of the theatre.
flashcard,rank 88,correr,to run,,Alicia prefiere correr por el parque antes del desayuno.,ok,Alicia prefers to run through the park before breakfast.
flashcard,rank 89,utilizar,to use,,Los estudiantes deberían utilizar los libros de la biblioteca.,ok,Students should make use of the books in the library.
flashcard,rank 90,pagar,to pay,,Puedes pagar la entrada con tarjeta en la taquilla.,ok,You can pay for the ticket by card at the box office.
flashcard,rank 91,ayudar,to help,,Quiero ayudar a mis vecinos con la mudanza.,ok,I want to help my neighbours with the move.
flashcard,rank 92,gustar,to like,,Estaba seguro de que no te iba a gustar.,ok,I was sure you wouldn't like it.
flashcard,rank 93,jugar,to play,,Los niños quieren jugar en el parque.,ok,The children want to play at the park.
flashcard,rank 94,escuchar,to listen,,Me gusta escuchar música mientras trabajo.,ok,I like listening to music while I work.
flashcard,rank 95,cumplir,to fulfill; to comply,,El proveedor debe cumplir todas las condiciones del contrato.,ok,The supplier must fulfil all the terms of the contract.
flashcard,rank 96,ofrecer,to offer,,El hotel va a ofrecer un descuento este mes.,ok,The hotel is going to offer a discount this month.
flashcard,rank 97,descubrir,to discover,,Quiero descubrir pueblos nuevos este verano.,ok,I want to discover new villages this summer.
flashcard,rank 98,levantar,to lift; to raise,,Entre los dos pudieron levantar la caja sin dañarla.,ok,Together they managed to lift the box without damaging it.
flashcard,rank 99,intentar,to try; to attempt,,Voy a intentar terminar hoy mismo.,ok,I'm going to try to finish today.
flashcard,rank 100,usar,to use,,No me gusta usar la ropa de otras personas.,ok,I do not like wearing anybody else's clothes.
flashcard,rank 101,decidir,to decide,,Tenemos que decidir el destino del viaje.,ok,We have to decide on the trip's destination.
flashcard,rank 102,repetir,to repeat,,"¿Puedes repetir lo que acabas de decir, por favor?",ok,Could you please repeat what you just said?
flashcard,rank 103,olvidar,to forget,,Esto es algo realmente importante que no deberías olvidar.,ok,That's something really important that you shouldn't forget.
flashcard,rank 104,aprender,to learn,,Quiero aprender a tocar la guitarra.,ok,I want to learn to play the guitar.
flashcard,rank 105,cerrar,to close,,La encargada va a cerrar la tienda a las nueve.,ok,The manager is going to close the shop at nine.
flashcard,rank 106,comer,to eat,,¿Dónde me puedo lavar las manos antes de comer?,ok,Where can I wash my hands before I eat?
flashcard,rank 107,cantar,to sing,,A mi hija le encanta cantar en el coro.,ok,My daughter loves singing in the choir.
flashcard,rank 108,bailar,to dance,,Vamos a bailar en la boda de mi prima.,ok,We're going to dance at my cousin's wedding.
flashcard,rank 109,comprar,to buy,,Necesito comprar pan de camino a casa.,ok,I need to buy bread on the way home.
flashcard,rank 110,vender,to sell,,Mis padres quieren vender la casa vieja.,ok,My parents want to sell the old house.
flashcard,rank 111,viajar,to travel,,"En aquellos días, poca gente podía viajar al extranjero.",ok,"In those days, few people could travel abroad."
flashcard,rank 112,caminar,to walk,,"En aquellos tiempos, salía a caminar antes del desayuno.",ok,"In those days, I went out walking before breakfast."
flashcard,rank 113,conducir,to drive,,Todavía no sé conducir un coche manual.,ok,I still don't know how to drive a manual car.
flashcard,rank 114,dormir,to sleep,,Tenemos que dormir al menos ocho horas al día.,ok,We must sleep at least eight hours a day.
flashcard,rank 115,beber,to drink,,Conviene beber agua antes y después del ejercicio.,ok,It is advisable to drink water before and after exercise.
flashcard,rank 116,cocinar,to cook,,Me relaja cocinar los domingos.,ok,Cooking on Sundays relaxes me.
flashcard,rank 117,lavar,to wash,,¿Puedo lavar toda mi ropa de una sola vez?,ok,May I wash all my laundry at once?
flashcard,rank 118,limpiar,to clean,,Quiero que todos me ayuden a limpiar la casa.,ok,I want everyone to help me clean the house.
flashcard,rank 119,cortar,to cut,,Este cuchillo está tan desafilado que no puede cortar.,ok,This knife is so dull that it can't cut.
flashcard,rank 120,romper,to break,,"Ten cuidado, ese jarrón se puede romper.",ok,"Be careful, that vase can break."
flashcard,rank 121,enviar,to send,,Pido disculpas por la demora en enviar la agenda.,ok,I apologize for the delay in sending the agenda.
flashcard,rank 122,enseñar,to teach,,Ella es capaz de enseñar tanto inglés como francés.,ok,She is capable of teaching both English and French.
flashcard,rank 123,mostrar,to show,,Te voy a mostrar las fotos del viaje.,ok,I'm going to show you the trip photos.
flashcard,rank 124,compartir,to share,,Me gusta compartir recetas con mis amigas.,ok,I like sharing recipes with my friends.
flashcard,rank 125,elegir,to choose,,El jurado deberá elegir el proyecto más sostenible.,ok,The panel must choose the most sustainable project.
flashcard,rank 126,incluir,to include,,El precio va a incluir el desayuno.,ok,The price is going to include breakfast.
flashcard,rank 127,excluir,to exclude,,Esta oferta va a excluir los fines de semana.,ok,This offer is going to exclude weekends.
flashcard,rank 128,mejorar,to improve,,Leer en voz alta puede mejorar tu pronunciación.,ok,Reading aloud can improve your pronunciation.
flashcard,rank 129,empeorar,to get worse,,El tiempo puede empeorar por la tarde.,ok,The weather might get worse in the afternoon.
flashcard,rank 130,crecer,to grow,,Esta planta va a crecer muy rápido.,ok,This plant is going to grow very fast.
flashcard,rank 131,reducir,to reduce,,Por lo tanto es necesario reducir el costo.,ok,"Therefore, it is necessary to reduce the cost."
flashcard,rank 132,aumentar,to increase,,La empresa va a aumentar los precios.,ok,The company is going to raise prices.
flashcard,rank 133,bajar,to go down; to lower,,Voy a bajar la música un poco.,ok,I'm going to turn the music down a bit.
flashcard,rank 134,subir,to go up; to raise,,Vamos a subir la montaña este sábado.,ok,We're going to climb the mountain this Saturday.
flashcard,rank 135,regresar,to return,,Espero regresar antes de que oscurezca.,ok,I hope to return before it gets dark.
flashcard,rank 136,permanecer,to remain,,Vamos a permanecer aquí unos días más.,ok,We're going to stay here a few more days.
flashcard,rank 137,mover,to move,,Necesito mover el sofá de sitio.,ok,I need to move the sofa to another spot.
flashcard,rank 138,parar,to stop,,El árbitro de hockey intervino para parar la pelea.,ok,The hockey referee intervened to stop the fight.
flashcard,rank 139,continuar,to continue,,Vamos a continuar la clase después del descanso.,ok,We're going to continue the class after the break.
flashcard,rank 140,preparar,to prepare,,No todos pueden preparar una buena taza de café.,ok,Not everyone can make a good cup of coffee.
flashcard,rank 141,responder,to answer,,Voy a responder tu mensaje enseguida.,ok,I'm going to answer your message right away.
flashcard,rank 142,añadir,to add,,Creo que deberías añadir una pizca más de pimienta.,ok,I think you should add a bit more pepper.
flashcard,rank 143,quitar,to remove,,Voy a quitar el polvo de la estantería.,ok,I'm going to dust off the shelf.
flashcard,rank 144,quitarse,to take off,,"Al entrar en casa, decidió quitarse el abrigo mojado.",ok,"On entering the house, she decided to take off her wet coat."
flashcard,rank 145,vestir,to dress,,Mi madre suele vestir muy elegante.,ok,My mother usually dresses very elegantly.
flashcard,rank 146,llevarse,to take away; to get along,,Pienso que él puede llevarse bien con su vecino.,ok,I think he can get along with his neighbor.
flashcard,rank 147,levantarse,to get up,,Suelo levantarme a las siete cada día.,ok,I usually get up at seven every day.
flashcard,rank 148,sentarse,to sit down,,Vamos a sentarnos cerca de la ventana.,ok,We're going to sit near the window.
flashcard,rank 149,acostarse,to go to bed,,No olvide apagar todas las luces antes de acostarse.,ok,Don't forget to turn off all the lights before going to bed.
flashcard,rank 150,despertarse,to wake up,,Es difícil despertarse sin una taza de café fuerte.,ok,It is hard to wake up without a strong cup of coffee.
flashcard,rank 151,ducharse,to shower,,Es obligatorio ducharse antes de meterse en la piscina.,ok,You must shower before entering the pool.
flashcard,rank 152,bañarse,to bathe,,A mis niños no les gusta bañarse.,ok,My kids don't like taking baths.
flashcard,rank 153,peinarse,to comb one's hair,,Voy a peinarme antes de la entrevista.,ok,I'm going to comb my hair before the interview.
flashcard,rank 154,afeitarse,to shave,,Mi padre suele afeitarse cada mañana.,ok,My father usually shaves every morning.
flashcard,rank 155,casar,to marry (someone),,Ella quiere casar a su hija con un doctor.,ok,She wants to marry her daughter to a doctor.
flashcard,rank 156,casarse,to get married,,"Ella prometió casarse con él, pero no lo hizo.",ok,"She promised to marry him, but she didn't."
flashcard,rank 157,reunir,to gather,,Él trató de reunir los fragmentos de un jarrón roto.,ok,He tried to put the fragments of a broken vase together.
flashcard,rank 158,reunirse,to meet; to get together,,Vamos a reunirnos el lunes para hablar del proyecto.,ok,We're going to meet on Monday to talk about the project.
flashcard,rank 159,encontrarse,to meet; to find oneself,,Ella prometió encontrarse con él ayer por la noche.,ok,She promised to meet him last night.
flashcard,rank 160,preocupar,to worry,,El retraso empezó a preocupar a la familia.,ok,The delay began to worry the family.
flashcard,rank 161,preocuparse,to worry; to become worried,,No hace falta preocuparse tanto por eso.,ok,There's no need to worry so much about that.
flashcard,rank 162,ocupar,to occupy,,Esta caja va a ocupar mucho espacio.,ok,This box is going to take up a lot of space.
flashcard,rank 163,ocuparse,to take care of; to deal with,,Aquí no hay nadie que pueda ocuparse del problema.,ok,There's no one here who can deal with the problem.
flashcard,rank 164,llamarse,to be called,,"En aquella época, el pueblo solía llamarse Villanueva del Río.",ok,"In those days, the village used to be called Villanueva del Río."
flashcard,rank 165,sentirse,to feel,,"Después de descansar, Marta empezó a sentirse mucho mejor.",ok,"After resting, Marta began to feel much better."
flashcard,rank 166,acordar,to agree,,Los vecinos lograron acordar un horario para las obras.,ok,The neighbours managed to agree on a schedule for the building work.
flashcard,rank 167,acordarse,to remember,,No consigo acordarme de su nombre.,ok,I can't manage to remember his name.
flashcard,rank 168,olvidarse,to forget,,Espero no olvidarme las llaves otra vez.,ok,I hope I don't forget my keys again.
flashcard,rank 169,contestar,to answer,,Voy a contestar el correo por la tarde.,ok,I'm going to answer the email in the afternoon.
flashcard,rank 170,describir,to describe,,¿Puede describir la situación en la que se encontraba?,ok,Can you describe the situation you were in?
flashcard,rank 171,comparar,to compare,,Vamos a comparar los dos presupuestos.,ok,We're going to compare the two budgets.
flashcard,rank 172,cambiarse,to change clothes; to move,,Voy a cambiarme antes de salir a cenar.,ok,I'm going to change clothes before going out to dinner.
flashcard,rank 173,probar,to try; to test,,Quiero probar este plato nuevo del menú.,ok,I want to try this new dish on the menu.
flashcard,rank 174,prohibir,to prohibit,,El ayuntamiento decidió prohibir las barbacoas durante la sequía.,ok,The council decided to ban barbecues during the drought.
flashcard,rank 175,obligar,to force; to oblige,,Nunca te voy a obligar a casarte con él.,ok,I will never force you to marry him.
flashcard,rank 176,recomendar,to recommend,,¿Me podrías recomendar un buen restaurante por aquí cerca?,ok,Could you recommend a nice restaurant near here?
flashcard,rank 177,aconsejar,to advise,,Mi médico me suele aconsejar caminar más.,ok,My doctor usually advises me to walk more.
flashcard,rank 178,sugerir,to suggest,,Voy a sugerir otra fecha para la cita.,ok,I'm going to suggest a different date for the appointment.
flashcard,rank 179,invitar,to invite,,¿La vas a invitar a ella a la fiesta?,ok,Are you going to invite her to the party?
flashcard,rank 180,rechazar,to reject,,Él me hizo una oferta que no pude rechazar.,ok,He made me an offer I couldn't refuse.
flashcard,rank 181,negar,to deny,,No puedo negar que estoy nervioso.,ok,I can't deny that I'm nervous.
flashcard,rank 182,afirmar,to affirm,,"Sin pruebas sólidas, nadie debería afirmar que el cuadro es falso.",ok,"Without solid evidence, nobody should claim that the painting is fake."
flashcard,rank 183,prometer,to promise,,Te prometo llamarte en cuanto llegue.,ok,I promise to call you as soon as I arrive.
flashcard,rank 184,fallar,to fail,,Un plan así está destinado a fallar.,ok,Such a plan is bound to fail.
flashcard,rank 185,ahorrar,to save (money),,Lucía empezó a ahorrar para comprar una bicicleta.,ok,Lucía began to save for a bicycle.
flashcard,rank 186,gastar,to spend,,Conviene comparar precios antes de gastar los ahorros.,ok,It is wise to compare prices before spending your savings.
flashcard,rank 187,cobrar,to charge; to collect,,El taller va a cobrar la reparación mañana.,ok,The garage is going to charge for the repair tomorrow.
flashcard,rank 188,costar,to cost,,El viaje puede costar más de cien euros.,ok,The trip can cost more than a hundred euros.
flashcard,rank 189,valer,to be worth,,Esta entrada puede valer más si el músico se hace famoso.,ok,This ticket may be worth more if the musician becomes famous.
flashcard,rank 190,preferir,to prefer,,Prefiero viajar en tren.,ok,I prefer to travel by train.
flashcard,rank 191,odiar,to hate,,Odio esperar en filas largas.,ok,I hate waiting in long lines.
flashcard,rank 192,amar,to love,,No puedo amar a nadie más que a ti.,ok,I can't love anyone but you.
flashcard,rank 193,encantar,to delight; to love,,Sé que este libro te va a encantar.,ok,I know you're going to love this book.
flashcard,rank 194,molestar,to bother,,No quiero molestar a nadie mientras estudia.,ok,I do not want to disturb anyone while they are studying.
flashcard,rank 195,importar,to matter,,Lo que piensas puede importar mucho.,ok,What you think can matter a lot.
flashcard,rank 196,faltar,to be missing; to lack,,Puede faltar una pieza.,ok,A piece might be missing.
flashcard,rank 197,doler,to hurt,,Te prometo que no te va a doler.,ok,"It won't hurt, I promise."
flashcard,rank 198,aburrir,to bore,,No te voy a aburrir con los detalles.,ok,I won't bore you with the details.
flashcard,rank 199,divertir,to entertain,,El cuentacuentos consiguió divertir a niños y adultos.,ok,The storyteller managed to entertain both children and adults.
flashcard,rank 200,interesar,to interest,,La charla podría interesar a quienes estudian arquitectura sostenible.,ok,The talk might interest people who study sustainable architecture.
flashcard,rank 201,sorprender,to surprise,,La respuesta puede sorprenderte.,ok,The answer might surprise you.
flashcard,rank 202,cansar,to tire,,Caminar tanto puede cansar a cualquiera.,ok,Walking that much can tire anyone out.
flashcard,rank 203,alegrar,to cheer up,,Me acabas de alegrar el día.,ok,You just made my day.
flashcard,rank 204,entristecer,to sadden,,Ver el parque abandonado suele entristecer a los vecinos mayores.,ok,Seeing the park neglected tends to sadden the older residents.
flashcard,rank 205,asustar,to scare,,Ese ruido puede asustar al perro.,ok,That noise can scare the dog.
flashcard,rank 206,enfadar,to anger,,El retraso volvió a enfadar a los pasajeros.,ok,The delay made the passengers angry again.
flashcard,rank 207,calmar,to calm,,Un té caliente puede calmar los nervios.,ok,A hot tea can calm the nerves.
flashcard,rank 208,relajar,to relax,,Yo pienso que ahora nos podemos relajar.,ok,I think we can relax now.
flashcard,rank 209,temer,to fear,,No debes temer el cambio.,ok,You shouldn't fear change.
flashcard,rank 210,confiar,to trust,,Él es un hombre en quien siempre puedes confiar.,ok,He is a man who can always be trusted.
flashcard,rank 211,dudar,to doubt,,Es normal dudar al principio.,ok,It's normal to doubt yourself at first.
flashcard,rank 212,planear,to plan,,Vamos a planear la ruta antes de reservar los hoteles.,ok,We are going to plan the route before booking the hotels.
flashcard,rank 213,organizar,to organize,,Necesito organizar mi escritorio hoy.,ok,I need to organize my desk today.
flashcard,rank 214,reservar,to reserve; to book,,Quiero reservar una mesa para cuatro a las seis.,ok,I'd like to reserve a table for four at six.
flashcard,rank 215,cancelar,to cancel,,Una repentina enfermedad la forzó a cancelar su cita.,ok,A sudden illness forced her to cancel her appointment.
flashcard,rank 216,visitar,to visit,,El próximo domingo iremos a visitar a nuestra tía.,ok,We are going to visit our aunt next Sunday.
flashcard,rank 217,explorar,to explore,,Nos encanta explorar pueblos pequeños.,ok,We love exploring small villages.
flashcard,rank 218,quedarse,to stay,,Ella está acostumbrada a quedarse despierta toda la noche.,ok,She is used to staying up all night.
flashcard,rank 219,alojar,to lodge,,Este hotel puede alojar a más de 1000 huéspedes.,ok,"This hotel can accommodate over 1,000 guests."
flashcard,rank 220,alojarse,to stay; to lodge,,"Durante el congreso, los ponentes podrán alojarse junto a la estación.",ok,"During the conference, the speakers can stay near the station."
flashcard,rank 221,volar,to fly,,"Si yo fuera un pájaro, podría volar hasta ti.",ok,"If I were a bird, I could fly to you."
flashcard,rank 222,montar,to ride; to mount,,A mi hijo le gusta montar en bicicleta.,ok,My son likes riding his bike.
flashcard,rank 223,nadar,to swim,,¿Esta tarde prefieres ir a navegar o a nadar?,ok,Would you rather go sailing or swimming this afternoon?
flashcard,rank 224,andar,to walk; to go,,Ella estaba tan cansada que no podía andar.,ok,She was so tired that she couldn't walk.
flashcard,rank 225,pasear,to stroll,,Él salió a pasear con ella esta mañana.,ok,He went for a walk with her this morning.
flashcard,rank 226,cruzar,to cross,,Él fue el primer hombre en cruzar el Pacífico.,ok,He was the first man to cross the Pacific.
flashcard,rank 227,girar,to turn,,¿Qué ocurriría si la Tierra dejara de girar?,ok,What would happen if the earth stopped spinning?
flashcard,rank 228,detener,to stop; to detain,,Levanté la mano para detener un taxi.,ok,I held up my hand to stop a taxi.
flashcard,rank 229,detenerse,to stop oneself,,El coche se va a detener en el semáforo.,ok,The car is going to stop at the traffic light.
flashcard,rank 230,aparcar,to park,,Voy a aparcar cerca de la entrada.,ok,I'm going to park near the entrance.
flashcard,rank 231,arrancar,to start (engine),,El coche no quiere arrancar esta mañana.,ok,The car doesn't want to start this morning.
flashcard,rank 232,frenar,to brake,,El conductor tuvo que frenar al ver el semáforo rojo.,ok,The driver had to brake when he saw the red light.
flashcard,rank 233,acelerar,to accelerate,,No hace falta acelerar tanto en esta curva.,ok,There's no need to accelerate so much on this curve.
flashcard,rank 234,saltar,to jump,,El perro puede saltar la valla del jardín.,ok,The dog can jump over the garden fence.
flashcard,rank 235,lanzar,to throw,,Van a lanzar el nuevo producto en abril.,ok,They're going to launch the new product in April.
flashcard,rank 236,tirar,to throw; to pull,,Voy a tirar estas cajas viejas.,ok,I'm going to throw away these old boxes.
flashcard,rank 237,recoger,to pick up,,¿Te importaría recoger algo en el camino de regreso?,ok,Would you mind picking up something on the way back?
flashcard,rank 238,guardar,to keep; to save,,Deberías guardar tus objetos de valor en un lugar seguro.,ok,You should keep your valuables in a safe place.
flashcard,rank 239,hallar,to find,,Espero hallar una solución pronto.,ok,I hope to find a solution soon.
flashcard,rank 240,esconder,to hide,,Ese secreto no se puede esconder para siempre.,ok,That secret can't be kept forever.
flashcard,rank 241,esconderse,to hide oneself,,"El estudio es muy pequeño, sin lugares donde esconderse.",ok,"The studio is very small, with no place to hide."
flashcard,rank 242,observar,to observe,,Nos gusta observar los pájaros en el parque.,ok,We like to observe the birds in the park.
flashcard,rank 243,oler,to smell,,La cocina huele a pan recién hecho.,ok,The kitchen smells like freshly baked bread.
flashcard,rank 244,comentar,to comment,,Tengo un asunto complicado que quiero comentar contigo.,ok,I have a complicated matter I want to discuss with you.
flashcard,rank 245,conversar,to converse,,Es grosero conversar en medio de un concierto.,ok,It's bad manners to talk during a concert.
flashcard,rank 246,discutir,to discuss; to argue,,"Antes de discutir el presupuesto, revisemos las cifras.",ok,"Before discussing the budget, let us review the figures."
flashcard,rank 247,gritar,to shout,,No hace falta gritar para que todos te oigan.,ok,You do not need to shout for everyone to hear you.
flashcard,rank 248,susurrar,to whisper,,"Para no despertar al bebé, tuvimos que susurrar en el pasillo.",ok,"To avoid waking the baby, we had to whisper in the corridor."
flashcard,rank 249,firmar,to sign,,Lee todas las condiciones antes de firmar el contrato.,ok,Read all the terms before signing the contract.
flashcard,rank 250,copiar,to copy,,Puedes copiar la dirección en tu cuaderno.,ok,You can copy the address into your notebook.
flashcard,rank 251,borrar,to erase; to delete,,"Está escrito a lápiz, así que lo podéis borrar.",ok,"It's written in pencil, so you can erase it."
flashcard,rank 252,dibujar,to draw,,A mi hijo le encanta dibujar animales.,ok,My son loves drawing animals.
flashcard,rank 253,pintar,to paint,,Pintar es otra cosa que puedo hacer bastante bien.,ok,Painting is another thing I can do fairly well.
flashcard,rank 254,imprimir,to print,,Este aparato puede imprimir sesenta páginas por minuto.,ok,This machine can print sixty pages a minute.
flashcard,rank 255,publicar,to publish,,Él acaba de publicar una interesante serie de artículos.,ok,He has just published an interesting series of articles.
flashcard,rank 256,encender,to turn on,,Apreté el botón para encender la radio.,ok,I pressed the button to turn the radio on.
flashcard,rank 257,apagar,to turn off,,Deberías apagar la luz antes de irte a dormir.,ok,You should turn off the light before going to sleep.
flashcard,rank 258,conectar,to connect,,Necesito conectar el portátil al proyector.,ok,I need to connect the laptop to the projector.
flashcard,rank 259,desconectar,to disconnect,,Conviene desconectar la tostadora antes de limpiarla.,ok,It is sensible to unplug the toaster before cleaning it.
flashcard,rank 260,cargar,to load; to charge,,El personal ayudó a cargar las cajas en la furgoneta.,ok,The staff helped load the boxes into the van.
flashcard,rank 261,descargar,to download,,Puedes descargar grabaciones de nativos en nuestra página web.,ok,You can download audio files by native speakers from our website.
flashcard,rank 262,instalar,to install,,El hombre trató de instalar su propia antena.,ok,The man tried to install his own antenna.
flashcard,rank 263,actualizar,to update,,Tengo que actualizar el sistema esta noche.,ok,I have to update the system tonight.
flashcard,rank 264,reparar,to repair,,El técnico va a reparar la lavadora mañana.,ok,The technician is going to repair the washing machine tomorrow.
flashcard,rank 265,funcionar,to work; to function,,No está claro que podamos hacer funcionar el motor.,ok,It is doubtful if we can get the engine working.
flashcard,rank 266,seleccionar,to select,,Mantén pulsada la tecla Mayús para seleccionar varias fotografías.,ok,Hold down the Shift key to select several photographs.
flashcard,rank 267,pulsar,to press,,Todo lo que tienes que hacer es pulsar el botón.,ok,All you have to do is press the button.
flashcard,rank 268,clicar,to click,,Basta con clicar en el icono azul para abrir el calendario.,ok,You only need to click the blue icon to open the calendar.
flashcard,rank 269,navegar,to browse,,Ella estaba deseando irse a navegar con él.,ok,She was looking forward to going sailing with him.
flashcard,rank 270,eliminar,to delete,,Este filtro permite eliminar el ruido de fondo de la grabación.,ok,This filter can remove background noise from the recording.
flashcard,rank 271,editar,to edit,,"Para editar una frase, haga clic en el icono de lápiz.",ok,"To edit a sentence, click on the pencil icon."
flashcard,rank 272,revisar,to review,,Voy a revisar el horario antes de comprar los billetes.,ok,I am going to check the timetable before buying the tickets.
flashcard,rank 273,comprobar,to check,,Vamos a comprobar que todo funciona bien.,ok,We're going to check that everything works well.
flashcard,rank 274,medir,to measure,,Él se debe medir la presión sanguínea todos los días.,ok,He has to have his blood pressure taken every day.
flashcard,rank 275,calcular,to calculate,,Los científicos fácilmente pueden calcular la distancia entre planetas.,ok,Scientists can easily compute the distance between planets.
flashcard,rank 276,sumar,to add,,¿Puedes sumar estos números?,ok,Can you add these numbers?
flashcard,rank 277,restar,to subtract,,"Para calcular el cambio, hay que restar dieciocho euros de cincuenta.",ok,"To calculate the change, you have to subtract eighteen euros from fifty."
flashcard,rank 278,multiplicar,to multiply,,La receta exige multiplicar todas las cantidades por tres.,ok,The recipe requires you to multiply all the quantities by three.
flashcard,rank 279,dividir,to divide,,Vamos a dividir la tarta en ocho trozos.,ok,We're going to divide the cake into eight pieces.
flashcard,rank 280,ordenar,to order; to sort,,No tengo tiempo de ordenar mis libros antes de irme.,ok,I have no time to put my books in order before I go.
flashcard,rank 281,clasificar,to classify,,Nos llevó toda la tarde clasificar las cartas por fecha.,ok,It took us all afternoon to sort the letters by date.
flashcard,rank 282,agrupar,to group,,Puedes agrupar las piezas según su forma y su color.,ok,You can group the pieces according to their shape and colour.
flashcard,rank 283,mezclar,to mix,,Vas a mezclar la harina con el azúcar.,ok,You're going to mix the flour with the sugar.
flashcard,rank 284,separar,to separate,,Ellos se quieren separar después de 40 años de matrimonio.,ok,They want to separate after 40 years of marriage.
flashcard,rank 285,pegar,to paste; to glue,,Usa cinta de papel para pegar el dibujo a la cartulina.,ok,Use masking tape to stick the drawing to the card.
flashcard,rank 286,unir,to join,,Necesitamos un nuevo líder para unir a nuestra empresa.,ok,We need a new leader to pull our company together.
flashcard,rank 287,llenar,to fill,,Voy a llenar la botella de agua.,ok,I'm going to fill the water bottle.
flashcard,rank 288,vaciar,to empty,,El camarero salió a vaciar las botellas en el contenedor verde.,ok,The waiter went out to empty the bottles into the green recycling bin.
flashcard,rank 289,cubrir,to cover,,Ese dinero es suficiente para cubrir los gastos.,ok,That's enough money to cover the expenses.
flashcard,rank 290,pausar,to pause,,No olvides pausar la grabación cuando termine la entrevista.,ok,Do not forget to pause the recording when the interview ends.
flashcard,rank 291,reiniciar,to restart,,¿Probaste a reiniciar el ordenador?,ok,Did you try restarting the computer?
flashcard,rank 292,practicar,to practice,,A mí me gusta tanto ver como practicar deportes.,ok,I like both watching and playing sports.
flashcard,rank 293,memorizar,to memorize,,Tenemos que memorizar este poema para la próxima clase.,ok,We have to memorize this poem by the next class.
flashcard,rank 294,imaginar,to imagine,,¿Te puedes imaginar cómo sería la vida sin televisión?,ok,Can you imagine what life would be like without television?
flashcard,rank 295,soñar,to dream,,Me gusta soñar con viajes largos.,ok,I like to dream about long trips.
flashcard,rank 296,desear,to wish; to desire,,Todos podemos desear algo mejor.,ok,We can all wish for something better.
flashcard,rank 297,evitar,to avoid,,Debemos evitar que este tipo de incidente se repita.,ok,We must prevent this type of incident from recurring.
flashcard,rank 298,tener,to have,,Quiero tener más tiempo libre.,ok,I want to have more free time.
flashcard,rank 299,convertirse,to become,,La idea puede convertirse en un proyecto.,ok,The idea can turn into a project.
flashcard,rank 300,disminuir,to decrease,,Es necesaria la cooperación de los empleados para disminuir los gastos.,ok,The employees need to cooperate to lower expenses.
flashcard,rank 301,desarrollar,to develop,,El equipo espera desarrollar una batería más duradera.,ok,The team hopes to develop a longer-lasting battery.
flashcard,rank 302,construir,to build,,El coste de construir el ferrocarril era demasiado alto.,ok,The cost of building the railroad was very high.
flashcard,rank 303,destruir,to destroy,,La humedad puede destruir documentos antiguos en pocos meses.,ok,Damp can destroy old documents within a few months.
flashcard,rank 304,fabricar,to manufacture,,La cooperativa aprendió a fabricar jabón con aceite usado.,ok,The cooperative learnt to make soap from used oil.
flashcard,rank 305,alquilar,to rent,,Queremos alquilar un piso cerca del centro.,ok,We want to rent a flat near the centre.
flashcard,rank 306,devolver,to return; to give back,,Tengo que devolver este libro a la biblioteca.,ok,I have to return this book to the library.
flashcard,rank 307,prestar,to lend,,¿Me puedes prestar tu paraguas?,ok,Can you lend me your umbrella?
flashcard,rank 308,mandar,to send; to order,,Olvidé mandar tarjetas de año nuevo a mis amigos.,ok,I forgot to send New Year's cards to my friends.
flashcard,rank 309,entregar,to deliver,,Tengo que entregar el proyecto el viernes.,ok,I have to hand in the project on Friday.
flashcard,rank 310,invertir,to invest,,El gobierno debería invertir más dinero en la agricultura.,ok,The government should invest more money in agriculture.
flashcard,rank 311,descansar,to rest,,El anciano se detuvo un momento para descansar.,ok,The old man stopped for a moment to rest.
flashcard,rank 312,despertar,to wake,,La luz del amanecer suele despertar a los pájaros del jardín.,ok,The light at dawn usually wakes the birds in the garden.
flashcard,rank 313,sentar,to seat; to sit someone down,,La anfitriona decidió sentar a los invitados cerca de la ventana.,ok,The host decided to seat the guests near the window.
flashcard,rank 314,acostar,to put to bed,,Voy a acostar al bebé después del baño.,ok,I am going to put the baby to bed after the bath.
flashcard,rank 315,vestirse,to get dressed,,Los niños dependen de los padres para alimentarse y vestirse.,ok,Children depend on their parents for food and clothing.
flashcard,rank 316,desnudar,to undress,,La enfermera va a desnudar al paciente para la revisión.,ok,The nurse is going to undress the patient for the check-up.
flashcard,rank 317,desnudarse,to get undressed,,Los nadadores entraron en los vestuarios para desnudarse.,ok,The swimmers went into the changing rooms to get undressed.
flashcard,rank 318,lavarse,to wash oneself,,Voy a lavarme las manos antes de comer.,ok,I'm going to wash my hands before eating.
flashcard,rank 319,duchar,to shower someone; to shower,,"Después del paseo, tuvimos que duchar al perro.",ok,"After the walk, we had to shower the dog."
flashcard,rank 320,bañar,to bathe someone,,¿A quién le toca bañar al perro?,ok,Whose turn is it to give the dog a bath?
flashcard,rank 321,peinar,to comb,,Voy a peinar a mi hija para el colegio.,ok,I'm going to comb my daughter's hair for school.
flashcard,rank 322,afeitar,to shave,,El barbero va a afeitar al cliente con cuidado.,ok,The barber is going to shave the customer carefully.
flashcard,rank 323,maquillar,to put makeup on,,Una artista vino a maquillar a los actores antes del estreno.,ok,A make-up artist came to do the actors' make-up before the première.
flashcard,rank 324,maquillarse,to put on makeup,,Voy a maquillarme antes de la fiesta.,ok,I'm going to put on makeup before the party.
flashcard,rank 325,desayunar,to have breakfast,,¿Tú crees que desayunar todos los días es importante?,ok,Do you think that eating breakfast every day is important?
flashcard,rank 326,almorzar,to have lunch,,Vamos a almorzar en aquel restaurante cerca de la oficina.,ok,We're going to have lunch at that restaurant near the office.
flashcard,rank 327,cenar,to have dinner,,Vamos a cenar temprano hoy.,ok,We're going to have dinner early today.
flashcard,rank 328,merendar,to have a snack,,"Cuando salíamos del colegio, solíamos merendar pan con chocolate.",ok,"When we left school, we used to have bread and chocolate as an afternoon snack."
flashcard,rank 329,calentar,to heat,,Voy a calentar la sopa para la cena.,ok,I'm going to heat up the soup for dinner.
flashcard,rank 330,enfriar,to cool,,Es mejor enfriar el vino blanco antes de servirlo.,ok,It's better to chill white wine before you serve it.
flashcard,rank 331,hervir,to boil,,"Ni siquiera sé hervir agua, mucho menos asar un pavo.",ok,"I cannot even boil water, much less roast a turkey."
flashcard,rank 332,freír,to fry,,Hace tanto calor afuera que podrías freír un huevo.,ok,"It's so hot outside, you could fry an egg."
flashcard,rank 333,hornear,to bake,,Hoy voy a hornear una tarta de melocotón.,ok,I'm going to bake a peach pie today.
flashcard,rank 334,pelar,to peel,,Voy a pelar las patatas antes de poner agua a hervir.,ok,I am going to peel the potatoes before boiling the water.
flashcard,rank 335,echar,to throw in; to add,,Recuerda echar una pizca de sal antes de servir la sopa.,ok,Remember to add a pinch of salt before serving the soup.
flashcard,rank 336,secar,to dry,,Voy a secar la ropa antes de guardarla.,ok,I'm going to dry the clothes before putting them away.
flashcard,rank 337,planchar,to iron,,Hace falta planchar esta camisa.,ok,This shirt needs to be ironed.
flashcard,rank 338,barrer,to sweep,,Voy a barrer la cocina después de cenar.,ok,I'm going to sweep the kitchen after dinner.
flashcard,rank 339,fregar,to scrub; to mop,,¿Quieres que te ayude a fregar los platos?,ok,Would you like me to help you with washing the dishes?
flashcard,rank 340,arreglar,to fix; to arrange,,Necesito arreglar la bicicleta este fin de semana.,ok,I need to fix the bike this weekend.
flashcard,rank 341,reciclar,to recycle,,La oficina empezó a reciclar todo el papel usado.,ok,The office began to recycle all its used paper.
flashcard,rank 342,plantar,to plant,,"Cuando tenía 14 años, él empezó a plantar fresas.",ok,"When he was 14, he started to plant strawberries."
flashcard,rank 343,regar,to water,,No es bueno regar las plantas a pleno sol.,ok,It's not good to water plants in direct sunlight.
flashcard,rank 344,cuidar,to care for,,Ella ayudó a su madre a cuidar del bebé.,ok,She assisted her mother in caring for the baby.
flashcard,rank 345,alimentar,to feed,,Preferiría alimentar a mi perro antes de que comamos.,ok,I would rather feed my dog before we eat.
flashcard,rank 346,adoptar,to adopt,,Queremos adoptar un gato del refugio.,ok,We want to adopt a cat from the shelter.
flashcard,rank 347,criar,to raise; to breed,,Mis abuelos suelen criar gallinas en el pueblo.,ok,My grandparents usually raise chickens in the village.
flashcard,rank 348,cazar,to hunt,,¿Cuándo fue la última vez que fueron a cazar?,ok,When was the last time you went hunting?
flashcard,rank 349,pescar,to fish,,Era un buen día así que fuimos a pescar.,ok,It was a nice day so we went fishing.
flashcard,rank 350,morder,to bite,,Tiene el mal hábito de morder el lápiz.,ok,He has the bad habit of chewing his pencil.
flashcard,rank 351,ladrar,to bark,,Ella oyó a un perro ladrar a lo lejos.,ok,She heard a dog barking in the distance.
flashcard,rank 352,maullar,to meow,,Oímos al gato maullar detrás de la puerta cerrada.,ok,We heard the cat miaow behind the closed door.
flashcard,rank 353,fotografiar,to photograph,,A mi hermano le encanta fotografiar montañas.,ok,My brother loves taking pictures of mountains.
flashcard,rank 354,grabar,to record,,Se necesitaron muchos meses para grabar esa película.,ok,It took several months to shoot that film.
flashcard,rank 355,filmar,to film,,El director eligió filmar la última escena al amanecer.,ok,The director chose to film the final scene at dawn.
flashcard,rank 356,entrenar,to train,,¿Por qué son los perros más fáciles de entrenar que los gatos?,ok,Why are dogs easier to train than cats?
flashcard,rank 357,competir,to compete,,Tuve que competir con él por un ascenso.,ok,I had to compete with him for promotion.
flashcard,rank 358,empatar,to draw; to tie,,Un gol en el último minuto permitió al Betis empatar el partido.,ok,A goal in the final minute allowed Betis to draw the match.
flashcard,rank 359,marcar,to score; to mark,,El reloj acaba de marcar las tres.,ok,The clock has just struck three.
flashcard,rank 360,atrapar,to catch,,¿Qué tipo de cebo usaste para atrapar estos peces?,ok,What kind of bait did you use to catch these fish?
flashcard,rank 361,golpear,to hit,,Las gotas de lluvia empezaron a golpear suavemente el cristal.,ok,The raindrops began to tap gently against the windowpane.
flashcard,rank 362,patear,to kick,,El defensa corrió hacia el balón para patear desde lejos.,ok,The defender ran towards the ball to kick it from long range.
flashcard,rank 363,pedalear,to pedal,,"Tras el descanso, aún nos quedaban veinte kilómetros por pedalear.",ok,"After the break, we still had twenty kilometres left to cycle."
flashcard,rank 364,esquiar,to ski,,Queremos esquiar en los Pirineos este invierno.,ok,We want to ski in the Pyrenees this winter.
flashcard,rank 365,patinar,to skate,,Yo no esquío pero me gusta mucho patinar.,ok,"I don't ski, but I really like to skate."
flashcard,rank 366,escalar,to climb,,Me gusta escalar árboles de vez en cuando.,ok,I enjoy climbing trees every once in a while.
flashcard,rank 367,despegar,to take off,,El avión va a despegar en cuanto se despeje la pista.,ok,The plane will take off as soon as the runway is clear.
flashcard,rank 368,aterrizar,to land,,Un helicóptero es capaz de despegar y aterrizar verticalmente.,ok,A helicopter is able to take off and land straight up and down.
flashcard,rank 369,facturar,to invoice; to check in luggage,,La aerolínea permite facturar una maleta de hasta veinte kilos.,ok,The airline allows passengers to check in one suitcase weighing up to twenty kilos.
flashcard,rank 370,embarcar,to board; to embark,,Los pasajeros deben embarcar por la puerta doce.,ok,Passengers must board at gate twelve.
flashcard,rank 371,informar,to inform,,Voy a informar al equipo de los cambios.,ok,I'm going to inform the team of the changes.
flashcard,rank 372,confirmar,to confirm,,Necesito confirmar la reserva del restaurante.,ok,I need to confirm the restaurant reservation.
flashcard,rank 373,avisar,to warn; to notify,,¿Me podría avisar cuándo me tengo que bajar?,ok,Would you please tell me when to get off?
flashcard,rank 374,anunciar,to announce,,La empresa espera anunciar los resultados el próximo jueves.,ok,The company expects to announce the results next Thursday.
flashcard,rank 375,comunicar,to communicate,,Nos podemos comunicar en francés.,ok,We can communicate in French.
flashcard,rank 376,traducir,to translate,,¿Puedo ayudar a traducir la página web a otras lenguas?,ok,Can I help translate the website into other languages?
flashcard,rank 377,pronunciar,to pronounce,,No estoy seguro de cómo pronunciar esta palabra.,ok,I am not sure how to pronounce the word.
flashcard,rank 378,deletrear,to spell,,"¿Podría deletrear su nombre, por favor?",ok,"Could you spell your name, please?"
flashcard,rank 379,corregir,to correct,,¿Puedes corregir este informe antes de las 5 de la tarde?,ok,Can you correct this report before 5:00 p.m.?
flashcard,rank 380,aprobar,to pass; to approve,,"Estudié mucho, de modo que pude aprobar el examen.",ok,I studied hard so that I could pass the examination.
flashcard,rank 381,suspender,to fail; to suspend,,Está claro que te van a suspender si no estudias más.,ok,You'll definitely fail if you don't study more.
flashcard,rank 382,examinar,to examine,,Los dentistas toman rayos x para examinar tus dientes.,ok,Dentists take X-rays to examine your teeth.
flashcard,rank 383,evaluar,to evaluate,,Es difícil evaluar su capacidad.,ok,It's difficult to evaluate his ability.
flashcard,rank 384,completar,to complete,,Necesito completar este formulario hoy.,ok,I need to complete this form today.
flashcard,rank 385,rellenar,to fill in,,Tienes que rellenar todos los campos del formulario.,ok,You have to fill in all the fields on the form.
flashcard,rank 386,investigar,to investigate,,Investigar las causas del cáncer es muy costoso.,ok,Investigating the causes of cancer is very expensive.
flashcard,rank 387,analizar,to analyze,,Tenemos que analizar eso.,ok,We have to analyze that.
flashcard,rank 388,experimentar,to experiment,,No tenga miedo de experimentar cosas nuevas.,ok,Don't be afraid to try new things.
flashcard,rank 389,demostrar,to demonstrate,,Voy a demostrar que tengo razón.,ok,I'm going to prove that I'm right.
flashcard,rank 390,concluir,to conclude,,Necesito concluir esta tarea antes de que se haga de noche.,ok,I need to finish this work before it gets dark.
flashcard,rank 391,gestionar,to manage,,Él tiene la capacidad suficiente para gestionar un negocio.,ok,He has enough ability to manage a business.
flashcard,rank 392,liderar,to lead,,Ellos ponen en duda su capacidad para liderar.,ok,They question your ability to lead.
flashcard,rank 393,colaborar,to collaborate,,Vamos a colaborar con otra empresa este año.,ok,We're going to collaborate with another company this year.
flashcard,rank 394,participar,to participate,,No pude participar en el encuentro por estar enfermo.,ok,I wasn't able to attend the meeting due to illness.
flashcard,rank 395,asistir,to attend,,¿Vas a asistir a la reunión de esta noche?,ok,Are you going to attend the meeting tonight?
flashcard,rank 396,proponer,to propose,,Voy a proponer una idea nueva en la reunión.,ok,I'm going to propose a new idea at the meeting.
flashcard,rank 397,negociar,to negotiate,,Vamos a negociar el precio del coche.,ok,We're going to negotiate the price of the car.
flashcard,rank 398,contratar,to hire,,Queremos contratar a alguien que hable un francés fluido.,ok,We want to hire someone who can speak French fluently.
flashcard,rank 399,despedir,to fire; to dismiss,,Ha salido al aeropuerto a despedir a un amigo.,ok,He went to the airport to see his friend off.
flashcard,rank 400,emplear,to employ,,Esta fábrica va a emplear a cien trabajadores.,ok,This factory is going to employ a hundred workers.
flashcard,rank 401,solicitar,to request; to apply for,,Eres demasiado joven para solicitar el empleo.,ok,You're too young to apply for the job.
flashcard,rank 402,contactar,to contact,,Voy a contactar con el proveedor mañana.,ok,I'm going to contact the supplier tomorrow.
flashcard,rank 403,apoyar,to support,,Vamos a apoyar tu decisión pase lo que pase.,ok,We're going to support your decision no matter what.
flashcard,rank 404,resolver,to solve,,"A fin de cuentas, nadie pudo resolver el problema.",ok,No one could solve the problem after all.
flashcard,rank 405,solucionar,to solve; to fix,,Aquí no hay nadie que pueda solucionar el problema.,ok,There's no one here who can deal with the problem.
flashcard,rank 406,implementar,to implement,,El hospital tardará meses en implementar el nuevo protocolo.,ok,The hospital will take months to implement the new protocol.
flashcard,rank 407,diseñar,to design,,No te sería muy difícil diseñar un nuevo sitio web.,ok,It wouldn't be too hard to design a new website for you.
flashcard,rank 408,programar,to program,,"Te enseñaré a programar, pero no hoy.",ok,"I will teach you to program, but not today."
flashcard,rank 409,depurar,to debug,,Necesitamos depurar el programa antes de mostrárselo al cliente.,ok,We need to debug the program before showing it to the client.
flashcard,rank 410,desplegar,to deploy,,El equipo acordó desplegar la actualización durante la madrugada.,ok,The team agreed to deploy the update overnight.
flashcard,rank 411,documentar,to document,,Cada investigador debe documentar los cambios en el experimento.,ok,Each researcher must document the changes to the experiment.
flashcard,rank 412,planificar,to plan,,Reunimos varios mapas para planificar la ruta por los Pirineos.,ok,We gathered several maps to plan the route through the Pyrenees.
flashcard,rank 413,estimar,to estimate,,Resulta difícil estimar el coste sin conocer las medidas exactas.,ok,It is difficult to estimate the cost without knowing the exact measurements.
flashcard,rank 414,priorizar,to prioritize,,"Ante tantas averías, el taller debe priorizar las reparaciones urgentes.",ok,"With so many faults, the garage must prioritise urgent repairs."
flashcard,rank 415,asignar,to assign,,Corresponde a la coordinadora asignar un tutor a cada alumno.,ok,It is the coordinator's responsibility to assign a tutor to each pupil.
flashcard,rank 416,monitorizar,to monitor,,Instalaron sensores para monitorizar la humedad del invernadero.,ok,They installed sensors to monitor the humidity in the greenhouse.
flashcard,rank 417,controlar,to control,,Necesito controlar mejor mis gastos.,ok,I need to control my spending better.
flashcard,rank 418,asegurar,to ensure,,Voy a asegurar que todo esté listo mañana.,ok,I'm going to make sure everything is ready tomorrow.
flashcard,rank 419,proteger,to protect,,Ella arriesgó su vida para proteger a su hijo.,ok,She risked her life to protect her child.
flashcard,rank 420,bloquear,to block,,Voy a bloquear este número desconocido.,ok,I'm going to block this unknown number.
flashcard,rank 421,desbloquear,to unblock,,Una huella dactilar permite desbloquear el teléfono sin contraseña.,ok,A fingerprint lets you unlock the phone without a password.
flashcard,rank 422,registrarse,to register; to sign up,,Quien quiera asistir deberá registrarse antes del viernes.,ok,Anyone wishing to attend must register before Friday.
flashcard,rank 423,iniciar,to start; to initiate,,Vamos a iniciar la reunión en cinco minutos.,ok,We're going to start the meeting in five minutes.
flashcard,rank 424,acceder,to access,,No consigo acceder a mi cuenta.,ok,I can't manage to access my account.
flashcard,rank 425,denegar,to deny,,El banco puede denegar el préstamo si faltan documentos.,ok,The bank may refuse the loan if any documents are missing.
flashcard,rank 426,recuperar,to recover,,Tengo que trabajar duro para recuperar el tiempo perdido.,ok,I have to work hard to make up for lost time.
flashcard,rank 427,renombrar,to rename,,Decidieron renombrar la plaza en honor a la poeta local.,ok,They decided to rename the square in honour of the local poet.
flashcard,rank 428,sincronizar,to synchronize,,"Al conectar el reloj, empieza a sincronizar los datos automáticamente.",ok,"When you connect the watch, it starts synchronising the data automatically."
flashcard,rank 429,exportar,to export,,Voy a exportar los datos a una hoja de cálculo.,ok,I'm going to export the data to a spreadsheet.
flashcard,rank 430,filtrar,to filter,,Vamos a filtrar los resultados por fecha.,ok,We're going to filter the results by date.
flashcard,rank 431,desmarcar,to uncheck,,"Para dejar de recibir publicidad, debes desmarcar esta casilla.",ok,"To stop receiving advertising, you must untick this box."
flashcard,rank 432,avanzar,to advance,,¿Puedes avanzar para que podamos cerrar la puerta?,ok,Could you move forward so we can close the door?
flashcard,rank 433,retroceder,to go back,,Vamos a retroceder un poco en el vídeo.,ok,We're going to go back a bit in the video.
flashcard,rank 434,ocultar,to hide,,Él trató de ocultar lo que realmente estaba pasando.,ok,He tried to hide what was really going on.
flashcard,rank 435,expandir,to expand,,Quisiera expandir mi vocabulario.,ok,I want to increase my vocabulary.
flashcard,rank 436,contraer,to collapse; to contract,,Compartir agujas aumenta el riesgo de contraer una infección.,ok,Sharing needles increases the risk of contracting an infection.
flashcard,rank 437,activar,to activate,,Tienes que activar el sonido de tu micrófono.,ok,You have to unmute your microphone.
flashcard,rank 438,desactivar,to deactivate,,Me gustaría averiguar cómo desactivar comentarios en mi blog.,ok,I wish I could figure out how to disable comments on my blog.
flashcard,rank 439,configurar,to configure,,Voy a configurar el router esta tarde.,ok,I'm going to configure the router this afternoon.
flashcard,rank 440,ajustar,to adjust,,Necesito ajustar el volumen de la tele.,ok,I need to adjust the TV volume.
flashcard,rank 441,restablecer,to reset,,Introduce tu correo electrónico para restablecer la contraseña.,ok,Enter your email address to reset your password.
flashcard,rank 442,duplicar,to duplicate,,Un buen verano podría duplicar la cosecha de tomates.,ok,A good summer could double the tomato harvest.
flashcard,rank 443,arrastrar,to drag,,Evita arrastrar la mesa porque podrías rayar el suelo.,ok,Avoid dragging the table because you might scratch the floor.
flashcard,rank 444,soltar,to release; to drop,,El pescador decidió soltar el pez en el río.,ok,The fisherman decided to release the fish into the river.
flashcard,rank 445,deslizar,to swipe; to slide,,Hay que deslizar la tarjeta por la ranura con la banda hacia abajo.,ok,You need to swipe the card through the slot with the strip facing downwards.
flashcard,rank 446,acercar,to zoom in; to bring closer,,¿Te puedes acercar más?,ok,Can you get any closer?
flashcard,rank 447,alejar,to zoom out; to move away,,La policía intentó alejar a los curiosos del edificio.,ok,The police tried to move the onlookers away from the building.
flashcard,rank 448,escanear,to scan,,Me pidieron escanear el pasaporte y enviar una copia legible.,ok,They asked me to scan my passport and send a legible copy.
flashcard,rank 449,archivar,to archive,,Voy a archivar estos correos antiguos.,ok,I'm going to archive these old emails.
flashcard,rank 450,mencionar,to mention,,Quiero mencionar tu ayuda en el informe.,ok,I want to mention your help in the report.
flashcard,rank 451,notificar,to notify,,La clínica se comprometió a notificar cualquier cambio de horario.,ok,The clinic undertook to notify us of any change to the timetable.
flashcard,rank 452,suscribir,to subscribe,,Puedes suscribir a toda la oficina al boletín mensual.,ok,You can subscribe the whole office to the monthly newsletter.
flashcard,rank 453,renovar,to renew,,Tengo que renovar el pasaporte este año.,ok,I have to renew my passport this year.
flashcard,rank 454,vencer,to expire; to defeat,,Cuatro ases es una mano difícil de vencer.,ok,Four aces is a tough hand to beat.
flashcard,rank 455,caducar,to expire,,Este permiso suele caducar dos años después de su expedición.,ok,This permit usually expires two years after it is issued.
flashcard,rank 456,reclamar,to complain; to claim,,Los pasajeros hicieron cola para reclamar una indemnización.,ok,The passengers queued to claim compensation.
flashcard,rank 457,reembolsar,to refund,,La tienda prometió reembolsar el importe en cinco días laborables.,ok,The shop promised to refund the amount within five working days.
flashcard,rank 458,donar,to donate,,La biblioteca anima a los vecinos a donar libros usados.,ok,The library encourages residents to donate used books.
flashcard,rank 459,regalar,to give as a gift,,Te voy a regalar una bicicleta para tu cumpleaños.,ok,I will give you a bicycle for your birthday.
flashcard,rank 460,inspeccionar,to inspect,,Dos ingenieros bajaron al túnel para inspeccionar las grietas.,ok,Two engineers went down into the tunnel to inspect the cracks.
flashcard,rank 461,pesar,to weigh,,Puedes pesar la harina directamente en este recipiente.,ok,You can weigh the flour directly in this bowl.
flashcard,rank 462,registrar,to register; to record,,El termómetro puede registrar variaciones de una décima de grado.,ok,The thermometer can record variations of one tenth of a degree.
flashcard,rank 463,vigilar,to watch; to monitor,,El guardia va a vigilar el edificio esta noche.,ok,The guard is going to watch the building tonight.
flashcard,rank 464,denunciar,to report; to denounce,,No te voy a denunciar.,ok,I won't press charges.
flashcard,rank 465,rescatar,to rescue,,Estuve a punto de ahogarme al intentar rescatar a un chico.,ok,"I came near being drowned, trying to rescue a boy."
flashcard,rank 466,salvar,to save,,El médico pudo salvar al paciente a tiempo.,ok,The doctor was able to save the patient in time.
flashcard,rank 467,atacar,to attack,,Este hongo puede atacar las raíces de los árboles jóvenes.,ok,This fungus can attack the roots of young trees.
flashcard,rank 468,defender,to defend,,Tenemos que defender nuestro país cueste lo que cueste.,ok,We have to defend our country at any cost.
flashcard,rank 469,luchar,to fight,,Vamos a luchar por mantener nuestros derechos.,ok,We're going to fight to keep our rights.
flashcard,rank 470,matar,to kill,,Una helada tardía puede matar los brotes jóvenes.,ok,A late frost can kill young shoots.
flashcard,rank 471,herir,to injure,,No quiero herir tus sentimientos.,ok,I don't want to hurt your feelings.
flashcard,rank 472,curar,to cure,,La fisioterapia ayudó a curar la lesión sin cirugía.,ok,Physiotherapy helped heal the injury without surgery.
flashcard,rank 473,sanar,to heal,,La herida necesita tiempo y reposo para sanar por completo.,ok,The wound needs time and rest to heal completely.
flashcard,rank 474,diagnosticar,to diagnose,,Solo un especialista puede diagnosticar esa enfermedad con certeza.,ok,Only a specialist can diagnose that illness with certainty.
flashcard,rank 475,recetar,to prescribe,,La médica decidió recetar un antibiótico distinto.,ok,The doctor decided to prescribe a different antibiotic.
flashcard,rank 476,respirar,to breathe,,¿Tienes dificultades para respirar con facilidad cuando caminas?,ok,Do you get short of breath easily when walking?
flashcard,rank 477,toser,to cough,,Empezó a toser mucho durante la reunión.,ok,Someone started coughing a lot during the meeting.
flashcard,rank 478,estornudar,to sneeze,,"He visto estornudar a mi perro, pero nunca a mi gato.",ok,I've seen my dog sneeze but never my cat.
flashcard,rank 479,sangrar,to bleed,,Me rasqué la cabeza tanto que me comenzó a sangrar.,ok,I scratched my head so hard it started bleeding.
flashcard,rank 480,suceder,to happen,,Algo parecido puede suceder otra vez.,ok,Something similar can happen again.
flashcard,rank 481,pertenecer,to belong,,Esos países solían pertenecer a Francia.,ok,Those countries used to belong to France.
flashcard,rank 482,depender,to depend,,No debes depender de la ayuda de los demás.,ok,You mustn't depend on others for help.
flashcard,rank 483,significar,to mean,,Un cambio de color puede significar que la fruta está madura.,ok,A change in colour can mean that the fruit is ripe.
flashcard,rank 484,representar,to represent,,Cada símbolo puede representar una estación distinta del año.,ok,Each symbol can represent a different season of the year.
flashcard,rank 485,establecer,to establish,,El comité acordó establecer un horario fijo para las reuniones.,ok,The committee agreed to establish a fixed schedule for meetings.
flashcard,rank 486,celebrar,to celebrate,,Es solo que no tengo ganas de celebrar mi cumpleaños.,ok,I just don't feel like celebrating my birthday.
flashcard,rank 487,aprovechar,to take advantage of,,Quiero aprovechar el buen tiempo este fin de semana.,ok,I want to take advantage of the good weather this weekend.
flashcard,rank 488,manejar,to handle; to drive,,No tengo ni idea de cómo manejar este problema.,ok,I have no idea how to handle this problem.
flashcard,rank 489,admitir,to admit,,"Cuesta admitir un error, pero hacerlo permite corregirlo.",ok,"It is hard to admit a mistake, but doing so makes it possible to correct it."
flashcard,rank 490,abandonar,to abandon,,El capitán dio la orden de abandonar el barco.,ok,The captain gave the order to abandon the ship.
flashcard,rank 491,aplicar,to apply,,Voy a aplicar los mismos cambios al otro archivo.,ok,I'm going to apply the same changes to the other file.
flashcard,rank 492,causar,to cause,,Ese ruido puede causar problemas en el vecindario.,ok,That noise can cause problems in the neighbourhood.
flashcard,rank 493,conceder,to grant,,"Tras revisar la solicitud, el juez optó por conceder la libertad provisional.",ok,"After reviewing the application, the judge chose to grant bail."
flashcard,rank 494,conservar,to conserve,,Me gusta conservar mi ropa el máximo tiempo posible.,ok,I like to keep my clothes for as long as possible.
flashcard,rank 495,contener,to contain,,Tuve que contener la risa durante la representación.,ok,I had to hold back my laughter during the performance.
flashcard,rank 496,contribuir,to contribute,,Todos queremos contribuir a este proyecto.,ok,We all want to contribute to this project.
flashcard,rank 497,desaparecer,to disappear,,Mi dinero parece desaparecer para el final de mes.,ok,My money seems to disappear by the end of the month.
flashcard,rank 498,exigir,to demand; to require,,Los clientes van a exigir una explicación.,ok,The customers are going to demand an explanation.
flashcard,rank 499,expresar,to express,,No existen palabras para expresar lo increíble que eres.,ok,No words can express how amazing you are.
flashcard,rank 500,indicar,to indicate,,Las flechas azules van a indicar la salida más cercana.,ok,The blue arrows will indicate the nearest exit.
